0.0000500000000000001,2.475537237764848e-14,2.4755372386663634e-14,2.4755372340210083e-14,-1.2377686212051016e-14,-1.2377686165597467e-14,-1.2377686174612618e-14
0.00005040191524304593,2.5973565989371106e-14,2.597356599882989e-14,2.59735659500904e-14,-1.2986783019055298e-14,-1.298678297031581e-14,-1.298678297977459e-14
0.00005080706120334362,2.7251705912459433e-14,2.7251705922383675e-14,2.7251705871245755e-14,-1.3625852981798675e-14,-1.3625852930660758e-14,-1.3625852940584999e-14
0.00005121546385038335,2.859274204941722e-14,2.859274205982983e-14,2.8592742006175455e-14,-1.4296371051535797e-14,-1.4296370997881426e-14,-1.4296371008294033e-14
0.000051627149362405994,2.9999769464293535e-14,2.999976947521854e-14,2.9999769418923885e-14,-1.4999884760294095e-14,-1.499988470399944e-14,-1.4999884714924445e-14
0.000052042144128081093,3.1476035525898846e-14,3.147603553736147e-14,3.14760354782966e-14,-1.5738017792481857e-14,-1.5738017733416992e-14,-1.5738017744879608e-14
0.00005246047474819838,3.302494740252788e-14,3.3024947414554566e-14,3.302494735258317e-14,-1.651247373224964e-14,-1.6512473670278242e-14,-1.6512473682304925e-14
0.000052882168037372814,3.465007992548608e-14,3.4650079938104586e-14,3.4650079873083634e-14,-1.732503999525352e-14,-1.7325039930232564e-14,-1.732503994285107e-14
0.000053307251025763445,3.6355183839568246e-14,3.6355183852807704e-14,3.635518378458713e-14,-1.8177591953894415e-14,-1.8177591885673834e-14,-1.817759189891329e-14
0.00005373575096080594,3.81441944595298e-14,3.8144194473420765e-14,3.814419440184311e-14,-1.9072097265553728e-14,-1.9072097193976074e-14,-1.9072097207867034e-14
0.000054167695308959204,4.0021240752529715e-14,4.002124076710424e-14,4.002124069200432e-14,-2.001062041381482e-14,-2.0010620338714895e-14,-2.0010620353289422e-14
0.00005460311175746586,4.199065486750525e-14,4.199065488279698e-14,4.199065480400146e-14,-2.0995327473150388e-14,-2.0995327394354865e-14,-2.0995327409646593e-14
0.00005504202821612708,4.4056982133472316e-14,4.4056982149516535e-14,4.405698206684356e-14,-2.2028491108072646e-14,-2.2028491025399667e-14,-2.202849104144389e-14
0.00005548447281909149,4.622499154982515e-14,4.622499156665889e-14,4.622499147991765e-14,-2.3112495818283193e-14,-2.3112495731541954e-14,-2.31124957483757e-14
0.00005593047392665859,4.849968679284657e-14,4.8499686810508695e-14,4.8499686719499e-14,-2.424984344192813e-14,-2.4249843350918438e-14,-2.424984336858056e-14
0.00005638006012709663,5.0886317763829925e-14,5.088631778236119e-14,5.088631768687299e-14,-2.544315892965906e-14,-2.5443158834170863e-14,-2.5443158852702127e-14
0.000056833260238475046,5.3390392705464284e-14,5.339039272490746e-14,5.339039262472038e-14,-2.6695196402825683e-14,-2.66951963026386e-14,-2.6695196322081778e-14
0.000057290103310511725,5.601769091444652e-14,5.601769093484648e-14,5.6017690829729287e-14,-2.8008845509781858e-14,-2.8008845404664662e-14,-2.8008845425064624e-14
0.00005775061862643503,5.877427607965831e-14,5.877427610106214e-14,5.877427599077223e-14,-2.938713809497411e-14,-2.93871379846842e-14,-2.9387138006088024e-14
0.00005821483570486085,6.166651027669176e-14,6.166651029914885e-14,6.166651018343168e-14,-3.083325519620447e-14,-3.0833255080487296e-14,-3.0833255102944386e-14
0.000058682784301684706,6.470106865102053e-14,6.470106867458272e-14,6.470106855317122e-14,-3.2350534386216013e-14,-3.2350534264804514e-14,-3.2350534288366704e-14
0.00005915449441198906,6.788495482370315e-14,6.788495484842483e-14,6.788495472103879e-14,-3.3942477475544596e-14,-3.3942477348158555e-14,-3.3942477372880225e-14
0.00005962999627196602,7.122551705517343e-14,7.122551708111163e-14,7.122551694745705e-14,-3.561275859441401e-14,-3.5612758460759425e-14,-3.5612758486697626e-14
0.000060109320360855414,7.473046520442049e-14,7.47304652316351e-14,7.473046509140351e-14,-3.736523267232604e-14,-3.736523253209445e-14,-3.7365232559309055e-14
0.00006059249740289848,7.840788852269877e-14,7.840788855125259e-14,7.840788840412035e-14,-3.9203944334915513e-14,-3.920394418778326e-14,-3.920394421633708e-14
0.00006107955836930728,8.226627432283298e-14,8.22662743527919e-14,8.226627419841942e-14,-4.1133137238602726e-14,-4.113313708423025e-14,-4.1133137114189175e-14
0.00006157053448024993,8.63145275672034e-14,8.631452759863658e-14,8.631452743666759e-14,-4.315726386458619e-14,-4.31572637026172e-14,-4.3157263734050385e-14
0.00006206545720685176,9.056199141961864e-14,9.056199145259863e-14,9.056199128265931e-14,-4.528099579477898e-14,-4.528099562483966e-14,-4.5280995657819643e-14
0.00006256435827321262,9.501846880850544e-14,9.501846884310835e-14,9.501846866480649e-14,-4.750923449340365e-14,-4.7509234315101795e-14,-4.750923434970469e-14
0.00006306726965844032,9.969424505118038e-14,9.969424508748605e-14,9.969424490041015e-14,-4.984712261912814e-14,-4.9847122432052237e-14,-4.984712246835792e-14
0.00006357422359870051,1.0460011159141655e-13,1.046001116295088e-13,1.0460011143322709e-13,-5.2300055893849127e-14,-5.230005569756741e-14,-5.2300055735659676e-14
0.00006408525258928294,1.097473909050882e-13,1.0974739094505495e-13,1.0974739073911443e-13,-5.487369555551436e-14,-5.487369534957384e-14,-5.487369538954059e-14
0.00006460038938668445,1.1514796263137071e-13,1.151479626733042e-13,1.1514796245722956e-13,-5.757398142372267e-14,-5.757398120764803e-14,-5.757398124958151e-14
0.00006511966701070855,1.2081429098980207e-13,1.2081429103379908e-13,1.2081429080709163e-13,-6.040714560825476e-14,-6.040714538154731e-14,-6.040714542554431e-14
0.000065643118746582,1.2675945354648136e-13,1.267594535926434e-13,1.2675945335477993e-13,-6.33797268921724e-14,-6.337972665430894e-14,-6.3379726700471e-14
0.00006617077814708839,1.329971713957895e-13,1.3299717144422313e-13,1.3299717119465467e-13,-6.649858582267897e-14,-6.64985855731105e-14,-6.649858562154415e-14
0.00006670267903471877,1.395418408272884e-13,1.3954184087810543e-13,1.3954184061625597e-13,-6.977092054456892e-14,-6.977092028271947e-14,-6.97709203335365e-14
0.00006723885550383972,1.464085665508787e-13,1.464085666041964e-13,1.4640856632946163e-13,-7.320428341280673e-14,-7.320428313807196e-14,-7.320428319138966e-14
0.00006777934192287871,1.5361319655689326e-13,1.5361319661283468e-13,1.536131963245805e-13,-7.680659842257371e-14,-7.680659813431956e-14,-7.680659819026097e-14
0.00006832417293652712,1.6117235869157966e-13,1.6117235875027392e-13,1.611723584478351e-13,-8.058617949700924e-14,-8.058617919457042e-14,-8.058617925326468e-14
0.00006887338346796092,1.6910349903237774e-13,1.691034990939603e-13,1.691034987766388e-13,-8.455174967484961e-14,-8.455174935752812e-14,-8.455174941911068e-14
0.00006942700872107921,1.7742492215155745e-13,1.7742492221617043e-13,1.7742492188323392e-13,-8.871246124224698e-14,-8.871246090931047e-14,-8.871246097392344e-14
0.00006998508418276077,1.8615583336113633e-13,1.8615583342892887e-13,1.8615583307960894e-13,-9.307791685522813e-14,-9.30779165059082e-14,-9.307791657370072e-14
0.00007054764562513872,1.9531638303657035e-13,1.953163831076989e-13,1.9531638274118935e-13,-9.765819170153995e-14,-9.76581913350304e-14,-9.765819140615895e-14
0.00007111472910789351,2.049277131215079e-13,2.049277131961366e-13,2.0492771281159156e-13,-1.0246385675302648e-13,-1.0246385636848143e-13,-1.0246385644311014e-13
0.00007168637098056427,2.150120059209302e-13,2.1501200599923132e-13,2.1501200559576328e-13,-1.0750600316219911e-13,-1.0750600275873108e-13,-1.0750600283703221e-13
0.00007226260788487881,2.2559253529528395e-13,2.2559253537743822e-13,2.2559253495411597e-13,-1.1279626785930309e-13,-1.1279626743598085e-13,-1.1279626751813512e-13
0.00007284347675710235,2.366937203737501e-13,2.3669372045994707e-13,2.366937200157937e-13,-1.1834686040895173e-13,-1.1834685996479833e-13,-1.1834686005099536e-13
0.00007342901483040504,2.483411819106069e-13,2.483411820010456e-13,2.4834118153503597e-13,-1.2417059118830826e-13,-1.2417059072229864e-13,-1.2417059081273734e-13
0.0000740192596372486,2.605618014147483e-13,2.6056180150963737e-13,2.6056180102069597e-13,-1.3028090095184483e-13,-1.3028090046290344e-13,-1.3028090055779256e-13
0.00007461424901179216,2.7338378318881387e-13,2.7338378328837236e-13,2.733837827753708e-13,-1.3669189185090772e-13,-1.3669189133790615e-13,-1.3669189143746466e-13
0.0000752140210923173,2.8683671942110035e-13,2.86836719525558e-13,2.868367189873123e-13,-1.4341835997967304e-13,-1.434183594414273e-13,-1.43418359545885e-13
0.00007581861432367277,3.00951658480478e-13,3.0095165859007597e-13,3.009516580253439e-13,-1.5047582952260505e-13,-1.5047582895787295e-13,-1.5047582906747093e-13
0.00007642806745973872,3.15761176571914e-13,3.157611766869052e-13,3.1576117609438336e-13,-1.5788058858221792e-13,-1.578805879896961e-13,-1.5788058810468727e-13
0.0000770424195659108,3.3129945291797266e-13,3.3129945303862243e-13,3.3129945241694334e-13,-1.6564972676982585e-13,-1.6564972614814678e-13,-1.6564972626879658e-13
0.00007766171002160424,3.476023486397904e-13,3.4760234876637724e-13,3.4760234811410615e-13,-1.7380117464603074e-13,-1.7380117399375965e-13,-1.738011741203465e-13
0.00007828597852277801,3.6470748951956256e-13,3.647074896523786e-13,3.6470748896801015e-13,-1.823537451019655e-13,-1.8235374441759705e-13,-1.823537445504131e-13
0.00007891526508447928,3.826543528355416e-13,3.826543529748934e-13,3.8265435225684813e-13,-1.9132717677679346e-13,-1.9132717605874813e-13,-1.9132717619809997e-13
0.00007954961004340837,4.0148435846993614e-13,4.0148435861614536e-13,4.0148435786276603e-13,-2.0074217961165773e-13,-2.0074217885827838e-13,-2.0074217900448763e-13
0.00008018905406050434,4.212409644999686e-13,4.212409646533726e-13,4.212409638629205e-13,-2.1062048264521034e-13,-2.1062048185475825e-13,-2.1062048200816227e-13
0.00008083363812355121,4.4196976749268466e-13,4.419697676536376e-13,4.4196976682428845e-13,-2.2098488416101692e-13,-2.2098488333166776e-13,-2.2098488349262068e-13
0.00008148340354980533,4.637186077349765e-13,4.637186079038498e-13,4.637186070336895e-13,-2.318593043025684e-13,-2.318593034324081e-13,-2.3185930360128133e-13
0.00008213839198864377,4.865376796416583e-13,4.865376798188417e-13,4.865376789058621e-13,-2.4326884027731895e-13,-2.4326883936433936e-13,-2.4326883954152266e-13
0.00008279864542423396,5.104796475963837e-13,5.104796477822861e-13,5.104796468243801e-13,-2.5523982427714485e-13,-2.5523982331923885e-13,-2.5523982350514123e-13
0.00008346420617822491,5.355997674927416e-13,5.355997676877921e-13,5.355997666827489e-13,-2.677998842488924e-13,-2.677998832438492e-13,-2.6779988343889965e-13
0.00008413511691245988,5.619560142560016e-13,5.619560144606503e-13,5.619560134061504e-13,-2.8097800765525076e-13,-2.8097800660075087e-13,-2.8097800680539957e-13
0.0000848114206317111,5.896092156398108e-13,5.8960921585453e-13,5.896092147481398e-13,-2.9480460837310056e-13,-2.9480460726671024e-13,-2.948046074814295e-13
0.00008549316068643625,6.186231926065831e-13,6.186231928318686e-13,6.186231916710345e-13,-3.093115968837086e-13,-3.093115957228745e-13,-3.093115959481599e-13
0.00008618038077555715,6.490649066155579e-13,6.490649068519293e-13,6.490649056339723e-13,-3.245324539167574e-13,-3.245324526988004e-13,-3.2453245293517183e-13
0.00008687312494926097,6.810046141584166e-13,6.810046144064196e-13,6.810046131285289e-13,-3.405023077181537e-13,-3.4050230644026293e-13,-3.4050230668826596e-13
0.00008757143761182364,7.145160288990755e-13,7.145160291592825e-13,7.145160278185087e-13,-3.5725801511992465e-13,-3.572580137791508e-13,-3.572580140393578e-13
0.00008827536352445623,7.496764917918302e-13,7.496764920648417e-13,7.496764906580905e-13,-3.7483824659929066e-13,-3.748382451925395e-13,-3.74838245465551e-13
0.00008898494780817405,7.865671495704276e-13,7.865671498568737e-13,7.865671483808985e-13,-3.932835755232014e-13,-3.932835740472262e-13,-3.932835743336723e-13
0.00008970023594668892,8.252731420199613e-13,8.252731423205032e-13,8.252731407718976e-13,-4.1263657178428346e-13,-4.1263657023567786e-13,-4.1263657053621973e-13
0.00009042127378932457,8.658837984637562e-13,8.658837987790874e-13,8.658837971542774e-13,-4.3294190004428305e-13,-4.329418984194731e-13,-4.329418987348043e-13
0.00009114810755395557,9.084928439186635e-13,9.084928442495118e-13,9.084928425447476e-13,-4.5424642281171385e-13,-4.542464211069496e-13,-4.5424642143779795e-13
0.00009188078382996989,9.531986153945148e-13,9.531986157416437e-13,9.531986139529908e-13,-4.765993085915838e-13,-4.76599306802931e-13,-4.7659930715006e-13
0.00009261934958125518,1.000104288836868e-12,1.000104289201079e-12,1.0001042873244095e-12,-5.000521453567689e-13,-5.000521434800993e-13,-5.000521438443102e-13
0.00009336385214920913,1.0493181172367607e-12,1.0493181176188939e-12,1.0493181156498766e-12,-5.246590596028889e-13,-5.246590576338717e-13,-5.24659058016005e-13
0.00009411433925577403,1.1009536804569414e-12,1.100953680857879e-12,1.1009536787919698e-12,-5.504768412614253e-13,-5.504768391955161e-13,-5.504768395964537e-13
0.00009487085900649567,1.1551301473510874e-12,1.1551301477717548e-12,1.1551301456041858e-12,-5.775650747593282e-13,-5.775650725917591e-13,-5.775650730124266e-13
0.00009563345989360693,1.2119725507808918e-12,1.2119725512222597e-12,1.2119725489480284e-12,-6.059862765275616e-13,-6.059862742533302e-13,-6.059862746946982e-13
0.000096402190799136,1.271612076165648e-12,1.2716120766287352e-12,1.271612074242593e-12,-6.358060392758951e-13,-6.358060368897529e-13,-6.3580603735284e-13
0.0000971771009980397,1.3341863642302055e-12,1.3341863647160806e-12,1.3341863622125205e-12,-6.670931833668828e-13,-6.670931808633227e-13,-6.670931813491978e-13
0.00009795824016136204,1.3998398286499271e-12,1.3998398291597117e-12,1.3998398265329558e-12,-6.999199156383414e-13,-6.999199130115856e-13,-6.999199135213702e-13
0.00009874565835941797,1.4687239893256344e-12,1.4687239898605048e-12,1.4687239871044912e-12,-7.34361996040824e-13,-7.343619932848104e-13,-7.343619938196808e-13
0.00009953940606500291,1.5409978220576268e-12,1.5409978226188176e-12,1.5409978197271856e-12,-7.704989124746294e-13,-7.704989095829973e-13,-7.704989101441882e-13
0.00010033953415662788,1.6168281254256648e-12,1.6168281260144712e-12,1.6168281229805474e-12,-8.084140642297943e-13,-8.084140611958705e-13,-8.084140617846769e-13
0.00010114609392178121,1.6963899057215899e-12,1.6963899063393706e-12,1.6963899031561532e-12,-8.481949544524036e-13,-8.481949512691862e-13,-8.48194951886967e-13
0.00010195913706021541,1.7798667808227014e-12,1.7798667814708824e-12,1.779866778131025e-12,-8.899333920812793e-13,-8.899333887414219e-13,-8.89933389389603e-13
0.0001027787156872614,1.8674514039380442e-12,1.8674514046181216e-12,1.8674514011139163e-12,-9.33725703721125e-13,-9.337257002169195e-13,-9.337257008969966e-13
0.0001036048823371691,1.95934590820532e-12,1.959345908918863e-12,1.9593459052422226e-12,-9.796729559409803e-13,-9.796729522643398e-13,-9.796729529778828e-13
0.00010443768996647468,2.0557623731643762e-12,2.0557623739130316e-12,2.0557623700554712e-12,-1.0278811885109683e-12,-1.0278811846534077e-12,-1.0278811854020633e-12
0.0001052771919573951,2.1569233141837176e-12,2.1569233149692137e-12,2.1569233109218302e-12,-1.0784616591155505e-12,-1.078461655068167e-12,-1.078461655853663e-12
0.00010612344212124989,2.2630621959693984e-12,2.2630621967935478e-12,2.2630621925470004e-12,-1.1315311001079727e-12,-1.1315310958614255e-12,-1.1315310966855749e-12
0.00010697649470191035,2.3744239713412503e-12,2.374423972205955e-12,2.374423967750444e-12,-1.1872119878983804e-12,-1.1872119834428696e-12,-1.1872119843075743e-12
0.00010783640437927654,2.4912656465196796e-12,2.4912656474269356e-12,2.491265642752178e-12,-1.2456328255972186e-12,-1.2456328209224613e-12,-1.2456328218297168e-12
0.00010870322627278226,2.6138568742274874e-12,2.6138568751793877e-12,2.6138568702745956e-12,-1.3069284395661397e-12,-1.3069284346613474e-12,-1.306928435613248e-12
0.0001095770159449281,2.7424805759752643e-12,2.7424805769740065e-12,2.7424805718278603e-12,-1.3712402905607055e-12,-1.3712402854145588e-12,-1.3712402864133013e-12
0.00011045782940484296,2.8774335949663263e-12,2.8774335960142155e-12,2.877433590614838e-12,-1.4387168001828519e-12,-1.4387167947834744e-12,-1.4387167958313637e-12
0.00011134572311187421,3.019027381127784e-12,3.019027382227238e-12,3.0190273765621694e-12,-1.5095136933964263e-12,-1.5095136877313575e-12,-1.5095136888308118e-12
0.00011224075397920669,3.167588709848421e-12,3.1675887110019782e-12,3.1675887050581435e-12,-1.5837943578961277e-12,-1.5837943519522932e-12,-1.5837943531058503e-12
0.0001131429793775107,3.32346043608189e-12,3.3234604372922124e-12,3.323460431055895e-12,-1.6617302211591035e-12,-1.6617302149227863e-12,-1.6617302161331085e-12
0.00011405245713861955,3.4870022855553284e-12,3.4870022868252085e-12,3.487002280282016e-12,-1.7435011460492602e-12,-1.743501139506068e-12,-1.743501140775948e-12
0.0001149692455592364,3.658591684909036e-12,3.658591686241406e-12,3.6585916793762384e-12,-1.829295845887102e-12,-1.8292958390219343e-12,-1.8292958403543037e-12
0.00011589340340467114,3.838624632682807e-12,3.83862463408074e-12,3.838624626877754e-12,-1.9193123199428968e-12,-1.91931231273991e-12,-1.9193123141378434e-12
0.00011682498991260709,4.027516613158608e-12,4.027516614625332e-12,4.0275166070679036e-12,-2.013758310358018e-12,-2.0137583028005895e-12,-2.0137583042673132e-12
0.00011776406479689815,4.225703555168329e-12,4.225703556707228e-12,4.225703548777916e-12,-2.11285178154882e-12,-2.1128517736195083e-12,-2.1128517751584076e-12
0.00011871068825139637,4.433642838078941e-12,4.4336428396935676e-12,4.433642831374073e-12,-2.2168214231992176e-12,-2.2168214148797233e-12,-2.2168214164943496e-12
0.00011966492095381032,4.651814347276338e-12,4.651814348970417e-12,4.651814340241541e-12,-2.3259071780026068e-12,-2.3259071692737304e-12,-2.3259071709678105e-12
0.00012062682406959455,4.880721581583316e-12,4.880721583360759e-12,4.880721574202356e-12,-2.440360795370859e-12,-2.440360786212457e-12,-2.4403607879898997e-12
0.00012159645925587012,5.120892815166933e-12,5.120892817031842e-12,5.120892807422777e-12,-2.560446412387999e-12,-2.5604464027789343e-12,-2.5604464046438424e-12
0.00012257388866537683,5.372882316616294e-12,5.372882318572971e-12,5.372882308491069e-12,-2.686441163349098e-12,-2.6864411532671957e-12,-2.6864411552238732e-12
0.0001235591749504572,5.637271628003611e-12,5.637271630056573e-12,5.6372716194785666e-12,-2.8186358192908085e-12,-2.818635808712802e-12,-2.8186358107657648e-12
0.00012455238126707233,5.914670906879861e-12,5.914670909033847e-12,5.9146708979353245e-12,-2.9573354589891916e-12,-2.957335447890669e-12,-2.9573354500446546e-12
0.0001255535712788502,6.205720334301514e-12,6.205720336561494e-12,6.205720324916842e-12,-3.102860172973083e-12,-3.102860161328431e-12,-3.1028601635884106e-12
0.00012656280916116641,6.511091592137187e-12,6.5110915945083766e-12,6.511091582290723e-12,-3.25554580217742e-12,-3.255545789959766e-12,-3.2555457923309563e-12
0.0001275801596052579,6.831489413062897e-12,6.831489415550769e-12,6.8314894027319175e-12,-3.415744712940874e-12,-3.4157447001220225e-12,-3.4157447026098946e-12
0.00012860568782236938,7.16765320682224e-12,7.167653209432536e-12,7.167653195982905e-12,-3.5838266101359357e-12,-3.5838265966863037e-12,-3.5838265992966006e-12
0.00012963945954793345,7.520358766503936e-12,7.520358769242682e-12,7.52035875513123e-12,-3.760179390307693e-12,-3.7601793761962416e-12,-3.760179378934987e-12
0.00013068154104578424,7.8904200587736e-12,7.890420061647113e-12,7.890420046841278e-12,-3.945210036789717e-12,-3.945210021983881e-12,-3.945210024857395e-12
0.00013173199911240466,8.2786911021903e-12,8.278691105205215e-12,8.278691089670826e-12,-4.139345558862344e-12,-4.139345543327955e-12,-4.1393455463428705e-12
0.00013279090108120816,8.686067937941996e-12,8.68606794110527e-12,8.686067924806479e-12,-4.3430339771203925e-12,-4.3430339608216015e-12,-4.343033963984877e-12
0.00013385831482685474,9.113490697546636e-12,9.113490700865569e-12,9.113490683764763e-12,-4.556745357323721e-12,-4.556745340222914e-12,-4.556745343541848e-12
0.00013493430876960157,9.561945772289882e-12,9.561945775772134e-12,9.561945757829847e-12,-4.780972895116084e-12,-4.780972877173796e-12,-4.78097288065605e-12
0.0001360189518796887,1.0032468089404816e-11,1.0032468093058424e-11,1.0032468074233251e-11,-5.016234054114994e-12,-5.0162340352898205e-12,-5.0162340389434296e-12
0.00013711231368176,1.0526143500245513e-11,1.0526143504078908e-11,1.0526143484327407e-11,-5.263071759998507e-12,-5.263071740247005e-12,-5.263071744080401e-12
0.00013821446425931963,1.1044111285964378e-11,1.104411128998641e-11,1.1044111269262997e-11,-5.5220556533438945e-12,-5.522055632620482e-12,-5.522055636642513e-12
0.00013932547425922433,1.1587566786474711e-11,1.1587566790694659e-11,1.1587566768951512e-11,-5.793783404108928e-12,-5.793783382365782e-12,-5.793783386585729e-12
0.00014044541489621176,1.2157764158763772e-11,1.2157764163191374e-11,1.2157764140378318e-11,-6.078882090788413e-12,-6.078882067975356e-12,-6.07888207240296e-12
0.00014157435795746545,1.2756019270920686e-11,1.2756019275566163e-11,1.2756019251630548e-11,-6.37800964742815e-12,-6.378009623492534e-12,-6.378009628138013e-12
0.0001427123758072161,1.3383712738555998e-11,1.338371274343007e-11,1.3383712718316662e-11,-6.6918563818347014e-12,-6.691856356721294e-12,-6.6918563615953666e-12
0.00014385954139138022,1.4042293110618682e-11,1.40422931157326e-11,1.4042293089383444e-11,-7.0211465684839185e-12,-7.021146542134762e-12,-7.02114654724868e-12
0.0001450159282422358,1.4733280211960686e-11,1.473328021732625e-11,1.4733280189680538e-11,-7.366640119803197e-12,-7.366640092157486e-12,-7.36664009752305e-12
0.00014618161048313573,1.5458268650360862e-11,1.5458268655990453e-11,1.5458268626984392e-11,-7.72913433968346e-12,-7.729134310677399e-12,-7.729134316306992e-12
0.00014735666283325895,1.62189314960996e-11,1.6218931502006214e-11,1.6218931471572863e-11,-8.109465763266473e-12,-8.109465732833123e-12,-8.109465738739737e-12
0.00014854116061239998,1.701702414257326e-11,1.7017024148770528e-11,1.701702411683966e-11,-8.508512087252063e-12,-8.508512055321195e-12,-8.508512061518461e-12
0.0001497351797457967,1.7854388356855356e-11,1.7854388363357578e-11,1.7854388329855506e-11,-8.927194195178714e-12,-8.92719416167664e-12,-8.927194168178862e-12
0.00015093879676899774,1.8732956529550042e-11,1.8732956536372227e-11,1.8732956501221636e-11,-9.366478282350315e-12,-9.366478247199724e-12,-9.366478254021907e-12
0.0001521520888327669,1.9654756133740836e-11,1.9654756140898728e-11,1.9654756104018502e-11,-9.827378085310528e-12,-9.827378048430305e-12,-9.827378055588195e-12
0.00015337513370802978,2.0621914403324926e-11,2.0621914410835038e-11,2.0621914372140075e-11,-1.0310957221009941e-11,-1.0310957182314978e-11,-1.0310957189825093e-11
0.00015460800979085894,2.1636663241523658e-11,2.163666324940333e-11,2.1636663208804328e-11,-1.0818331641061324e-11,-1.0818331600462327e-11,-1.0818331608341998e-11
0.00015585079610749746,2.2701344370892762e-11,2.2701344379160177e-11,2.2701344336563455e-11,-1.1350672206744739e-11,-1.1350672164148018e-11,-1.1350672172415432e-11
0.00015710357231942594,2.3818414736717198e-11,2.3818414745391433e-11,2.3818414700698694e-11,-1.1909207390704967e-11,-1.1909207346012226e-11,-1.1909207354686462e-11
0.00015836641872846857,2.4990452176252822e-11,2.4990452185353897e-11,2.4990452138462e-11,-1.2495226111572356e-11,-1.249522606468046e-11,-1.2495226073781536e-11
0.0001596394162819396,2.6220161366894265e-11,2.6220161376443183e-11,2.622016132724392e-11,-1.311008070804676e-11,-1.3110080658847497e-11,-1.3110080668396418e-11
0.00016092264657783262,2.7510380066993303e-11,2.7510380077012105e-11,2.7510380025391944e-11,-1.3755190059306727e-11,-1.3755190007686568e-11,-1.3755190017705368e-11
0.0001622161918700508,2.8864085663723187e-11,2.8864085674234992e-11,2.886408562007481e-11,-1.4432042858941677e-11,-1.44320428047815e-11,-1.4432042815293305e-11
0.00016352013507367922,3.028440204309507e-11,3.028440205412413e-11,3.028440199729896e-11,-1.514220104996012e-11,-1.514220099313494e-11,-1.5142201004164004e-11
0.00016483455977029973,3.177460679797535e-11,3.1774606809547125e-11,3.177460674992582e-11,-1.588730342879832e-11,-1.5887303369177015e-11,-1.5887303380748793e-11
0.00016615955021334839,3.3338138790731955e-11,3.3338138802873157e-11,3.333813874031814e-11,-1.6669069426643483e-11,-1.6669069364088462e-11,-1.6669069376229664e-11
0.0001674951913335161,3.497860608795612e-11,3.497860610069476e-11,3.497860603506168e-11,-1.7489303076794596e-11,-1.7489303011161514e-11,-1.7489303023900153e-11
0.00016884156874419245,3.6699794285563405e-11,3.6699794298928886e-11,3.669979423006629e-11,-1.8349897177212995e-11,-1.8349897108350397e-11,-1.8349897121715874e-11
0.00017019876874695372,3.850567524347995e-11,3.850567525750311e-11,3.850567518525209e-11,-1.925283765786548e-11,-1.9252837585614455e-11,-1.9252837599637615e-11
0.00017156687833709439,4.040041625006198e-11,4.040041626477519e-11,4.0400416188969015e-11,-2.020020816293407e-11,-2.0200208087127896e-11,-2.0200208101841103e-11
0.00017294598520920375,4.2388389637390873e-11,4.238838965282808e-11,4.2388389573291834e-11,-2.119419485846355e-11,-2.11941947789273e-11,-2.119419479436451e-11
0.00017433617776278695,4.447418286962304e-11,4.447418288581988e-11,4.4474182802370015e-11,-2.223709147653644e-11,-2.223709139308658e-11,-2.2237091409283413e-11
0.00017573754510793118,4.666260912766681e-11,4.6662609144660645e-11,4.6662609057104605e-11,-2.3331304607611408e-11,-2.333130452005537e-11,-2.333130453704921e-11
0.00017715017707101784,4.895871841460314e-11,4.89587184324332e-11,4.895871834056895e-11,-2.447935925323368e-11,-2.447935916136943e-11,-2.447935917919949e-11
0.00017857416420048006,5.136780920746643e-11,5.1367809226173864e-11,5.1367809129789415e-11,-2.5683904651925427e-11,-2.5683904555540975e-11,-2.5683904574248408e-11
0.0001800095977726069,5.3895440682263836e-11,5.389544070189181e-11,5.3895440600764755e-11,-2.694772039169543e-11,-2.6947720290568374e-11,-2.694772031019635e-11
0.00018145656979739411,5.654744554043232e-11,5.654744556102614e-11,5.654744545492312e-11,-2.8273722823267654e-11,-2.8273722717164634e-11,-2.827372273775845e-11
0.0001829151730244418,5.932994346631954e-11,5.932994348792673e-11,5.932994337660292e-11,-2.966497178882166e-11,-2.9664971677497845e-11,-2.966497169910503e-11
0.00018438550094889957,6.224935524673101e-11,6.22493552694014e-11,6.224935515259992e-11,-3.1124677681766226e-11,-3.1124677564964737e-11,-3.1124677587635146e-11
0.00018586764781745968,6.531241758511234e-11,6.53124176088983e-11,6.531241748634961e-11,-3.265620885383049e-11,-3.2656208731281805e-11,-3.265620875506776e-11
0.00018736170863439792,6.852619864453617e-11,6.852619866949257e-11,6.852619854091391e-11,-3.426309938655739e-11,-3.426309925797873e-11,-3.4263099282935124e-11
0.00018886777916766347,7.189811435534672e-11,7.189811438153115e-11,7.189811424662583e-11,-3.5949057245126e-11,-3.594905711022067e-11,-3.59490571364051e-11
0.00019038595595501743,7.543594552507517e-11,7.543594555254806e-11,7.543594541100475e-11,-3.77179728333092e-11,-3.77179726917659e-11,-3.7717972719238796e-11
0.00019191633631022092,7.914785579009218e-11,7.914785581891694e-11,7.914785567040907e-11,-3.9573927969299984e-11,-3.9573927820792126e-11,-3.9573927849616876e-11
0.00019345901832927272,8.304241045040234e-11,8.304241048064547e-11,8.304241032483036e-11,-4.1521205303108684e-11,-4.1521205147293577e-11,-4.152120517753671e-11
0.00019501410089669708,8.712859623102346e-11,8.712859626275475e-11,8.712859609927287e-11,-4.356429819725263e-11,-4.356429803377074e-11,-4.3564298065502044e-11
0.0001965816836918823,9.141584201553051e-11,9.141584204882322e-11,9.141584187729732e-11,-4.570792109352816e-11,-4.5707920922002256e-11,-4.5707920955294964e-11
0.00019816186719546995,9.591404059958412e-11,9.591404063451506e-11,9.591404045454937e-11,-4.795702038977485e-11,-4.795702020980917e-11,-4.79570202447401e-11
0.00019975475269579562,1.0063357151461724e-10,1.0063357155126703e-10,1.0063357136244628e-10,-5.031678585171894e-11,-5.031678566289819e-11,-5.031678569954798e-11
0.00020136044229538146,1.0558532497432057e-10,1.0558532501277377e-10,1.0558532481466229e-10,-5.2792662586215964e-11,-5.279266238810448e-11,-5.279266242655768e-11
0.00020297903891748075,1.1078072699915606e-10,1.1078072703950141e-10,1.1078072683164207e-10,-5.539036360350763e-11,-5.539036339564829e-11,-5.539036343599365e-11
0.00020461064631267534,1.1623176577684508e-10,1.1623176581917569e-10,1.1623176560108889e-10,-5.811588299746587e-11,-5.811588277937906e-11,-5.8115882821709675e-11
0.00020625536906552583,1.2195101931962618e-10,1.2195101936403976e-10,1.2195101913522227e-10,-6.097550977422177e-11,-6.097550954540427e-11,-6.097550958981783e-11
0.00020791331260127543,1.2795168448206943e-10,1.2795168452866845e-10,1.279516842885923e-10,-6.397584236107271e-11,-6.397584212099655e-11,-6.397584216759557e-11
0.00020958458319260756,1.3424760740636902e-10,1.34247607455261e-10,1.3424760720337225e-10,-6.712380382912878e-11,-6.712380357724003e-11,-6.712380362613201e-11
0.0002112692879664579,1.4085331546532967e-10,1.4085331551662746e-10,1.408533152523449e-10,-7.042665786480601e-11,-7.042665760052346e-11,-7.042665765182124e-11
0.00021296753491088107,1.477840507767132e-10,1.4778405083053517e-10,1.4778405055324906e-10,-7.389202552699955e-11,-7.389202524971341e-11,-7.389202530353539e-11
0.00021467943288197268,1.5505580536623627e-10,1.5505580542270665e-10,1.5505580513177712e-10,-7.752790282858277e-11,-7.752790253765324e-11,-7.75279025941236e-11
0.00021640509161084667,1.6268535806030933e-10,1.626853581195584e-10,1.6268535781431422e-10,-8.134267918277661e-11,-8.134267887753244e-11,-8.134267893678151e-11
0.00021814462171066928,1.7069031319359878e-10,1.7069031325576326e-10,1.7069031293550015e-10,-8.534515675693079e-11,-8.534515643666767e-11,-8.534515649883216e-11
0.000219898134683749,1.7908914122067228e-10,1.7908914128589566e-10,1.7908914094987465e-10,-8.954457077834648e-11,-8.954457044232546e-11,-8.954457050754884e-11
0.00022166574292868386,1.8790122132538317e-10,1.8790122139381595e-10,1.8790122104126175e-10,-9.395061083896849e-11,-9.395061048641429e-11,-9.395061055484707e-11
0.00022344755974756624,1.9714688612625166e-10,1.9714688619805174e-10,1.971468858281509e-10,-9.857344324807602e-11,-9.85734428781752e-11,-9.857344294997529e-11
0.00022524369935324507,2.0684746858093166e-10,2.0684746865626476e-10,2.0684746826816384e-10,-1.0342373448451606e-10,-1.0342373409641514e-10,-1.0342373417174823e-10
0.00022705427687664712,2.170253511979283e-10,2.1702535127696826e-10,2.170253508697718e-10,-1.0851267580256214e-10,-1.0851267539536566e-10,-1.0851267547440562e-10
0.0002288794083741566,2.2770401766903964e-10,2.2770401775196884e-10,2.2770401732473732e-10,-1.138520090481353e-10,-1.1385200862090377e-10,-1.1385200870383296e-10
0.00023071921083505433,2.3890810704158633e-10,2.389081071285961e-10,2.3890810668034384e-10,-1.19454053744919e-10,-1.194540532966667e-10,-1.194540533836765e-10
0.0002325738021890166,2.506634705553405e-10,2.506634706466317e-10,2.506634701763244e-10,-1.2533173551282354e-10,-1.2533173504251628e-10,-1.2533173513380747e-10
0.00023444330131367446,2.6299723127521357e-10,2.6299723137099685e-10,2.6299723087754944e-10,-1.314986158843301e-10,-1.3149861539088272e-10,-1.3149861548666597e-10
0.00023632782804223354,2.7593784665720026e-10,2.759378467576966e-10,2.7593784623997067e-10,-1.3796892358746268e-10,-1.3796892306973672e-10,-1.379689231702331e-10
0.0002382275031711553,2.895151741918443e-10,2.895151742972857e-10,2.8951517375408667e-10,-1.4475758736752121e-10,-1.447575868243222e-10,-1.4475758692976356e-10
0.00024014244846790007,3.0376054027658166e-10,3.0376054038721133e-10,3.03760539817286e-10,-1.51880270423253e-10,-1.5188026985332768e-10,-1.5188026996395735e-10
0.00024207278667873203,3.187068124757567e-10,3.187068125918299e-10,3.187068119938634e-10,-1.5935340653686104e-10,-1.5935340593889453e-10,-1.5935340605496777e-10
0.00024401864153658734,3.3438847533492295e-10,3.3438847545670766e-10,3.3438847482932033e-10,-1.6719423798115455e-10,-1.6719423735376719e-10,-1.671942374755519e-10
0.00024598013776900516,3.5084170992422226e-10,3.5084171005199943e-10,3.5084170939374384e-10,-1.7542085529123828e-10,-1.7542085463298266e-10,-1.7542085476075983e-10
0.00024795740110612275,3.68104477294241e-10,3.681044774283055e-10,3.6810447673766295e-10,-1.8405223899244105e-10,-1.840522383017985e-10,-1.8405223843586298e-10
0.00024995055828873434,3.8621660603674693e-10,3.8621660617740817e-10,3.8621660545278524e-10,-1.931083033806841e-10,-1.931083026560612e-10,-1.9310830279672243e-10
0.00025195973707641553,4.052198841521891e-10,4.0521988429977163e-10,4.052198835394966e-10,-2.0260994245623117e-10,-2.0260994169595616e-10,-2.0260994184353865e-10
0.00025398506625571215,4.251581554357439e-10,4.2515815559058825e-10,4.2515815479290707e-10,-2.1257907811671157e-10,-2.125790773190304e-10,-2.1257907747387472e-10
0.0002560266756483957,4.460774206041314e-10,4.460774207665949e-10,4.460774199296673e-10,-2.2303871072052842e-10,-2.2303870988360085e-10,-2.2303871004606432e-10
0.00025808469611978454,4.680259433963255e-10,4.680259435667829e-10,4.680259426886782e-10,-2.3401297213721395e-10,-2.3401297125910915e-10,-2.340129714295666e-10
0.00026015925958713243,4.910543618927646e-10,4.910543620716094e-10,4.910543611503015e-10,-2.455271814070349e-10,-2.4552718048572705e-10,-2.455271806645719e-10
0.00026225049902808416,5.1521580530968e-10,5.152158054973249e-10,5.152158045306886e-10,-2.576079031381568e-10,-2.5760790217152034e-10,-2.576079023591653e-10
0.00026435854848919944,5.405660165377873e-10,5.405660167346653e-10,5.405660157204703e-10,-2.7028300877598956e-10,-2.7028300776179463e-10,-2.7028300795867256e-10
0.00026648354309454506,5.671634807078111e-10,5.671634809143764e-10,5.671634798502832e-10,-2.8358174088595046e-10,-2.835817398218572e-10,-2.835817400284225e-10
0.00026862561905435626,5.950695600792141e-10,5.950695602959433e-10,5.95069559179497e-10,-2.975347805978283e-10,-2.9753477948138195e-10,-2.9753477969811123e-10
0.00027078491367376765,6.243486355630575e-10,6.243486357904508e-10,6.243486346190758e-10,-3.1217431836721416e-10,-3.1217431719583914e-10,-3.121743174232325e-10
0.0002729615653616144,6.550682552052193e-10,6.550682554438015e-10,6.550682542147956e-10,-3.2753412821711036e-10,-3.2753412698810433e-10,-3.2753412722668654e-10
0.00027515571363930414,6.872992899722216e-10,6.872992902225431e-10,6.872992889330708e-10,-3.4364964563084435e-10,-3.4364964434137214e-10,-3.436496445916936e-10
0.00027736749914976,7.211160971987487e-10,7.21116097461387e-10,7.21116096108474e-10,-3.6055804927582803e-10,-3.60558047922915e-10,-3.6055804818555337e-10
0.00027959706366643576,7.565966920735957e-10,7.565966923491571e-10,7.565966909296821e-10,-3.7829834674653225e-10,-3.782983453270573e-10,-3.782983456026186e-10
0.00028184455010240374,7.938229275592994e-10,7.938229278484195e-10,7.938229263591081e-10,-3.969114645243019e-10,-3.9691146303499057e-10,-3.9691146332411066e-10
0.00028411010251951476,8.328806831601188e-10,8.328806834634648e-10,8.328806819008815e-10,-4.164403423613473e-10,-4.16440340798764e-10,-4.1644034110211e-10
0.00028639386613763294,8.738600629734645e-10,8.738600632917363e-10,8.738600616522764e-10,-4.3693003230645804e-10,-4.369300306669981e-10,-4.3693003098526996e-10
0.0002886959873439438,9.168556034811929e-10,9.16855603815125e-10,9.168556020950066e-10,-4.5842780260065115e-10,-4.5842780088053263e-10,-4.584278012144648e-10
0.00029101661370233776,9.619664915596846e-10,9.619664919100475e-10,9.619664901053026e-10,-4.809832466822098e-10,-4.809832448774648e-10,-4.809832452278277e-10
0.00029335589396286876,1.0092967932111172e-9,1.0092967935787194e-9,1.0092967916851847e-9,-5.046483975523204e-10,-5.046483956587859e-10,-5.046483960263878e-10
0.00029571397807128907,1.0589556935430659e-9,1.0589556939287552e-9,1.0589556919420632e-9,-5.294778477648729e-10,-5.294778457781807e-10,-5.294778461638702e-10
0.00029809101717866057,1.1110577485494586e-9,1.1110577489541254e-9,1.1110577468696932e-9,-5.555288753169388e-10,-5.555288732325064e-10,-5.555288736371732e-10
0.0003004871636510434,1.1657231492731084e-9,1.1657231496976863e-9,1.1657231475107056e-9,-5.828615757300372e-10,-5.828615735430565e-10,-5.828615739676343e-10
0.0003029025710792626,1.2230779989585534e-9,1.2230779994040218e-9,1.2230779971094478e-9,-6.115390006265555e-10,-6.115389983319815e-10,-6.1153899877745e-10
0.00030533739428875327,1.283254603833853e-9,1.28325460430124e-9,1.2832546018937803e-9,-6.416273031206475e-10,-6.416273007131876e-10,-6.416273011805747e-10
0.0003077917893494842,1.3463917781913758e-9,1.3463917786817597e-9,1.346391776155861e-9,-6.731958903586275e-10,-6.731958878327286e-10,-6.731958883231126e-10
0.0003102659135859624,1.4126351644705712e-9,1.4126351649850835e-9,1.4126351623349195e-9,-7.063175835603569e-10,-7.063175809101927e-10,-7.06317581424705e-10
0.0003127599255873172,1.4821375690802086e-9,1.4821375696200366e-9,1.4821375668394942e-9,-7.410687859303636e-10,-7.410687831498211e-10,-7.410687836896491e-10
0.0003152739852174657,1.5550593147338842e-9,1.5550593153002731e-9,1.5550593123829388e-9,-7.775296588255961e-10,-7.775296559082618e-10,-7.775296564746508e-10
0.0003178082536253598,1.631568610110551e-9,1.631568610704808e-9,1.631568607643953e-9,-8.157843065856886e-10,-8.157843035248336e-10,-8.157843041190905e-10
0.000320362893255316,1.711841937691787e-9,1.7118419383152828e-9,1.7118419351038473e-9,-8.559209704515954e-10,-8.559209672401597e-10,-8.559209678636557e-10
0.00032293806785742757,1.7960644606693044e-9,1.796064461323478e-9,1.7960644579540547e-9,-8.980322320193465e-10,-8.98032228649923e-10,-8.980322293040965e-10
0.00032553394249806096,1.884430449860174e-9,1.8844304505465344e-9,1.884430447011352e-9,-9.422152266976592e-10,-9.422152231624764e-10,-9.422152238488367e-10
0.0003281506835704365,1.9771437316132614e-9,1.9771437323333925e-9,1.9771437286242964e-9,-9.885718676611575e-10,-9.885718639520614e-10,-9.885718646721924e-10
0.0003307884588052939,2.0744181577387066e-9,2.0744181584942695e-9,2.0744181546027057e-9,-1.037209080815112e-9,-1.037209076923548e-9,-1.037209077679111e-9
0.00033344743728164363,2.176478098543006e-9,2.1764780993357443e-9,2.176478095252737e-9,-1.088239051312981e-9,-1.0882390472299736e-9,-1.088239048022712e-9
0.0003361277894376049,2.283558960105407e-9,2.28355896093715e-9,2.283558956653282e-9,-1.1417794821946091e-9,-1.1417794779107415e-9,-1.141779478742484e-9
0.0003388296870813304,2.395907726987171e-9,2.3959077278598375e-9,2.395907723365229e-9,-1.1979538657408589e-9,-1.1979538612462502e-9,-1.1979538621189162e-9
0.0003415533034020191,2.513783531623768e-9,2.513783532539371e-9,2.5137835278236557e-9,-1.2568917681697074e-9,-1.256891763453992e-9,-1.256891764369595e-9
0.00034429881298101773,2.637458251711522e-9,2.637458252672174e-9,2.6374582477244766e-9,-1.318729128329572e-9,-1.3187291233818744e-9,-1.3187291243425264e-9
0.00034706639180301087,2.767217136964604e-9,2.7672171379725215e-9,2.7672171327814305e-9,-1.3836085710778058e-9,-1.383608565886715e-9,-1.3836085668946324e-9
0.00034985621726730187,2.9033594666859738e-9,2.9033594677434824e-9,2.9033594622970267e-9,-1.4516797360661693e-9,-1.451679730619713e-9,-1.4516797316772217e-9
0.00035266846819918357,3.0461992396666425e-9,3.0461992407761816e-9,3.0461992350618e-9,-1.5230996226904618e-9,-1.52309961697608e-9,-1.5230996180856191e-9
0.0003555033248614011,3.1960658980021765e-9,3.196065899166306e-9,3.19606589317082e-9,-1.5980329519987759e-9,-1.5980329460032897e-9,-1.598032947167419e-9
0.00035836096896570656,3.353305086493329e-9,3.353305087714735e-9,3.353305081424318e-9,-1.6766525463918119e-9,-1.676652540101395e-9,-1.676652541322801e-9
0.00036124158368450643,3.518279449379565e-9,3.5182794506610656e-9,3.518279444061211e-9,-1.7591397279896428e-9,-1.7591397213897881e-9,-1.7591397226712884e-9
0.0003641453536626028,3.6913694662402335e-9,3.6913694675847846e-9,3.6913694606602724e-9,-1.845684736582299e-9,-1.8456847296577867e-9,-1.8456847310023375e-9
0.00036707246502902914,3.87297432898818e-9,3.872974330398884e-9,3.872974323133746e-9,-1.9364871681265776e-9,-1.93648716086144e-9,-1.9364871622721435e-9
0.0003700231054089807,4.0635128619751585e-9,4.063512863455269e-9,4.063512855832753e-9,-2.0317564347987486e-9,-2.0317564271762313e-9,-2.031756428656342e-9
0.0003729974639358412,4.2634244873276504e-9,4.263424488880583e-9,4.263424480883109e-9,-2.131712247662464e-9,-2.1317122396649893e-9,-2.131712241217922e-9
0.00037599573126330626,4.473170237735663e-9,4.4731702393649995e-9,4.4731702309741265e-9,-2.2365851230631596e-9,-2.236585114672286e-9,-2.2365851163016228e-9
0.00037901809957760366,4.693233819026316e-9,4.693233820735817e-9,4.693233811932195e-9,-2.3466169139148494e-9,-2.3466169051112277e-9,-2.346616906820728e-9
0.0003820647626098141,4.9241227249686695e-9,4.9241227267622775e-9,4.924122717525607e-9,-2.4620613671025383e-9,-2.462061357865868e-9,-2.4620613596594757e-9
0.0003851359156482856,5.166369406875712e-9,5.166369408757565e-9,5.166369399066548e-9,-2.58318470828322e-9,-2.5831846985922027e-9,-2.583184700474055e-9
0.0003882317555511548,5.42053250069695e-9,5.420532502671389e-9,5.420532492503679e-9,-2.710266255432171e-9,-2.710266245264461e-9,-2.7102662472388993e-9
0.00039135248075896386,5.687198114425396e-9,5.687198116496975e-9,5.687198105829128e-9,-2.843599062546446e-9,-2.8435990518785984e-9,-2.843599053950178e-9
0.00039449829130738004,5.9669811787828805e-9,5.9669811809563795e-9,5.966981169763797e-9,-2.9834905949875384e-9,-2.983490583794955e-9,-2.9834905859684544e-9
0.0003976693888400195,6.260526864292761e-9,6.260526866573194e-9,6.260526854830068e-9,-3.1302634380177307e-9,-3.1302634262746044e-9,-3.130263428555038e-9
0.00040086597662137,6.568512068001076e-9,6.5685120703937045e-9,6.568512058072961e-9,-3.2842560401606767e-9,-3.284256027839932e-9,-3.28425603023256e-9
0.0004040882595498221,6.89164697326876e-9,6.8916469757791025e-9,6.891646962852332e-9,-3.4458234930975077e-9,-3.445823480170737e-9,-3.445823482681079e-9
0.00040733644417080084,7.230676686223898e-9,7.2306766888577455e-9,7.230676675295144e-9,-3.6153383498929665e-9,-3.6153383363303643e-9,-3.6153383389642116e-9
0.0004106107386900075,7.586382952640924e-9,7.586382955404353e-9,7.586382941174653e-9,-3.793191483435001e-9,-3.793191469205299e-9,-3.793191471968727e-9
0.00041391135298676356,7.959585959196888e-9,7.95958596209627e-9,7.959585947166663e-9,-3.979792987062904e-9,-3.9797929721332944e-9,-3.979792975032678e-9
0.00041723849862746566,8.351146223250522e-9,8.351146226292548e-9,8.351146210628613e-9,-4.1755731194568514e-9,-4.1755731037929135e-9,-4.1755731068349405e-9
0.00042059238887914445,8.761966575491749e-9,8.761966578683437e-9,8.761966562249059e-9,-4.3809832959626465e-9,-4.380983279528268e-9,-4.3809832827199564e-9
0.0004239732387231362,9.19299424002436e-9,9.192994243373071e-9,9.192994226130364e-9,-4.596497128633075e-9,-4.596497111390367e-9,-4.596497114739079e-9
0.00042738126486886345,9.645223016667297e-9,9.645223020180756e-9,9.645223002089969e-9,-4.8226115173785376e-9,-4.8226114992877485e-9,-4.822611502801208e-9
0.0004308166857677236,1.0119695570495026e-8,1.0119695574181337e-8,1.0119695555200763e-8,-5.059847794737244e-9,-5.0598477757566694e-9,-5.05984777944298e-9
0.00043427972162709384,1.0617505833885216e-8,1.0617505837752883e-8,1.0617505817838768e-8,-5.3087529268990545e-9,-5.308752906984938e-9,-5.308752910852604e-9
0.0004377705944244465,1.1139801526598668e-8,1.1139801530656611e-8,1.1139801509763046e-8,-5.569900773745443e-9,-5.569900752851877e-9,-5.56990075690982e-9
0.00044128952792157493,1.168778679968835e-8,1.1687786803945931e-8,1.1687786782024753e-8,-5.8438934108040235e-9,-5.843893388882844e-9,-5.8438933931404245e-9
0.00044483674767893856,1.2262725009320157e-8,1.2262725013787194e-8,1.226272499078787e-8,-6.131362516158925e-9,-6.1313624931595995e-9,-6.131362497626636e-9
0.0004484124810701205,1.2865941626884348e-8,1.2865941631571147e-8,1.2865941607440662e-8,-6.432970825506519e-9,-6.432970801376032e-9,-6.4329708060628304e-9
0.00045201695729640265,1.3498827292091383e-8,1.3498827297008753e-8,1.3498827271691482e-8,-6.749413658703338e-9,-6.749413633386065e-9,-6.7494136383034354e-9
0.0004556504074014547,1.4162841016072938e-8,1.4162841021232222e-8,1.416284099466981e-8,-7.081420521316587e-9,-7.081420494754173e-9,-7.081420499913456e-9
0.00045931306428614844,1.4859513541856129e-8,1.4859513547269225e-8,1.4859513519400443e-8,-7.429756784861257e-9,-7.429756756992473e-9,-7.42975676240557e-9
0.00046300516272348237,1.559045086993561e-8,1.5590450875615006e-8,1.5590450846375624e-8,-7.79522544958618e-9,-7.795225420346792e-9,-7.795225426026188e-9
0.00046672693937363204,1.6357337957053058e-8,1.6357337963011852e-8,1.635733793233447e-8,-8.178668993863768e-9,-8.178668963186383e-9,-8.178668969145176e-9
0.0004704786327991199,1.716194259668711e-8,1.7161942602939042e-8,1.7161942570752958e-8,-8.580971314435e-9,-8.580971282248911e-9,-8.580971288500844e-9
0.00047426048348010654,1.8006119490175853e-8,1.800611949673535e-8,1.800611946296638e-8,-9.003059761970655e-9,-9.003059728201678e-9,-9.003059734761174e-9
0.00047807273382980537,1.8891814517831447e-8,1.8891814524713632e-8,1.8891814489283948e-8,-9.44590727662863e-9,-9.44590724119894e-9,-9.445907248081125e-9
0.00048191562821002124,1.982106921986553e-8,1.982106922708628e-8,1.9821069189914225e-8,-9.910534628516662e-9,-9.910534591344603e-9,-9.91053459856535e-9
0.00048578941294681355,2.079602549742558e-8,2.0796025505001544e-8,2.079602546600145e-8,-1.039801276821049e-8,-1.0398012729210392e-8,-1.0398012736786355e-8
0.0004896943363462858,2.1818930544548038e-8,2.181893055249669e-8,2.181893051157868e-8,-1.090946529273044e-8,-1.0909465251812426e-8,-1.0909465259761078e-8
0.0004936306487105016,2.2892142022363532e-8,2.2892142030703204e-8,2.2892141987772983e-8,-1.1446071032644033e-8,-1.1446070989713805e-8,-1.1446070998053477e-8
0.0004975986023535286,2.4018133487446087e-8,2.4018133496196013e-8,2.4018133451154646e-8,-1.2009066766240597e-8,-1.2009066721199225e-8,-1.200906672994915e-8
0.0005015984516176124,2.5199500086780885e-8,2.5199500095961246e-8,2.519950004870494e-8,-1.2599750067015149e-8,-1.2599750019758839e-8,-1.2599750028939197e-8
0.0005056304528894785,2.6438964532437318e-8,2.643896454206928e-8,2.6438964492489143e-8,-1.3219482291004934e-8,-1.321948224142479e-8,-1.3219482251056753e-8
0.0005096948646167675,2.773938336967574e-8,2.7739383379781523e-8,2.7739383327763304e-8,-1.3869691710842803e-8,-1.3869691658824579e-8,-1.3869691668930359e-8
0.0005137919473246008,2.910375355288949e-8,2.9103753563492395e-8,2.9103753508916232e-8,-1.455187680372823e-8,-1.4551876749152059e-8,-1.4551876759754962e-8
0.0005179219636322799,3.053521934448979e-8,3.0535219355614265e-8,3.053521929835441e-8,-1.5267609700869762e-8,-1.5267609643609898e-8,-1.5267609654734375e-8
0.0005220851782701209,3.203707955258261e-8,3.203707956425431e-8,3.2037079504178825e-8,-1.6018539806323476e-8,-1.601853974624798e-8,-1.6018539757919686e-8
0.0005262818580964221,3.361279512406202e-8,3.361279513630787e-8,3.361279507327834e-8,-1.6806397593539646e-8,-1.68063975305101e-8,-1.680639754275595e-8
0.0005305122721145709,3.526599711056218e-8,3.526599712341041e-8,3.526599705728161e-8,-1.7632998588338738e-8,-1.763299852220993e-8,-1.7632998535058155e-8
0.0005347766914902854,3.700049502556186e-8,3.700049503904211e-8,3.7000494969661685e-8,-1.850024754746371e-8,-1.850024747808328e-8,-1.8500247491563517e-8
0.0005390753895689967,3.8820285611835616e-8,3.882028562597895e-8,3.882028555318706e-8,-1.941014284230557e-8,-1.941014276951367e-8,-1.9410142783657004e-8
0.0005434086418933698,4.0729562039383803e-8,4.072956205422285e-8,4.0729561977851796e-8,-2.036478105786842e-8,-2.0364780981497356e-8,-2.0364780996336398e-8
0.0005477767262209655,4.2732723554961744e-8,4.273272357053071e-8,4.2732723490404565e-8,-2.1366361817534036e-8,-2.136636173740787e-8,-2.1366361752976837e-8
0.0005521799225420445,4.483438560536372e-8,4.483438562169851e-8,4.483438553763267e-8,-2.241719284470386e-8,-2.241719276063801e-8,-2.24171927769728e-8
0.0005566185130975148,4.703939045770187e-8,4.7039390474840146e-8,4.7039390386640974e-8,-2.3519695272938507e-8,-2.3519695184739312e-8,-2.3519695201877594e-8
0.0005610927823970227,4.935281834106042e-8,4.93528183590417e-8,4.9352818266506026e-8,-2.467640921678482e-8,-2.4676409124249122e-8,-2.4676409142230408e-8
0.00056560301723719,5.1779999135099804e-8,5.177999915396556e-8,5.1779999056880215e-8,-2.588999961607801e-8,-2.588999951899265e-8,-2.5889999537858403e-8
0.0005701495067199968,5.432652463243742e-8,5.432652465223114e-8,5.4326524550372516e-8,-2.7163262367131992e-8,-2.716326226527335e-8,-2.7163262285067066e-8
0.0005747325422713135,5.6998261402948025e-8,5.699826142371535e-8,5.699826131684883e-8,-2.8499130754889627e-8,-2.8499130648023087e-8,-2.849913066879041e-8
0.00057935241765958,5.980136428950354e-8,5.980136431129235e-8,5.980136419917181e-8,-2.990068220079262e-8,-2.9900682088672056e-8,-2.9900682110460854e-8
0.0005840094290146369,6.27422905661195e-8,6.274229058898002e-8,6.274229047134722e-8,-3.137114534185477e-8,-3.1371145224221936e-8,-3.1371145247082456e-8
0.0005887038748467065,6.582781479099123e-8,6.582781481497619e-8,6.582781469156021e-8,-3.291390745718008e-8,-3.291390733376406e-8,-3.291390735774901e-8
0.0005934360560655266,6.906504438849476e-8,6.906504441365944e-8,6.906504428417605e-8,-3.4532522258963167e-8,-3.453252212947975e-8,-3.4532522154644415e-8
0.000598206275999642,7.246143599589803e-8,7.246143602230044e-8,7.246143588645147e-8,-3.6230718065844984e-8,-3.623071792999597e-8,-3.6230717956398375e-8
0.0006030148404158408,7.602481261226771e-8,7.602481263996873e-8,7.602481249744131e-8,-3.801240637736616e-8,-3.8012406234838714e-8,-3.801240626253973e-8
0.0006078620575387604,7.976338158891657e-8,7.976338161798007e-8,7.976338146844602e-8,-3.988169086919075e-8,-3.9881690719656655e-8,-3.988169074872014e-8
0.000612748238070641,8.368575350263196e-8,8.368575353312492e-8,8.368575337623992e-8,-4.184287682972044e-8,-4.184287667283538e-8,-4.1842876703328335e-8
0.0006176736952112424,8.78009619549699e-8,8.780096198696263e-8,8.780096182236541e-8,-4.390048105974168e-8,-4.390048089514441e-8,-4.390048092713713e-8
0.0006226387446779187,9.211848434300512e-8,9.211848437657135e-8,9.211848420388295e-8,-4.605924225780065e-8,-4.6059242085112193e-8,-4.605924211867843e-8
0.0006276437047258583,9.664826364915783e-8,9.664826368437495e-8,9.664826350319776e-8,-4.832413191511675e-8,-4.83241317339395e-8,-4.832413176915663e-8
0.0006326888961684805,1.0140073130003588e-7,1.0140073133698508e-7,1.0140073114690197e-7,-5.0700365745003625e-8,-5.0700365554920445e-8,-5.070036559186965e-8
0.0006377746423979997,1.0638683114669134e-7,1.0638683118545779e-7,1.0638683098603115e-7,-5.3193415672997483e-8,-5.3193415473570776e-8,-5.3193415512337224e-8
0.000642901269406157,1.1161804462124777e-7,1.1161804466192082e-7,1.1161804445269153e-7,-5.580902241517082e-8,-5.580902220594146e-8,-5.580902224661451e-8
0.0006480691058051139,1.1710641712753535e-7,1.1710641717020876e-7,1.1710641695069519e-7,-5.855320867344993e-8,-5.855320845393627e-8,-5.855320849660968e-8
0.0006532784828485165,1.2286458572620575e-7,1.2286458577097787e-7,1.228645855406747e-7,-6.143229297817242e-8,-6.143229274786915e-8,-6.143229279264127e-8
0.00065852973445273,1.2890580817775155e-7,1.289058082247256e-7,1.289058079831027e-7,-6.445290420959691e-8,-6.44529039679739e-8,-6.445290401494795e-8
0.0006638231972182396,1.3524399340994705e-7,1.352439934592313e-7,1.352439932057325e-7,-6.76219968316235e-8,-6.762199657812461e-8,-6.762199662740883e-8
0.0006691592104512289,1.4189373347950635e-7,1.4189373353121438e-7,1.4189373326525623e-7,-7.09468668726228e-8,-7.094686660666455e-8,-7.094686665837255e-8
0.0006745381161853263,1.4887033710113625e-7,1.488703371553872e-7,1.4887033687635758e-7,-7.443516868996244e-8,-7.443516841093272e-8,-7.443516846518366e-8
0.0006799602592035324,1.5618986482077522e-7,1.5618986487769414e-7,1.5618986458495088e-7,-7.80949325566266e-8,-7.809493226388323e-8,-7.809493232080214e-8
0.0006854259870603176,1.6386916591352748e-7,1.6386916597324558e-7,1.6386916566611498e-7,-8.193458311018305e-8,-8.19345828030523e-8,-8.193458286277039e-8
0.0006909356501039032,1.719259170907769e-7,1.7192591715343178e-7,1.7192591683120705e-7,-8.596295870634009e-8,-8.596295838411522e-8,-8.596295844677008e-8
0.000696489601498714,1.803786631050554e-7,1.8037866317079146e-7,1.8037866283273113e-7,-9.018933172138095e-8,-9.018933138332046e-8,-9.01893314490565e-8
0.0007020881972480192,1.8924685934561326e-7,1.8924685941458196e-7,1.8924685905990812e-7,-9.462342984994879e-8,-9.462342949527478e-8,-9.462342956424347e-8
0.0007077317962167508,1.9855091652214626e-7,1.9855091659450657e-7,1.9855091622240317e-7,-9.927545844691045e-8,-9.927545807480685e-8,-9.927545814716714e-8
0.0007134207601545053,2.0831224753891358e-7,2.0831224761483222e-7,2.0831224722444313e-7,-1.0415612396441533e-7,-1.0415612357402603e-7,-1.0415612364994467e-7
0.0007191554537187333,2.185533166664853e-7,2.1855331674613723e-7,2.1855331633656427e-7,-1.0927665853776934e-7,-1.0927665812819616e-7,-1.0927665820784806e-7
0.0007249362444981155,2.2929769112358056e-7,2.292976912071493e-7,2.292976907774502e-7,-1.1464884577635385e-7,-1.1464884534665451e-7,-1.1464884543022324e-7
0.0007307635030361193,2.405700951869495e-7,2.4057009527462763e-7,2.4057009482381393e-7,-1.202850478185668e-7,-1.2028504736775283e-7,-1.2028504745543093e-7
0.0007366376028547551,2.5239646695305384e-7,2.5239646704504336e-7,2.52396466572078e-7,-1.2619823371266306e-7,-1.261982332396974e-7,-1.2619823333168693e-7
0.0007425589204785172,2.648040178812922e-7,2.6480401797780504e-7,2.648040174816001e-7,-1.3240200918836708e-7,-1.3240200869216187e-7,-1.3240200878867468e-7
0.0007485278354585161,2.7782129525488256e-7,2.778212953561411e-7,2.778212948355553e-7,-1.3891064788731427e-7,-1.389106473667281e-7,-1.3891064746798667e-7
0.0007545447303968137,2.914782477021848e-7,2.914782478084224e-7,2.914782472622584e-7,-1.4573912412371216e-7,-1.457391235775478e-7,-1.4573912368378535e-7
0.0007606099909709415,3.0580629392814086e-7,3.058062940396022e-7,3.058062934666039e-7,-1.5290314725006073e-7,-1.5290314667706203e-7,-1.5290314678852333e-7
0.0007667240059586251,3.2083839481291806e-7,3.2083839492985996e-7,3.208383943287096e-7,-1.6041919770647405e-7,-1.604191971053233e-7,-1.6041919722226515e-7
0.0007728871672627038,3.366091290424323e-7,3.366091291651241e-7,3.3660912853443936e-7,-1.6830456483594193e-7,-1.683045642052567e-7,-1.6830456432794853e-7
0.0007790998699362517,3.531547724435036e-7,3.53154772572228e-7,3.531547719105586e-7,-1.7657738655190775e-7,-1.7657738589023787e-7,-1.7657738601896224e-7
0.0007853625122078999,3.7051338120481313e-7,3.7051338133986666e-7,3.705133806456913e-7,-1.852566909487471e-7,-1.8525669025457116e-7,-1.8525669038962466e-7
0.0007916754955073624,3.887248791736814e-7,3.8872487931537516e-7,3.8872487858709777e-7,-1.9436243995015697e-7,-1.9436243922187894e-7,-1.9436243936357265e-7
0.0007980392244911679,4.078311494279497e-7,4.0783114957661e-7,4.078311488125562e-7,-2.039155750950964e-7,-2.0391557433104194e-7,-2.039155744797022e-7
0.0008044541070685974,4.278761303319746e-7,4.278761304879439e-7,4.2787612968635723e-7,-2.1393806556578399e-7,-2.1393806476419663e-7,-2.1393806492016594e-7
0.0008109205544278314,4.489059162959404e-7,4.4890591645957797e-7,4.4890591561861587e-7,-2.244529585673542e-7,-2.2445295772639132e-7,-2.2445295789002885e-7
0.0008174389810623059,4.709688634683781e-7,4.709688636400608e-7,4.709688627577902e-7,-2.3548443217411673e-7,-2.3548443129184525e-7,-2.3548443146352795e-7
0.0008240098047972818,4.94115700603001e-7,4.941157007831243e-7,4.941156998575173e-7,-2.4705785076297464e-7,-2.4705784983736674e-7,-2.4705785001748993e-7
0.0008306334468166268,5.183996453527153e-7,5.18399645541694e-7,5.183996445706232e-7,-2.5919982316042967e-7,-2.59199822189358e-7,-2.5919982237833656e-7
0.000837310331689813,5.438765262559884e-7,5.438765264542576e-7,5.438765254354916e-7,-2.719382636357664e-7,-2.7193826261699927e-7,-2.7193826281526845e-7
0.000844040887399131,5.706049106936905e-7,5.706049109017069e-7,5.706049098329044e-7,-2.8530245587947336e-7,-2.8530245481066967e-7,-2.8530245501868603e-7
0.0008508255453671238,5.986462391080773e-7,5.9864623932632e-7,5.98646238205025e-7,-2.9932312011273426e-7,-2.993231189914381e-7,-2.993231192096806e-7
0.0008576647404842405,6.280649657897858e-7,6.280649660187572e-7,6.280649648423935e-7,-3.1403248348092616e-7,-3.1403248230456114e-7,-3.140324825335324e-7
0.0008645589111367118,6.589287065536232e-7,6.589287067938506e-7,6.589287055597155e-7,-3.2946435389151404e-7,-3.2946435265737745e-7,-3.2946435289760473e-7
0.0008715084992346509,6.913083936395595e-7,6.91308393891596e-7,6.913083925968541e-7,-3.456541974645472e-7,-3.456541961698038e-7,-3.456541964218402e-7
0.000878513950240379,7.25278438191704e-7,7.252784384561299e-7,7.252784370978071e-7,-3.626392197721475e-7,-3.62639218413823e-7,-3.626392186782488e-7
0.0008855757131969794,7.609169006852355e-7,7.609169009626596e-7,7.609168995376358e-7,-3.8045845105197495e-7,-3.804584496269494e-7,-3.804584499043733e-7
0.0008926942407570805,7.983056696892668e-7,7.983056699803278e-7,7.9830566848533e-7,-3.991528355886597e-7,-3.991528340936599e-7,-3.991528343847208e-7
0.0008998699892118705,8.375306493725047e-7,8.375306496778727e-7,8.375306481094673e-7,-4.1876532546663243e-7,-4.18765323898225e-7,-4.187653242035928e-7
0.0009071034185203454,8.786819561783709e-7,8.786819564987489e-7,8.786819548533342e-7,-4.39340978907685e-7,-4.39340977262268e-7,-4.393409775826458e-7
0.0009143949923387916,9.218541251170121e-7,9.218541254531376e-7,9.218541237269352e-7,-4.6092706341697545e-7,-4.6092706169077053e-7,-4.609270620268958e-7
0.0009217451780505064,9.671463261433956e-7,9.671463264960421e-7,9.671463246850886e-7,-4.83573163972076e-7,-4.835731621611197e-7,-4.835731625137661e-7
0.0009291544467957563,1.0146625911134966e-6,1.0146625914834762e-6,1.0146625895836135e-6,-5.073312965010673e-7,-5.073312946012017e-7,-5.073312949711809e-7
0.0009366232735019771,1.0645120518345364e-6,1.0645120522227002e-6,1.064512050229567e-6,-5.322560269076569e-7,-5.322560249145204e-7,-5.322560253026841e-7
0.0009441521369142157,1.1168091897502838e-6,1.1168091901575256e-6,1.1168091880665462e-6,-5.584045959138311e-7,-5.584045938228483e-7,-5.584045942300898e-7
0.0009517415196258182,1.1716740978287708e-6,1.1716740982560276e-6,1.1716740960624028e-6,-5.858370500037121e-7,-5.858370478100836e-7,-5.858370482373401e-7
0.0009593919081093626,1.2292327552473069e-6,1.229232755695562e-6,1.2292327533942571e-6,-6.146163787660658e-7,-6.146163764647568e-7,-6.146163769130117e-7
0.0009671037927478423,1.2896173154986205e-6,1.2896173159689055e-6,1.289617313554639e-6,-6.448086589473731e-7,-6.448086565331022e-7,-6.44808657003387e-7
0.0009748776678660982,1.3529664085722401e-6,1.3529664090656372e-6,1.352966406532869e-6,-6.764832055425198e-7,-6.764832030097469e-7,-6.764832035031437e-7
0.0009827140317625054,1.4194254578970092e-6,1.4194254584146535e-6,1.4194254557575721e-6,-7.097127302660549e-7,-7.097127276089684e-7,-7.097127281266124e-7
0.000990613386740913,1.4891470127639343e-6,1.489147013307017e-6,1.4891470105195263e-6,-7.445735077636148e-7,-7.445735049761185e-7,-7.445735055192009e-7
0.0009985762391428417,1.5622910969834872e-6,1.5622910975532578e-6,1.5622910946289628e-6,-7.811455499405744e-7,-7.811455470162734e-7,-7.811455475860436e-7
0.0010066030993799396,1.639025574568076e-6,1.6390255751658453e-6,1.6390255720980378e-6,-8.195127888032831e-7,-8.195127857354693e-7,-8.195127863332383e-7
0.0010146944819666992,1.719526533268803e-6,1.7195265338959462e-6,1.7195265306775903e-6,-8.597632682274442e-7,-8.597632650090812e-7,-8.597632656362239e-7
0.0010228509055534374,1.8039786868358116e-6,1.8039786874937716e-6,1.8039786841174856e-6,-9.019893450882878e-7,-9.019893417119943e-7,-9.019893423699536e-7
0.0010310728929595406,1.8925757969137257e-6,1.8925757976040157e-6,1.8925757940620574e-6,-9.462879002082915e-7,-9.46287896666325e-7,-9.462878973566143e-7
0.0010393609712069768,1.9855211155278806e-6,1.9855211162520883e-6,1.9855211125363356e-6,-9.927605596002963e-7,-9.92760555884535e-7,-9.927605566087422e-7
0.001047715671554077,2.0830278491633583e-6,2.0830278499231498e-6,2.0830278460250834e-6,-1.041513926507024e-6,-1.041513922608948e-6,-1.0415139233687388e-6
0.0010561375295295888,2.1853196454874726e-6,2.1853196462845946e-6,2.1853196421952787e-6,-1.0926598247623194e-6,-1.092659820672993e-6,-1.0926598214701145e-6
0.001064627084967003,2.2926311038171574e-6,2.292631104653443e-6,2.292631100363504e-6,-1.1463155540248467e-6,-1.1463155497348956e-6,-1.146315550571181e-6
0.0010731848820391568,2.4052083104862034e-6,2.4052083113635767e-6,2.4052083068631805e-6,-1.2026041574617063e-6,-1.202604152961298e-6,-1.2026041538386705e-6
0.0010818114692931146,2.5233094003230997e-6,2.5233094012435776e-6,2.523309396522411e-6,-1.261654702487357e-6,-1.2616546977661773e-6,-1.2616546986866544e-6
0.0010905073996853288,2.6472051455089725e-6,2.647205146474672e-6,2.647205141521916e-6,-1.3236025751925846e-6,-1.3236025702398146e-6,-1.3236025712055127e-6
0.0010992732306170851,2.777179573146512e-6,2.7771795741596527e-6,2.7771795689639598e-6,-1.3885897891289667e-6,-1.3885897839332584e-6,-1.3885897849463977e-6
0.00110810952397023,2.9135306129351614e-6,2.9135306139980726e-6,2.9135306085475392e-6,-1.456765309146467e-6,-1.456765303695917e-6,-1.4567653047588266e-6
0.001117016846143188,3.0565707764154578e-6,3.0565707775305834e-6,3.056570771812723e-6,-1.5282853910156065e-6,-1.5282853852977283e-6,-1.5282853864128525e-6
0.0011259957680872666,3.206627869316019e-6,3.2066278704859212e-6,3.2066278644876383e-6,-1.603313937600956e-6,-1.603313931602653e-6,-1.6033139327725543e-6
0.001135046865343254,3.3640457386109797e-6,3.364045739838349e-6,3.364045733545905e-6,-1.6820228723898561e-6,-1.6820228660973909e-6,-1.6820228673247588e-6
0.0011441707180783111,3.529185055973279e-6,3.529185057260936e-6,3.5291850506599223e-6,-1.7645925312190602e-6,-1.7645925246180232e-6,-1.7645925259056784e-6
0.0011533679111231585,3.7024241393907112e-6,3.702424140741615e-6,3.7024241338169172e-6,-1.85121207308276e-6,-1.8512120661580372e-6,-1.8512120675089391e-6
0.0011626390340095652,3.8841598147970454e-6,3.8841598162143e-6,3.884159808950065e-6,-1.942079910948147e-6,-1.9420799036838847e-6,-1.9420799051011377e-6
0.0011719846810081358,4.0748083196598596e-6,4.0748083211467226e-6,4.074808313526321e-6,-2.0374041635493277e-6,-2.0374041559288975e-6,-2.0374041574157584e-6
0.0011814054511664035,4.274806250560658e-6,4.274806252120545e-6,4.274806244126537e-6,-2.1374031291773847e-6,-2.1374031211833452e-6,-2.13740312274323e-6
0.0011909019483472279,4.4846115569009206e-6,4.484611558537416e-6,4.484611550151506e-6,-2.2423057825334e-6,-2.2423057741474562e-6,-2.2423057757839493e-6
0.0012004747812675025,4.7047045829708056e-6,4.704704584687669e-6,4.704704575890669e-6,-2.3523522957628074e-6,-2.35235228696577e-6,-2.3523522886826313e-6
0.001210124563537173,4.935589160725056e-6,4.935589162526231e-6,4.935589153298014e-6,-2.467794584843345e-6,-2.4677945756150876e-6,-2.4677945774162604e-6
0.0012198519136985685,5.177793755723714e-6,5.177793757613339e-6,5.177793747932794e-6,-2.5888968825554137e-6,-2.5888968728748254e-6,-2.5888968747644474e-6
0.0012296574552660502,5.431872668813768e-6,5.431872670796182e-6,5.431872660641168e-6,-2.7159363393229e-6,-2.7159363291678384e-6,-2.715936331150249e-6
0.0012395418167659778,5.698407296251904e-6,5.69840729833166e-6,5.698407287678953e-6,-2.8492036532745507e-6,-2.849203642621792e-6,-2.8492036447015447e-6
0.0012495056317769974,5.978007451098664e-6,5.978007453280538e-6,5.978007442105778e-6,-2.989003730941056e-6,-2.9890037197662405e-6,-2.989003721948111e-6
0.0012595495389706533,6.2713127488505825e-6,6.271312751139585e-6,6.271312739417224e-6,-3.1356563800711123e-6,-3.135656368348691e-6,-3.13565637063769e-6
0.0012696741821523264,6.5789940604196685e-6,6.578994062821055e-6,6.578994050524295e-6,-3.289497036121168e-6,-3.289497023824343e-6,-3.289497026225725e-6
0.001279880210302502,6.9017550357192015e-6,6.901755038238485e-6,6.90175502533922e-6,-3.4508775240483157e-6,-3.450877511148981e-6,-3.45087751366826e-6
0.0012901682776183677,7.240333701271532e-6,7.240333703914496e-6,7.240333690383248e-6,-3.6201668571141987e-6,-3.6201668435828753e-6,-3.620166846225834e-6
0.0013005390435557478,7.595504135417922e-6,7.595504138190633e-6,7.5955041239964845e-6,-3.797752074489926e-6,-3.797752060295695e-6,-3.7977520630684006e-6
0.001310993172871374,7.968078224882405e-6,7.968078227791228e-6,7.968078212901749e-6,-3.984039119538003e-6,-3.984039104648435e-6,-3.984039107557252e-6
0.0013215313356654947,8.358907506621873e-6,8.358907509673482e-6,8.358907494054663e-6,-4.179453760737373e-6,-4.179453745118457e-6,-4.179453748170061e-6
0.0013321542074248283,8.768885099083604e-6,8.768885102285004e-6,8.768885085901173e-6,-4.384442557312184e-6,-4.3844425409282495e-6,-4.384442544129642e-6
0.001342862469065862,9.19894772718913e-6,9.198947730547665e-6,9.198947713361409e-6,-4.599473871723718e-6,-4.599473854537349e-6,-4.5994738578958755e-6
0.0013536568069784968,9.650077845570568e-6,9.650077849093942e-6,9.650077831066024e-6,-4.825038931288555e-6,-4.825038913260513e-6,-4.8250389167838795e-6
0.001364537913070045,0.000010123305864802723,0.00001012330586849902,0.000010123305849588285,-5.061652941294625e-6,-5.061652922383756e-6,-5.061652926080045e-6
0.001375506484809581,0.000010619712485601668,0.000010619712489479368,0.000010619712469642654,-5.309856252100496e-6,-5.3098562322636375e-6,-5.309856236141328e-6
0.0013865632252726484,0.000011140431146198567,0.000011140431150266561,0.000011140431129458602,-5.5702155828222806e-6,-5.570215562014166e-6,-5.570215566082151e-6
0.0013977088431863258,0.000011686650588347131,0.000011686650592614753,0.00001168665057078807,-5.843325304337369e-6,-5.843325282510519e-6,-5.84332528677813e-6
0.0014089440529746569,0.000012259617547684502,0.000012259617552161534,0.00001225961752926634,-6.129808784464856e-6,-6.12980876156948e-6,-6.1298087660465e-6
0.0014202695748044426,0.000012860639574438755,0.000012860639579135462,0.000012860639555119536,-6.430319798319299e-6,-6.430319774303178e-6,-6.430319778999873e-6
0.0014316861346314054,0.000013491087990763445,0.000013491087995690597,0.000013491087970499173,-6.745544006977988e-6,-6.745543981786352e-6,-6.745543986713491e-6
0.00144319446424672,0.00001415240099127912,0.000014152400996448011,0.000014152400970023653,-7.076200507751689e-6,-7.076200481327101e-6,-7.076200486495977e-6
0.0014547953013239225,0.000014846086893717024,0.000014846086899139499,0.000014846086871421972,-7.423043459506498e-6,-7.423043431788722e-6,-7.423043437211182e-6
0.0014664893894661933,0.000015573727546888703,0.00001557372755257719,0.000015573727523503323,-7.786863786648638e-6,-7.786863757574501e-6,-7.786863763262973e-6
0.0014782774782540222,0.0000163369819035508,0.00001633698190951834,0.00001633698187902188,-8.168490965556854e-6,-8.168490935060103e-6,-8.16849094102762e-6
0.0014901603232932554,0.000017137589766094948,0.000017137589772355206,0.000017137589740366674,-8.568794897427335e-6,-8.56879486543849e-6,-8.568794871698725e-6
0.0015021386862635287,0.000017977375713371026,0.000017977375719938344,0.00001797737568638488,-8.98868787168536e-6,-8.988687838131556e-6,-8.988687844698852e-6
0.0015142133349670918,0.00001885825321734831,0.000018858253224237733,0.00001885825318904292,-9.42912662431585e-6,-9.42912658912067e-6,-9.429126596010067e-6
0.0015263850433780226,0.000019782228958733125,0.00001978222896596043,0.00001978222892904414,-9.89111449567218e-6,-9.89111445875549e-6,-9.891114465982768e-6
0.0015386545916918387,0.00002075140735109622,0.000020751407358677957,0.000020751407319956144,-0.00001037570369253987,-0.000010375703653817625,-0.000010375703661399334
0.001551022766375507,0.000021767995283517566,0.000021767995291471097,0.000021767995250855633,-0.00001088399765945896,-0.00001088399761884303,-0.000010883997626796532
0.0015634903602178558,0.00002283430709223206,0.000022834307100575593,0.000022834307057974057,-0.00001141715356454685,-0.000011417153521944812,-0.000011417153530288312
0.0015760581723803914,0.000023952769772258,0.000023952769781010633,0.000023952769736326108,-0.000011976384905312531,-0.00001197638486062746,-0.000011976384869380059
0.0015887270084485243,0.000025125928440511854,0.000025125928449693616,0.000025125928402824468,-0.000012562964240213939,-0.000012562964193344201,-0.000012562964202525926
0.0016014976804832057,0.000026356452062458752,0.00002635645207209066,0.0000263564520229303,-0.000013178226051983193,-0.000013178226002822197,-0.000013178226012454062
0.0016143710070729807,0.000027647139454920137,0.000027647139465024224,0.000027647139413460893,-0.000013823569749030393,-0.00001382356969746637,-0.000013823569707570414
0.0016273478133864586,0.000029000925578257942,0.000029000925588857326,0.000029000925534773815,-0.000014500462811535686,-0.000014500462757451428,-0.000014500462768050763
0.001640428931225205,0.000030420888131781405,0.000030420888142900326,0.00003042088808617373,-0.000015210444089152652,-0.000015210444032425248,-0.000015210444043544115
0.001653615199077061,0.00003191025446687822,0.000031910254478542105,0.00003191025441904354,-0.00001595512725757384,-0.0000159551271980744,-0.000015955127209738232
0.0016669074621698879,0.00003347240883305742,0.00003347240884529295,0.00003347240878288727,-0.000016736204441552192,-0.000016736204379145566,-0.00001673620439138103
0.0016803065725257465,0.00003511089997281061,0.00003511089998564574,0.00003511089992019123,-0.0000175554500123316,-0.00001755544994687606,-0.00001755544995971113
0.0016938133890155105,0.00003682944908194842,0.000036829449095412506,0.000036829449026760547,-0.000018414724567815123,-0.00001841472449916206,-0.000018414724512626072
0.0017074287774139197,0.00003863195815285716,0.00003863195816698096,0.000038631958094975735,-0.00001931597910419324,-0.000019315979032186817,-0.000019315979046310542
0.0017211536104550752,0.00004052251871894238,0.000040522518733758174,0.000040522518658236276,-0.000020261259388165604,-0.000020261259312642415,-0.000020261259327458123
0.0017349887678883805,0.000042505421019388414,0.000042505421034930045,0.00004250542095572014,-0.000021252710539320743,-0.00002125271046010944,-0.00002125271047565098
0.0017489351365349336,0.000044585163604263994,0.00004458516362056696,0.000044585163537489385,-0.000022292581832688816,-0.000022292581749609724,-0.0000222925817659126
0.0017629936103443703,0.00004676646340094675,0.00004676646341804829,0.00004676646333091466,-0.00002338323173195379,-0.00002338323164481852,-0.000023383231661919956
0.0017771650904521666,0.000049054266263826784,0.000049054266281765946,0.00004905426619037873,-0.00002452713316430515,-0.000024527133072916162,-0.000024527133090855208
0.0017914504852373997,0.00005145375803028105,0.000051453758049098784,0.00005145375795325086,-0.000025726879048425014,-0.000025726878952575176,-0.000025726878971392785
0.001805850710380975,0.000053970376106991105,0.000053970376126730354,0.00005397037602620455,-0.000026985188087646915,-0.000026985187987119042,-0.000026985188006858166
0.0018203666889243203,0.00005660982161180574,0.00005660982163251155,0.00005660982152708015,-0.000028304910840887016,-0.000028304910735453383,-0.00002830491075615906
0.0018349993513285497,0.000059378072097532195,0.000059378072119251814,0.00005937807200867607,-0.000029689036084539602,-0.000029689035973961443,-0.000029689035995680913
0.0018497496355341148,0.00006228139488527819,0.00006228139490806116,0.00006228139479209072,-0.00003114069747914797,-0.00003114069736317492,-0.00003114069738595773
0.0018646184870209077,0.00006532636103625051,0.0000653263610601488,0.00006532636093852118,-0.000032663180555303594,-0.00003266318043367316,-0.00003266318045757126
0.001879606858868883,0.00006851985999228761,0.00006851986001735568,0.00006851985988979569,-0.000034259930033912254,-0.00003425992990634921,-0.00003425992993141709
0.0018947157118191411,0.00007186911491679402,0.00007186911494308902,0.0000718691148093081,-0.000035934557496661105,-0.000035934557362876886,-0.00003593455738917169
0.0019099460143355122,0.00007538169876924207,0.00007538169879682394,0.00007538169865651955,-0.000037690849423269346,-0.00003769084928296139,-0.00003769084931054304
0.001925298742666634,0.00007906555114794476,0.00007906555117687636,0.0000790655510297313,-0.00003953277561287442,-0.000039532775465725515,-0.00003953277549465686
0.001940774880908526,0.00008292899593742185,0.00008292899596776905,0.00008292899581345076,-0.00004146449800771487,-0.00004146449785339242,-0.00004146449788373936
0.00195637542106768,0.00008698075979837687,0.0000869807598302088,0.00008698075966836861,-0.000043490379938118576,-0.00004349037977627389,-0.000043490379808105545
0.0019721013631246263,0.0000912299915400563,0.00009122999157344543,0.00009122999140371778,-0.000045614995808682097,-0.00004561499563894958,-0.00004561499567233842
0.0019879537150980513,0.0000956862824166392,0.00009568628245166155,0.00009568628227366319,-0.00004784314124646514,-0.00004784314106846153,-0.00004784314110348355
0.0020039334931094017,0.00010035968739120203,0.00010035968742793728,0.00010035968724126638,-0.00005017984373297267,-0.0000501798435462961,-0.00005017984358303101
0.002020041721448015,0.00010526074741285069,0.00010526074745138242,0.00010526074725561775,-0.00005263037374272057,-0.000052630373546949757,-0.00005263037358548112
0.002036279432636787,0.00011040051275471644,0.00011040051279513231,0.00011040051258983222,-0.000055200256412233155,-0.00005520025620692642,-0.000055200256247341895
0.002052647667498334,0.00011579056746270084,0.00011579056750509274,0.00011579056728979422,-0.000057895283764415225,-0.000057895283549109526,-0.000057895283591501
0.002069147475221737,0.00012144305496720411,0.00012144305501166842,0.00012144305478588607,-0.000060721527514415745,-0.00006072152728862565,-0.00006072152733308949
0.0020857799134297657,0.00012737070491241871,0.00012737070495905648,0.00012737070472228142,-0.0000636853524842741,-0.00006368535224749068,-0.00006368535229412794
0.002102546048246688,0.00013358686126035702,0.0001335868613092742,0.00013358686106097298,-0.0000667934306549333,-0.00006679343040662304,-0.00006679343045553967
0.002119446954366613,0.0001401055117293623,0.00014010551178067,0.00014010551152028337,-0.00007005275588549485,-0.00007005275562509843,-0.00007005275567640554
0.0021364837151223513,0.00014694131862961012,0.00014694131868342485,0.0001469413184103665,-0.00007347065933096867,-0.00007347065905789978,-0.00007347065911171387
0.0021536574225548906,0.0001541096511610249,0.00015410965121746882,0.00015410965093112417,-0.00007705482559123069,-0.00007705482530487462,-0.00007705482536131786
0.002170969177483361,0.00016162661924195023,0.00016162661930115143,0.00016162661900087616,-0.0000808133096253569,-0.00008081330932506933,-0.00008081330938426979
0.002188420089575628,0.00016950910894015112,0.00016950910900224387,0.00016950910868736264,-0.00008475455446712374,-0.0000847545541522292,-0.00008475455421432117
0.0022060112774193916,0.0001777748195808914,0.00017777481964601654,0.00017777481931582128,-0.00008888740977904561,-0.00008888740944883599,-0.00008888740951396029
0.0022237438685939067,0.0001864423026103525,0.0001864423026786577,0.00018644230233240625,-0.00009322115128408307,-0.00009322115093781613,-0.00009322115100612039
0.002241618999742261,0.0001955310022961489,0.00019553100236778892,0.0001955310020047033,-0.00009776550111589923,-0.00009776550075279688,-0.00009776550082443589
0.0022596378166442103,0.0002050612983504514,0.00020506129842558856,0.0002050612980448532,-0.00010253064913042011,-0.0001025306487496667,-0.00010253064882480277
0.0022778014742896547,0.0002150545505651683,0.00021505455064397275,0.00021505455024473284,-0.00010752727522342344,-0.000107527274824164,-0.0001075272749029673
0.0022961111369526385,0.00022553314555259,0.0002255331456352402,0.00022553314521659963,-0.00011276657270085935,-0.0001127665722821977,-0.00011276657236484664
0.00231456797826601,0.00023652054568928512,0.00023652054577596803,0.00023652054533698753,-0.00011826027275079647,-0.00011826027231179319,-0.00011826027239847478
0.00233317318129663,0.0002480413403653247,0.00024804134045623645,0.0002480413399959314,-0.00012402067006803195,-0.00012402066960770234,-0.0001240206696986127
0.002351927938621205,0.00026012129964563923,0.00026012129974098544,0.0002601212992583239,-0.0001300606496847676,-0.00013006064920207956,-0.00013006064929742424
0.0023708334524027517,0.0002727874304551039,0.00027278743055510007,0.0002727874300490003,-0.00013639371506315003,-0.00013639371455702163,-0.00013639371465701616
0.002389890934467622,0.0002860680354039187,0.0002860680355087908,0.000286068034978119,-0.00014303401750795776,-0.00014303401697725505,-0.0001430340170821254
0.002409101606383217,0.00029999277437524514,0.00029999277448523014,0.00029999277392879785,-0.00014999638696041665,-0.00014999638640395102,-0.00014999638651393404
0.002428466699536247,0.0003145927290023508,0.00031459272911769687,0.00031459272853425857,-0.0001572963642367685,-0.00015729636365329418,-0.0001572963637686382
0.0024479874552117034,0.0003299004701684408,0.0003299004702894083,0.0003299004696776583,-0.0001649502347781834,-0.00016495023416639458,-0.00016495023428735988
0.0024676651246723974,0.0003459501286681048,0.00034595012879496664,0.00034595012815353664,-0.00017297506398147882,-0.0001729750633400069,-0.00017297506346686635
0.0024875009692391634,0.00036277746917569444,0.0003627774693087367,0.00036277746863619235,-0.0001813887341833038,-0.00018138873351071426,-0.00018138873364375392
0.002507496260371736,0.0003804199676723706,0.0003804199678118931,0.00038041996710673135,-0.00019020998337365762,-0.0001902099826684471,-0.00019020998280796676
0.00252765227975021,0.0003989168924902388,0.0003989168926365558,0.00039891689189720114,-0.000199458445717952,-0.00019945844497854472,-0.00019945844512485873
0.0025479703193572335,0.0004183093891392375,0.0004183093892926785,0.0004183093885174797,-0.0002091546939704493,-0.00020915469319519373,-0.00020915469334863157
0.002568451681560794,0.0004386405690895489,0.0004386405692504593,0.00043864056843768577,-0.00021932028386546098,-0.00021932028305262624,-0.00021932028321353317
0.002589097679197714,0.00045995560269018043,0.00045995560285892214,0.00045995560200676026,-0.0002299778005766312,-0.00022997779972440323,-0.00022997779989314125
0.0026099096356578,0.00048230181641220214,0.00048230181658915456,0.0004823018156957034,-0.00024115090733854737,-0.000241150906445025,-0.00024115090662197347
0.0026308888849686587,0.0005057287946134902,0.0005057287947990511,0.0005057287938623185,-0.00025286439632910316,-0.0002528643953922938,-0.0002528643955778504
0.0026520367718812343,0.0005302884860305568,0.0005302884862251428,0.0005302884852430411,-0.00026514424191540327,-0.0002651442409332189,-0.00026514424112780027
0.002673354651955977,0.0005560353152119065,0.0005560353154159545,0.0005560353143862957,-0.00027801765637043156,-0.00027801765534068355,-0.00027801765554472666
0.002694843891649749,0.0005830262991169824,0.00058302629933095,0.0005830262982514413,-0.00029151314817251156,-0.0002915131470929065,-0.000291513147306869
0.002716505868403406,0.0006113211691143697,0.000611321169338737,0.000611321168206975,-0.0003056605830043957,-0.00030566058187253,-0.00030566058209689165
0.002738341970730105,0.00064098249862326,0.0006409824988585297,0.0006409824976719964,-0.00032049124757398297,-0.0003204912463873378,-0.00032049124662260147
0.0027603535983042795,0.0006720758366526522,0.0006720758368993513,0.0006720758356554076,-0.0003360379163839037,-0.0003360379151398394,-0.00033603791538653206
0.0027825421620513748,0.0007046698475040099,0.0007046698477626907,0.0007046698464585708,-0.000352334921582831,-0.0003523349202785813,-0.0003523349205372551
0.002804909084238298,0.0007388364569144462,0.0007388364571856871,0.000738836455818493,-0.000369418226037054,-0.00036941822466972005,-0.00036941822494095355
0.0028274557985645604,0.0007746510049294611,0.0007746510052138687,0.0007746510037805634,-0.00038732549976682574,-0.00038732549833336974,-0.00038732549861776946
0.002850183750254189,0.0008121924058068978,0.0008121924061051077,0.0008121924046025084,-0.0004060961998983182,-0.0004060961983955567,-0.000406096198693758
0.0028730943961483603,0.0008515433152665236,0.0008515433155792013,0.0008515433140039732,-0.00042577165428838755,-0.00042577165271298465,-0.0004257716530256532
0.002896189204798795,0.0008927903054132863,0.0008927903057411296,0.0008927903040897777,-0.0004463951489861745,-0.0004463951473346344,-0.00044639514766246796
0.0029194696565618635,0.000936024047676124,0.0009360240480198639,0.0009360240462887261,-0.00046801201970247833,-0.0004680120179711379,-0.00046801201831486733
0.002942937243693504,0.0009813395041190708,0.0009813395044794733,0.000981339502664712,-0.0004906697474652764,-0.0004906697456502972,-0.0004906697460106884
0.002966593470444858,0.0010288361274961868,0.0010288361278740542,0.0010288361259716485,-0.0005144180586471526,-0.000514418056744512,-0.0005144180571223674
0.0029904398531586957,0.0010786180704378753,0.0010786180708340484,0.0010786180688397845,-0.0005393090295584136,-0.0005393090275638969,-0.0005393090279600572
0.0030144779203666234,0.001130794404172387,0.0011307944045877466,0.0011307944024972092,-0.0005653971958077986,-0.0005653971937169891,-0.000565397194132335
0.0030387092128870293,0.0011854793472031912,0.0011854793476386602,0.0011854793454472226,-0.0005927396666411137,-0.0005927396644493834,-0.0005927396648848377
0.0030631352839238946,0.0012427925043809295,0.0012427925048374743,0.0012427925025402888,-0.000621396244477156,-0.0006213962421796556,-0.0006213962426361849
0.0030877576991663056,0.0013028591168263539,0.001302859117304987,0.0013028591148969743,-0.0006514295498691226,-0.0006514295474607709,-0.0006514295479393876
0.003112578036888844,0.0013658103231804339,0.0013658103236822163,0.0013658103211580533,-0.0006829051521295992,-0.0006829051496050716,-0.0006829051501068365
0.0031375978880527535,0.001431783432676943,0.0014317834332029861,0.0014317834305570955,-0.0007158917058667813,-0.0007158917032204989,-0.000715891703746523
0.003162818856407887,0.0015009222105535438,0.001500922211105011,0.0015009222083315495,-0.000750461093689938,-0.000750461090916055,-0.000750461091467502
0.0031882425585955526,0.0015733771763389787,0.0015733771769170892,0.0015733771740099334,-0.0007866885753529204,-0.0007866885724453114,-0.0007866885730234004
0.0032138706242520894,0.0016493059155752376,0.001649305916181268,0.0016493059131340022,-0.0008246529436151505,-0.0008246529405673978,-0.0008246529411734053
0.0032397046961133756,0.001728873405557476,0.0017288734061927634,0.0017288734029986652,-0.0008644366871114755,-0.0008644366839168539,-0.000864436684552117
0.0032657464301200784,0.0018122523556970182,0.0018122523563629629,0.0018122523530149886,-0.0009061261605335538,-0.0009061261571850174,-0.0009061261578509364
0.003291997495523831,0.0018996235631384556,0.0018996235638365244,0.001899623560327294,-0.0009498117624382784,-0.0009498117589284439,-0.0009498117596264853
0.003318459574994229,0.001991176284286425,0.0019911762850181535,0.0019911762813399334,-0.0009955881210110258,-0.0009955881173321576,-0.0009955881180638568
0.0033451343647266573,0.0020871086229243144,0.0020871086236913107,0.0020871086198359996,-0.0010435542881248579,-0.0010435542842688504,-0.0010435542850358156
0.0033720235745510626,0.002187627935634864,0.002187627936438812,0.00218762793239792,-0.0010938139420506527,-0.0010938139380090128,-0.0010938139388129281
0.0033991289280414986,0.0022929512552598,0.0022929512561024627,0.002292951251867095,-0.001146475599186738,-0.0011464755949505676,-0.001146475595793196
0.0034264521626266573,0.0024033057331662856,0.0024033057340495092,0.0024033057296103458,-0.0012016528351919144,-0.0012016528307518897,-0.0012016528316350767
0.003453995029701201,0.002518929101116727,0.0025189291020424444,0.0025189290973897196,-0.0012594645159201346,-0.0012594645112664858,-0.0012594645121921644
0.003481759294738027,0.0026400701535708878,0.0026400701545411217,0.0026400701496646045,-0.001320035038571316,-0.0013200350336938075,-0.0013200350346640006
0.003509746737401465,0.002766989251281143,0.002766989252298012,0.002766989247186982,-0.0013834945834887004,-0.0013834945783766071,-0.001383494579393433
0.0035379591516613022,0.0028999588470745327,0.002899958848140254,0.0028999588427834778,-0.0014499793770495842,-0.0014499793716916684,-0.001449979372757344
0.00356639834590783,0.0030392640347511376,0.003039264035868032,0.0030392640302537403,-0.0015196319661141813,-0.0015196319604986685,-0.0015196319616155149
0.0035950661430677023,0.003185203122062001,0.0031852031232324973,0.0031852031173483586,-0.0015926015045142302,-0.001592601498628783,-0.001592601499799229
0.0036239643807208406,0.0033380882287686675,0.003338088229995309,0.003338088223828402,-0.0016690440520823694,-0.0016690440459140603,-0.0016690440471406492
0.0036530949112181816,0.003498245910822187,0.0034982459121076343,0.0034982459056444202,-0.00174912288674121,-0.0017491228802764946,-0.0017491228815618865
0.0036824596018004132,0.003666017811740156,0.003666017813087194,0.003666017806313487,-0.001833008830191386,-0.0018330088234160713,-0.0018330088247630512
0.0037120603347176985,0.0038417613423000043,0.0038417613437115466,0.003841761336612482,-0.001920880587757676,-0.0019208805806568913,-0.0019208805820683725
0.0037418990073502722,0.004025850389707453,0.004025850391186549,0.004025850383746552,-0.0020129251029726656,-0.002012925095530828,-0.0020129250970098607
0.0037719775323301155,0.004218676057443634,0.0042186760589934735,0.0042186760511962245,-0.0021093379274996797,-0.002109337919700462,-0.002109337921250235
0.0038022978376635133,0.0044206474370359315,0.004420647438659853,0.004420647430488251,-0.002210323607017516,-0.0022103235988438093,-0.0022103236004676614
0.003832861866854657,0.004632192413044918,0.004632192414746412,0.0046321924061825375,-0.002316096083713161,-0.002316096075147037,-0.0023160960768484604
0.003863671579030221,0.004853758502604781,0.004853758504387503,0.004853758495412579,-0.0024268791160511733,-0.0024268791070738466,-0.0024268791088564935
0.0038947289490649213,0.005085813730902784,0.005085813732770552,0.005085813723364903,-0.002542906716512503,-0.0025429067071042876,-0.00254290670897198
0.003926035967708143,0.005328847544032824,0.005328847545989636,0.005328847536132643,-0.0026644236080202765,-0.002664423598160543,-0.0026644236001172775
0.003957594641711505,0.0055833717607068675,0.005583371762756903,0.005583371752426959,-0.002791685699794412,-0.0027916856894615446,-0.0027916856915115003
0.003989406993957513,0.005849921564361492,0.005849921566509122,0.005849921555683585,-0.002924960583403692,-0.002924960572575037,-0.0029249605747225862
0.004021475063589216,0.006129056537247852,0.006129056539497647,0.006129056528152789,-0.0030645280498094213,-0.003064528038461238,-0.003064528040710952
0.004053800906140921,0.0064213617381482764,0.006421361740505018,0.00642136172861597,-0.0032106806282222763,-0.003210680616329687,-0.0032106806186863453
0.0040863865936699465,0.006727448825417652,0.0067274488278863355,0.006727448815427038,-0.003363724147621404,-0.0033637241351583344,-0.003363724137626935
0.004119234214889424,0.0070479572271038285,0.0070479572296896775,0.007047957216632818,-0.003523978321812877,-0.0035239783087520015,-0.0035239783113377686
0.004152345875302224,0.0073835553599601806,0.0073835553626686555,0.007383555348985609,-0.0036917773589340546,-0.003691777345246735,-0.0036917773479551302
0.004185723697335874,0.007734941899219733,0.0077349419020565436,0.007734941887717306,-0.003867470596338543,-0.0038674705819947627,-0.0038674705848314953
0.004219369820478623,0.008102847101063052,0.008102847104034163,0.00810284708900729,-0.004051423161827823,-0.004051423146796123,-0.004051423149767159
0.004253286401416582,0.008488034179770837,0.008488034182882484,0.008488034167135013,-0.00424401666222502,-0.004244016646472424,-0.004244016649584
0.00428747561417196,0.008891300741615085,0.00889130074487378,0.008891300728371163,-0.004445649900317694,-0.004445649883809637,-0.004445649887068269
0.004321939650242419,0.009313480277605304,0.009313480281017854,0.009313480263723875,-0.004656739621227894,-0.004656739603928146,-0.0046567396073406405
0.0043566807187415514,0.00975544371727023,0.009755443720843748,0.009755443702720442,-0.004877721289299671,-0.004877721271170253,-0.004877721274743724
0.004391701046540474,0.01021810104571981,0.010218101049461721,0.010218101030469289,-0.005109049896626385,-0.005109049877627484,-0.00510904988136936
0.004427002878410574,0.010702402986297798,0.010702402990215862,0.010702402970312584,-0.005351200804372978,-0.005351200784462854,-0.005351200788380898
0.004462588477167393,0.011209342751201163,0.011209342755303482,0.011209342734445609,-0.005604670618081244,-0.005604670597216138,-0.005604670601318454
0.004498460123815679,0.01173995786250885,0.011739957866803884,0.011739957844945558,-0.00586997809817936,-0.0058699780763133945,-0.005869978080608448
0.004534620117695586,0.01229533204612935,0.012295332050625935,0.012295332027719064,-0.006147665106950346,-0.0061476650840354185,-0.006147665088532047
0.00457107077663007,0.012876597201243824,0.01287659720595118,0.012876597181945344,-0.006438297593247783,-0.006438297569233458,-0.006438297573940886
0.0046078144370734495,0.013484935447888207,0.013484935452815964,0.013484935427658284,-0.006742466616280464,-0.006742466591113851,-0.006742466596041712
0.004644853454261179,0.014121581255385615,0.014121581260543817,0.014121581234178846,-0.007060789409821565,-0.007060789383447203,-0.007060789388605549
0.004682190202360813,0.014787823654406434,0.014787823659805566,0.01478782363217515,-0.00739391048823099,-0.0073939104605907175,-0.007393910465990038
0.004719827074624186,0.015485008535500555,0.015485008541151556,0.015485008512194701,-0.00774250279571304,-0.0077425027667458535,-0.007742502772397096
0.004757766483540824,0.016214541037011903,0.016214541042926186,0.01621454101257892,-0.008107268900264405,-0.008107268869906327,-0.008107268875820911
0.004796010860992577,0.016977888025349937,0.016977888031539407,0.016977887999734622,-0.008488942233799765,-0.008488942201983686,-0.008488942208173526
0.004834562658409503,0.01777658067065699,0.017776580677134054,0.01777658064380136,-0.00888828837997432,-0.008888288346629844,-0.008888288353107362
0.004873424346927002,0.01861221712097243,0.01861221712775004,0.01861221709281558,-0.009306106411253666,-0.009306106376306942,-0.009306106383085095
0.004912598417544216,0.01948646527805533,0.01948646528514698,0.01948646524853326,-0.009743230276811734,-0.009743230240185283,-0.009743230247277579
0.004952087381283693,0.02040106567808543,0.02040106568550519,0.02040106564713091,-0.010200530242866612,-0.010200530204479145,-0.010200530211899664
0.00499189376935235,0.02135783448051909,0.021357834488281612,0.021357834448061455,-0.01067891438709244,-0.01067891434685866,-0.010678914354622076
0.005032020133303715,0.022358666568429112,0.022358666576549675,0.022358666534394098,-0.011179330148771708,-0.011179330106602098,-0.011179330114723707
0.005072469045201481,0.02340553876370837,0.02340553877220289,0.023405538728017917,-0.01170276593637774,-0.011702765892178358,-0.011702765900674093
0.0051132430977843734,0.02450051316056303,0.024500513169448075,0.024500513123135066,-0.012250252794300153,-0.012250252747972408,-0.012250252756858865
0.005154344904632343,0.025645740580763354,0.025645740590056188,0.02564574054151159,-0.012822866130447086,-0.01282286608188748,-0.012822866091181944
0.00519577710033409,0.02684346415415779,0.026843464163876382,0.026843464112991478,-0.01342172750647682,-0.013421727455576708,-0.013421727465297175
0.005237542340655945,0.02809602302798857,0.028096023038151622,0.028096022984812268,-0.014048006492427762,-0.014048006439073083,-0.014048006449238287
0.005279643302712097,0.02940585620857309,0.029405856219200065,0.029405856163286396,-0.014702922587528642,-0.014702922531599633,-0.014702922542229071
0.005322082685136194,0.030775506538935456,0.030775506550046603,0.03077550649143273,-0.015387747208980902,-0.015387747150351795,-0.015387747161465754
0.005364863208254325,0.03220762481598638,0.03220762482760276,0.03220762476615647,-0.016103805750512065,-0.016103805689050784,-0.016103805700670368
0.005407987614259389,0.03370497405085308,0.033704974062996586,0.03370497399857899,-0.016852479712500625,-0.01685247964806845,-0.016852479660215604
0.005451458667386867,0.03527043387595879,0.03527043388865219,0.03527043382111737,-0.01763520890547197,-0.017635208837923178,-0.017635208850620726
0.00549527915409201,0.036907005102437565,0.036907005115704515,0.036907005044899174,-0.01845349372875774,-0.018453493657939246,-0.018453493671210897
0.005539451883228442,0.03861781443144665,0.03861781444531173,0.03861781437107475,-0.019308897526099437,-0.019308897451850385,-0.01930889746572079
0.005583979686228212,0.04040611932290459,0.04040611933739333,0.04040611925955538,-0.020203049019959916,-0.020203048942111286,-0.020203048956606046
0.00562886541728328,0.04227531302513554,0.042275313040274445,0.04227531295865755,-0.02113764482628256,-0.021137644744656712,-0.02113764475980241
0.005674111953528474,0.044228929768840596,0.04422892978465718,0.044228929699074215,-0.022114452051407947,-0.022114451965818162,-0.022114451981642403
0.0057197221952259075,0.04627065012874152,0.04627065014526433,0.04627065005551857,-0.02313531097282028,-0.023135310883070265,-0.023135310899601698
0.005765699065950885,0.04840430655615215,0.048404306573410785,0.04840430647929534,-0.024202137805350455,-0.02420213771123384,-0.02420213772850218
0.005812045512779301,0.050633889085625335,0.05063388910365049,0.050633889004947766,-0.025316927554409206,-0.025316927455708977,-0.02531692747374505
0.0058587645064765445,0.052963551218697794,0.05296355123752129,0.05296355113400239,-0.026481756957760637,-0.02648175685424857,-0.026481756873084326
0.005905859041687921,0.055397615987608964,0.05539761600726376,0.055397615898687864,-0.027698787517273508,-0.027698787408709527,-0.02769878742837807
0.00595333213713061,0.05794058220170539,0.05794058222222563,0.057940582108339335,-0.028970268622005083,-0.028970268508136644,-0.028970268528672287
0.006001186835787159,0.06059713087905021,0.0605971309004712,0.06059713078100781,-0.030298540763876513,-0.030298540644437887,-0.030298540665876134
0.006049426205100536,0.06337213186554655,0.06337213188790485,0.06337213176258365,-0.03168603884709304,-0.03168603872180458,-0.031686038744182195
0.006098053337170752,0.06627065064364152,0.0662706506669749,0.06627065053550037,-0.03313529559234122,-0.03313529546090861,-0.03313529548426361
0.006147071348953061,0.06929795533241088,0.06929795535675842,0.0692979552188193,-0.03464894503666212,-0.03464894489877552,-0.034648944923147226
0.006196483382457753,0.07245952388052658,0.07245952390592865,0.0724595237611972,-0.03622972612975015,-0.03622972598508336,-0.03622972601051239
0.006246292604951553,0.07576105145327935,0.07576105147977757,0.07576105132790854,-0.03788048642726221,-0.0378804862754717,-0.03788048630200003
0.006296502209160643,0.07920845801446506,0.0792084580421024,0.07920845788273204,-0.039604185881539924,-0.0396041857222639,-0.039604185749934843
0.006347115413475312,0.0828078961035434,0.08280789613236421,0.0828078959651092,-0.0414039007299476,-0.041403900562804956,-0.041403900591663205
0.006398135462156249,0.08656575880803823,0.08656575883808813,0.08656575866254446,-0.04328282748080858,-0.04328282730539774,-0.04328282733548938
0.006449565625542504,0.09048868793067034,0.09048868796199637,0.09048868777773816,-0.04524428699668344,-0.04524428681258126,-0.04524428684395378
0.006501409200261103,0.09458358235018766,0.09458358238283819,0.09458358218941637,-0.047291728674470276,-0.04729172848123076,-0.04729172851393303
0.006553669509438371,0.09885760657429123,0.098857606608316,0.098857606405257,-0.04942873472152391,-0.04942873451867691,-0.04942873455275924
0.006606349902912931,0.10331819948243275,0.10331819951788283,0.10331819930468711,-0.05165902452667917,-0.051659024313728964,-0.05165902434924308
0.006659453757450432,0.10797308325559153,0.10797308329251938,0.10797308306865988,-0.05398645912472943,-0.053986458901153236,-0.05398645893815225
0.006712984476959997,0.11283027248941198,0.11283027252787134,0.11283027229279192,-0.056415045752547736,-0.05641504551779416,-0.056415045556332595
0.006766945492712402,0.11789808348629693,0.1178980835263429,0.11789808327945654,-0.058948942494645024,-0.058948942248132345,-0.05894894228826614
0.006821340263560031,0.12318514372121102,0.12318514376289993,0.12318514350358693,-0.061592463015538564,-0.06159246275665296,-0.06159246279843937
0.006876172276158572,0.12870040147503295,0.1287004015184224,0.12870040124602838,-0.06435008137584629,-0.06435008110393997,-0.06435008114743762
0.0069314450451905185,0.1344531356283231,0.1344531356734719,0.13445313538730574,-0.06722643692853587,-0.06722643664292502,-0.06722643668819384
0.00698716211359045,0.14045296560731865,0.14045296565428672,0.14045296535361843,-0.0702263392912298,-0.07022633899119246,-0.07022633903829362
0.007043327052772131,0.14670986147284562,0.14670986152169396,0.14670986120575208,-0.0733547733899061,-0.0733547730746799,-0.07335477312367578
0.0070999434628574625,0.15323415414163774,0.15323415419242842,0.1532341538603977,-0.07661690456873436,-0.07661690423751405,-0.0766169042884682
0.007157014972907183,0.1600365457282444,0.16003654578104032,0.16003654543205909,-0.08001808376013156,-0.0800180834120665,-0.0800180834650435
0.0072145452411535565,0.16712811999437915,0.16712812004924407,0.16712811968240118,-0.08356385270845759,-0.08356385234264899,-0.08356385239771441
0.007272537955234825,0.17452035289104098,0.17452035294803933,0.1745203525623713,-0.08725994924000895,-0.08725994885550693,-0.08725994891272724
0.00733099683243159,0.18222512317722356,0.18222512323642037,0.18222512283090808,-0.09111231257121079,-0.09111231216701138,-0.0911123122264538
0.00738992561990509,0.1902547230973505,0.1902547231588112,0.19025472273237642,-0.09512708864606799,-0.09512708822110968,-0.09512708828284208
0.007449328094937379,0.19862186909781113,0.19862186916160135,0.19862186871310317,-0.09931063549305316,-0.09931063504621357,-0.0993106351103043
0.0075092080651734845,0.207339712561116,0.2073397126273015,0.20733971215553232,-0.10366952859068192,-0.10366952812077396,-0.10366952818729168
0.007569569368865404,0.21642185053417523,0.21642185060282157,0.21642185010650303,-0.10821056623001572,-0.10821056573578372,-0.10821056580479724
0.007630415875118201,0.2258823364251634,0.2258823364963357,0.22588233597411417,-0.11294077486131329,-0.11294077434142868,-0.11294077441300673
0.00769175148413798,0.235735690641148,0.23573569071491082,0.2357356901653527,-0.11786741441090613,-0.11786741386396306,-0.11786741393817407
0.007753580127481881,0.24599691113636316,0.24599691121278006,0.2459969106343668,-0.12299798355322572,-0.12299798297773626,-0.12299798305464807
0.007815905768310134,0.25668148383852935,0.25668148391766255,0.25668148330878526,-0.1283402249216684,-0.12834022431605746,-0.1283402243957371
0.00787873240164,0.2678053929179752,0.2678053929998854,0.2678053923588391,-0.13390213024066,-0.13390212960325992,-0.13390212968577322
0.007942064054601973,0.27938513086166644,0.27938513094641226,0.27938513027138984,-0.13969194535995538,-0.13969194468900029,-0.13969194477441157
0.008005904786697793,0.2914377083112262,0.29143770839886374,0.29143770768794947,-0.1457181751706978,-0.1457181744643174,-0.14571817455268907
0.008070258690060741,0.30398066362115744,0.30398066371173993,0.30398066296290255,-0.15198958838132193,-0.1519895876375351,-0.15198958772892726
0.008135129889717912,0.31703207209017176,0.31703207218374896,0.31703207139483436,-0.1585152221297327,-0.15851522134644055,-0.15851522144091046
0.008200522543854612,0.33061055481527596,0.3306105549118937,0.3306105540806169,-0.16530438640656173,-0.16530438558154023,-0.16530438567914194
0.008266440844080944,0.34473528711477397,0.3447352872144732,0.34473528633841033,-0.17236666826255523,-0.17236666739344747,-0.17236666749423113
0.008332889015700392,0.35942600646265666,0.35942600656547313,0.35942600564205224,-0.17971193577130318,-0.17971193485561116,-0.17971193495962245
0.008399871317980784,0.3747030198731635,0.37470301997912697,0.37470301900561864,-0.18735034171667259,-0.18735034075174817,-0.1873503408590277
0.008467392044427185,0.3905872106701769,0.3905872107793101,0.3905872097528174,-0.19529232697224325,-0.19529232595527904,-0.19529232606586155
0.008535455523057182,0.4071000445721786,0.4071000446844965,0.40710004360194435,-0.20354862353807895,-0.20354862246609814,-0.20354862258001177
0.00860406611667832,0.42426357501907164,0.4242635751345807,0.424263573992704,-0.21213025719794756,-0.21213025606779345,-0.2121302561850589
0.008673228223167654,0.44210044766275947,0.44210044778145613,0.44210044657678804,-0.22104854975789853,-0.22104854856622333,-0.22104854868685286
0.008742946275753793,0.4606339039388839,0.460633904060754,0.4606339027896127,-0.23031512082485645,-0.23031511956810913,-0.23031511969210575
0.008813224743300908,0.4798877836321273,0.47988778375714436,0.4798877824156194,-0.23994188908138786,-0.23994188775580166,-0.23994188788315787
0.008884068130595337,0.49988652634285935,0.4998865264709836,0.49988652505492104,-0.24994107301048463,-0.24994107161206358,-0.2499410717427602
0.008955480978634226,0.5206551717575362,0.520655171888713,0.5206551703937,-0.26032519102151497,-0.2603251895460195,-0.26032518968002466
0.009027467864916618,0.5422193586202783,0.5422193587544367,0.5422193571757846,-0.2711070609260009,-0.27110705936893265,-0.2711070595062
0.009100033403736956,0.5646053222975944,0.5646053224346457,0.5646053207673722,-0.28229979870914546,-0.28229979706573116,-0.28229979720619897
0.009173182246480711,0.5878398908226319,0.587839890962467,0.5878398892012782,-0.29391681654023766,-0.2939168148054122,-0.2939168149490013
0.00924691908192268,0.6119504792999587,0.6119504794424475,0.6119504775817167,-0.3059718199623694,-0.3059718181307576,-0.3059718182773698
0.009321248636527394,0.6369650825458267,0.6369650826908149,0.636965080724562,-0.318478804198866,-0.31847880226476316,-0.31847880241427984
0.009396175674752205,0.66291226583336,0.6629122659806672,0.6629122639025363,-0.3314520495110759,-0.3314520474684279,-0.33145204762070735
0.009471704999352603,0.6898211536058796,0.6898211537552972,0.689821151558532,-0.34490611553904216,-0.3449061133814234,-0.3449061135362994
0.009547841451690058,0.7177214160158081,0.7177214161670967,0.717721413844515,-0.358855834553689,-0.35885583227427986,-0.35885583243155894
0.00962458991204245,0.7466432531404885,0.7466432532933747,0.746643250837342,-0.37331630354609713,-0.3733163011376595,-0.3733163012971188
0.00970195529991674,0.7766173767200115,0.7766173768741854,0.7766173742765852,-0.3883028750763153,-0.3883028725311671,-0.38830287269255176
0.009779942574364459,0.8076749892563982,0.80767498941151,0.8076749866637138,-0.40383114680127535,-0.4038311441112634,-0.40383114427428374
0.009858556734299459,0.8398477603070107,0.8398477604626672,0.8398477575555022,-0.4199169495981342,-0.41991694675460534,-0.41991694691893394
0.009937802818818401,0.8731677997993991,0.8731677999551605,0.8731677968788749,-0.4365763341965271,-0.43657633119029815,-0.4365763313555667
0.01001768590752375,0.9076676281886273,0.9076676283440033,0.90766762508823,-0.45382555623012844,-0.45382555305145383,-0.4538255532172499
0.010098211120849326,0.9433801432723672,0.943380143426812,0.9433801399805299,-0.47168105961502815,-0.4716810562535662,-0.47168105641942937
0.010179383620388623,0.9803385834734836,0.9803385836263926,0.980338579977886,-0.4901594581596469,-0.49015945460442395,-0.4901594547698423
0.010261208609225518,1.0185764873940977,1.0185764875448022,1.0185764836816171,-0.5092775153080308,-0.5092775115474036,-0.5092775117118097
0.010343691332267936,1.0581276494403173,1.0581276495880796,1.0581276454969784,-0.5290521219159656,-0.5290521179375818,-0.5290521181003478
0.010426837076583938,1.0990260713114222,1.09902607145543,1.0990260671223424,-0.5495002719566379,-0.5495002677473929,-0.549500267907827
0.01051065117174062,1.1413059091431224,1.1413059092824833,1.1413059046924554,-0.5706390360504758,-0.5706390315964702,-0.5706390317538107
0.010595138990145832,1.1850014160902265,1.1850014162239626,1.1850014113611023,-0.5924855327116622,-0.5924855279981537,-0.5924855281515646
0.010680305947392398,1.2301468801301796,1.2301468802572197,1.2301468751046398,-0.6150568972018494,-0.615056892213205,-0.6150568923617703
0.0107661575026054,1.2767765568663016,1.2767765569854754,1.2767765515252334,-0.6383702478803029,-0.6383702425999468,-0.6383702427426645
0.010852699158791989,1.3249245971064791,1.3249245972165093,1.3249245914295433,-0.6624426499381336,-0.662442644348493,-0.6624426444842695
0.010939936463194173,1.3746249689918133,1.3746249690913084,1.3746249629573692,-0.68729107640366,-0.6872910704861084,-0.6872910706137514
0.011027875007644398,1.4259113744484115,1.4259113745358574,1.4259113680334388,-0.7129323663052685,-0.712932360040066,-0.7129323601582779
0.011116520428923917,1.4788171597355135,1.4788171598092652,1.4788171529155283,-0.7393831798781353,-0.7393831732443664,-0.7393831733517376
0.011205878409124214,1.5333752198642074,1.533375219922479,1.533375212613174,-0.7666599507017025,-0.7666599436772102,-0.7666599437722107
0.01129595467601112,1.5896178966625956,1.5896178967034518,1.5896178889528356,-0.7947788346555904,-0.7947788272169076,-0.7947788272978797
0.011386755003391995,1.647576870266948,1.647576870288293,1.6475768620690414,-0.8237556555834666,-0.8237556477057445,-0.8237556477708939
0.011478285211485828,1.707283043822554,1.7072830438221207,1.7072830351052384,-0.8536058475564725,-0.8536058392134057,-0.8536058392607929
0.011570551167296304,1.7687664211840974,1.7687664211594374,1.7687664119141606,-0.8843443936308618,-0.8843443847946099,-0.8843443848221407
0.01166355878498788,1.8320559774129415,1.8320559773614111,1.8320559675551087,-0.915985760998282,-0.9159857516393884,-0.9159857516448048
0.011757314026264823,1.8971795218778889,1.8971795217966383,1.8971795113947052,-0.9485438324317258,-0.9485438225190326,-0.9485438224999017
0.011851822900753472,1.9641635537773645,1.9641635536633242,1.9641635426290718,-0.9820318339358612,-0.9820318234364208,-0.9820318233901251
0.011947091466387323,2.033033109913644,2.03303310976351,2.0330330980580515,-1.016462258516802,-1.0164622473957852,-1.0164622473195108
0.0120431258297954,2.1038116045656348,2.1038116043758546,2.103811591957984,-1.0518467859943197,-1.051846774214921,-1.0518467741056463
0.012139932146693675,2.1765206613239174,2.176520661090676,2.176520647916742,-1.0881961987881152,-1.088196186311454,-1.0881961861659375
0.012237516622279643,2.2511799367720986,2.251179936491301,2.251179922515078,-1.1255202936199469,-1.1255202804049644,-1.1255202802197328
0.012335885511630063,2.3278069359212674,2.327806935588522,2.327806920761072,-1.1638277890848,-1.1638277750881554,-1.1638277748594892
0.01243504512010191,2.406416819330032,2.406416818940635,2.4064168032101665,-1.2031262290571538,-1.2031262142331143,-1.2031262139570358
0.012535001803736545,2.4870222018712553,2.4870222014201704,2.487022184731892,-1.2434218819127356,-1.2434218662130656,-1.2434218658853233
0.01263576196966712,2.5696329431384966,2.5696329426203373,2.5696329249163044,-1.284719635562139,-1.2847196189359842,-1.28471961855204
0.012737332076529282,2.6542559295204757,2.6542559289294867,2.654255910148444,-1.3270228883103719,-1.3270228707041414,-1.3270228702591549
0.012839718634875158,2.740894848010682,2.740894847340716,2.740894827417935,-1.3703334355758403,-1.370333416933087,-1.3703334164219
0.012942928207590677,2.8295499518619125,2.8295499511064133,2.829549929973522,-1.414651352523676,-1.414651332784972,-1.4146513322020937
0.01304696741031625,2.920217818242099,2.920217817394076,2.9202177949788863,-1.459974872691637,-1.4599748517944504,-1.4599748511340394
0.013151842911870815,3.0128910980984585,3.0128910971504665,3.012891073376798,-1.506300262712249,-1.5063002405908148,-1.5063002398466647
0.01325756143467932,3.1075582584920984,3.1075582574362146,3.1075582322237087,-1.5536216932624536,-1.553621669847646,-1.5536216690131672
0.013364129755203605,3.204203317724629,3.204203316552427,3.204203289816362,-1.6019311064018553,-1.6019310816210584,-1.6019310806892617
0.01347155470437678,3.302805573642569,3.302805572345098,3.3028055439961967,-1.651218079492871,-1.651218053269848,-1.6512180522333268
0.013579843168041077,3.403339325574263,3.4033393241420202,3.403339294086256,-1.701469685930662,-1.7014696581854254,-1.7014696570363395
0.013689002087389228,3.5057735904278933,3.5057735888507997,3.5057735569892,-1.75267035294781,-1.752670323596492,-1.7526703223265485
0.013799038459409389,3.6100718135581973,3.610071811825572,3.610071778054017,-1.804801716798343,-1.804801685753067,-1.8048016843535035
0.013909959337333635,3.7161915750935584,3.7161915731940915,3.716191537403114,-1.857842475667924,-1.857842442836679,-1.857842441298246
0.014021771831090078,3.824084292504573,3.824084290426301,3.824084252500884,-1.9117682407019074,-1.9117682059884251,-1.9117682043013693
0.014134483107758595,3.933694920289813,3.9336949180200906,3.9336948778394656,-1.9665513855904886,-1.9665513488941238,-1.9665513470481701
0.014248100392030236,4.04496164775457,4.044961645280044,4.044961602717491,-2.0221608952004195,-2.0221608564160363,-2.0221608544003713
0.014362630966670321,4.157815595963655,4.157815593270239,4.157815548192886,-2.078562213795665,-2.0785621728135286,-2.0785621706167863
0.01447808217298526,4.272180515059934,4.272180512132781,4.272180464401409,-2.1357170934449443,-2.135717050150623,-2.1357170477608656
0.014594461411293119,4.38797248325608,4.387972480079556,4.387972429548414,-2.193583443272299,-2.1935833975465693,-2.1935833949512773
0.014711776141397978,4.5050996089278375,4.505099605485498,4.505099552002115,-2.252115180267563,-2.2521151319863315,-2.2521151291723864
0.014830033883068095,4.623461737362816,4.623461733637378,4.623461677042391,-2.3112620824368157,-2.3112620314710495,-2.3112620284247223
0.014949242216517921,4.742950163849068,4.742950159822392,4.742950099949377,-2.3709696451384157,-2.3709695913540876,-2.370969588061028
0.01506940878289398,4.863447354922364,4.863447350575427,4.863447287250754,-2.431178941517929,-2.4311788847759774,-2.431178881221205
0.015190541284764656,4.984826679729508,4.984826675042385,4.984826608085076,-2.491826488024948,-2.491826428181257,-2.4918264243491532
0.015312647486613937,5.106952153607039,5.106952148558882,5.1069520777804955,-2.5528441160662583,-2.5528440529716554,-2.5528440488459574
0.01543573521533909,5.229678196119421,5.229678190688447,5.229678115892974,-2.6141588509226965,-2.614158784422974,-2.614158779986772
0.015559812360752373,5.35284940594804,5.352849400111512,5.3528493210953005,-2.6756927991311996,-2.6756927290671597,-2.675692724302897
0.01568488687608676,5.476300355170821,5.476300348905037,5.4763002654567465,-2.7373630456083586,-2.737362971815889,-2.737362966705364
0.015810966778505738,5.599855405621755,5.599855398902043,5.599855310802619,-2.799081561867128,-2.7990814841773037,-2.799081478701676
0.015938060149617194,5.723328550168579,5.723328542969289,5.72332844999198,-2.8607551267534563,-2.8607550449926786,-2.860755039132477
0.016066175135991442,5.846523281894703,5.846523274189208,5.846523176099614,-2.9222852612041943,-2.922285175194363,-2.9222851689295006
0.016195319949683422,5.969232494316712,5.969232486077414,5.969232382633581,-2.983568178600932,-2.983568088159659,-2.9835680814694507
0.016325502868759063,6.091238415910186,6.091238407108523,6.0912382980610795,-3.044494752365835,-3.044494657306702,-3.0444946501698866
0.01645673223782592,6.21231258235285,6.212312572959311,6.212312458051663,-3.1049505025144195,-3.104950402647278,-3.1049503950420463
0.01658901646856804,6.332215850023264,6.332215840007414,6.332215718975986,-3.164815602945524,-3.164815498076851,-3.16481548998088
0.01672236404028516,6.450698454414083,6.4506984437445904,6.450698316319137,-3.223964911309912,-3.2239648012432163,-3.223964792633706
0.016856783500436203,6.567500117229014,6.567500105873684,6.567499971777664,-3.2822680233547032,-3.2822679078909887,-3.2822678987447116
0.016992283465187163,6.682350206030378,6.6823501939562,6.682350052907227,-3.3395893536904677,-3.3395892326287613,-3.3395892229221134
0.01712887261996347,6.794967950387101,6.794967937560303,6.794967789270667,-3.39578824496996,-3.3957881181079026,-3.395788107816964
0.017266559720006545,6.905062718538477,6.905062704924586,6.905062549101873,-3.4507191075009,-3.4507189746354077,-3.4507189637360107
0.01740535359093518,7.012334358635985,7.012334344199904,7.0123341805476995,-3.5042315913392854,-3.504231452267284,-3.5042314407350905
0.017545263129311168,7.116473608648403,7.116473593354494,7.116473421573183,-3.5561707929217183,-3.556170647440954,-3.556170635251541
0.017686297303209555,7.217162579015005,7.217162562827191,7.217162382614871,-3.6063774982954673,-3.6063773462053987,-3.606377333334354
0.01782846515279358,7.314075312102099,7.314075294983969,7.314075106037471,-3.654688464990505,-3.6546883060932824,-3.6546882925163064
0.01797177579089395,7.4068784224574085,7.406878404372346,7.4068782063883765,-3.7009367445476085,-3.700936578649134,-3.7009365643421583
0.018116238403593214,7.495231821762766,7.495231802674087,7.495231595350493,-3.744952047669537,-3.7449518745806216,-3.7449518595199325
0.018261862250814345,7.5787895322517285,7.578789512122836,7.57878929516001,-3.786561153895214,-3.7865609734328283,-3.7865609575952024
0.018408656666914457,7.657200592186279,7.657200570980835,7.65720034408325,-3.8255883676101305,-3.825588179598743,-3.825588162961597
0.018556631061283062,7.7301100567671845,7.7301100344492975,7.730109797327204,-3.861856022095648,-3.8618558263686724,-3.86185580891022
0.018705794918945192,7.797160097586533,7.797160074120964,7.797159826492218,-3.8951850331857885,-3.8951848295871194,-3.8951848112865437
0.01885615780116948,7.8579912034121975,7.8579911787645855,7.857990920356655,-3.9253955039392285,-3.925395292324885,-3.9253952731625192
0.019007729346080814,7.912243484719935,7.91224345885704,7.912243189409163,-3.952307381545291,-3.9523071617851517,-3.9523071417426756
0.019160519269278423,7.959558083956516,7.9595580568464825,7.959557776111994,-3.975741167464157,-3.9757409394437966,-3.975740918504442
0.019314537364458352,7.999578693021478,7.999578664634118,7.999578372382954,-3.995518681550644,-3.995518445173266,-3.995518423322032
0.019469793504041415,8.03195317889528,8.03195314920238,8.031952845223742,-4.011463880627369,-4.011463635815825,-4.0114636130397106
0.019626297639806018,8.05633531771174,8.05633528668738,8.05633497079259,-4.023403731653829,-4.023403478352734,-4.023403454640974
0.01978405980352585,8.072386636872276,8.07238660449318,8.072386276518694,-4.0311691392826585,-4.031168877460579,-4.031168852804895
0.019943090107613217,8.079778364024918,8.079778330270823,8.07977799008142,-4.034595927200999,-4.0345956568527175,-4.034595631247578
0.020103398745766925,8.078193480880186,8.078193445734218,8.078193093226364,-4.033525872222578,-4.03352559337142,-4.033525566814307
0.02026499599362599,8.067328878907928,8.067328842357012,8.067328477462379,-4.027807789624022,-4.027807502324238,-4.027807474815919
0.020427892209428013,8.046897612952115,8.046897574987405,8.046897197676536,-4.017298667706278,-4.0172983720454605,-4.017298343590271
0.020592097834673317,8.01663124771452,8.01663120833183,8.016630818617953,-4.001864849008483,-4.001864545110009,-4.001864515716136
0.020757623394794266,7.976282290893253,7.97628225009352,7.976281848036487,-3.981383255007515,-3.981382943032991,-3.981382912712757
0.020924479499829698,7.925626705519647,7.925626663309401,7.925626249019726,-3.955742650501909,-3.9557423306536004,-3.9557422994237488
0.02109267684510535,7.864466492718448,7.864466449110289,7.864466022753278,-3.924844943204931,-3.9248446157281545,-3.9248445836101333
0.02126222621191909,7.7926323347261155,7.7926322897392035,7.792631851539141,-3.8886065133601497,-3.888606178545598,-3.8886061455658334
0.021433138468232266,7.709986286542456,7.709986240203009,7.709985790447366,-3.8469595674450447,-3.846959225631011,-3.8469591918211776
0.02160542456936618,7.616424503070087,7.616424455411871,7.61642399445551,-3.799853509248005,-3.7998531608224866,-3.7998531262197597
0.021779095558704265,7.5118799870184105,7.511879938083233,7.51187946635256,-3.7472563207935705,-3.747255966196209,-3.7472559308435045
0.02195416256840019,7.396325341224378,7.396325291062564,7.396324809059578,-3.689155944755061,-3.6891555844788737,-3.6891555484250604
0.022130636820091094,7.269775507381233,7.269775456052095,7.269774964358292,-3.625561659137785,-3.6255612937306583,-3.6255612570307525
0.022308529625617215,7.132290471477864,7.132290419050141,7.1322899183301915,-3.5565054341445173,-3.5565050642104032,-3.5565050269257266
0.02248785238774672,6.983977914553739,6.983977861106006,6.983977352111171,-3.4820432602569524,-3.4820428864567328,-3.4820428486550346
0.02266861660090672,6.824995785677124,6.824995731298173,6.824995214869336,-3.402256435687337,-3.4022560587392876,-3.402256020494828
0.02285083385192007,6.655554772380214,6.655554717169371,6.655554194239659,-3.317252800484878,-3.317252421164694,-3.3172523825582734
0.023034515820747933,6.475920642149877,6.475920586217271,6.475920057814119,-3.227167903730026,-3.2271675228703343,-3.2271674839892706
0.02321967428123874,6.286416426998992,6.286416370465754,6.286415837712352,-3.132166089427544,-3.132165707916851,-3.132165668854896
0.0234063211018825,6.087424421657356,6.0874243646557264,6.087423828771717,-3.0324414859299536,-3.0324411047109683,-3.03244106556815
0.02359446824657194,5.879387964541881,5.879387907215235,5.879387369516556,-2.9282188829964317,-2.9282185030636834,-2.928218463946077
0.023784127775369104,5.6628129694307185,5.662812911933462,5.6628123738311995,-2.8197544799375174,-2.819754102334218,-2.819754063353627
0.023975311845278516,5.43826917469378,5.438269117191142,5.438268580189261,-2.7073364877232273,-2.7073361135373037,-2.707336074810854
0.024168032711026438,5.206391076064268,5.206391018731931,5.206390484423737,-2.5912855674624433,-2.591285197821671,-2.591285159471301
0.02436230272584625,4.967878508298954,4.967878451322535,4.9678779213857185,-2.4719550873090337,-2.471954723375204,-2.4719546855270513
0.024558134342270544,4.723496840706185,4.723496784280532,4.723496260470619,-2.349731179634372,-2.349730822596436,-2.3497307853801046
0.024755540112929065,4.474076751458378,4.474076695786675,4.47407617992873,-2.2250325802470936,-2.2250322313132087,-2.2250321948609177
0.02495453269135344,4.220513545881006,4.22051349117365,4.220512985152047,-2.0983102315555024,-2.098309891943936,-2.0983098563895366
0.025155124832788252,3.9637659845680906,3.9637659310413387,3.9637654367874147,-1.970046631880143,-1.9700463028089683,-1.9700462682868298
0.02535732939500862,3.7048545882466106,3.7048545361209597,3.704854055598365,-1.8407549136507664,-1.8407545963263159,-1.8407545629700661
0.02556115933914441,3.4448593878397396,3.444859337338025,3.4448588725255833,-1.71097763398533,-1.7109773295893622,-1.710977297530487
0.025766627730510895,3.1849170901974175,3.184917041542607,3.184916594414487,-1.581285262168442,-1.581284971843998,-1.5812849412102923
0.025973747739446492,2.9262176325059293,2.926217585918591,2.9262171584215952,-1.4522743498415294,-1.4522740746774658,-1.4522740455913334
0.02618253264215671,2.6700001014927466,2.6700000571881626,2.669999651215956,-1.3245653713074093,-1.3245651123216073,-1.3245650848982107
0.02639299582156527,2.417547997231595,2.417547955416514,2.4175475727805895,-1.19880022325152,-1.1987999813727865,-1.1987999557180502
0.026605150768171913,2.170183825659483,2.1701837865284737,2.1701834289257,-1.07563937541011,-1.0756391514588093,-1.0756391276672763
0.02681901108091713,1.929263008856437,1.929262972587839,1.9292626415644099,-0.9557586662818027,-0.9557584609492766,-0.955758439101827
0.027034590468053846,1.6961671077285099,1.6961670744799535,1.696166771391608,-0.8398457408950073,-0.83984555472186,-0.8398455348832994
0.027251902748026094,1.472296357982272,1.4722963278857621,1.4722960538541343,-0.7285961309157792,-0.7285959642691408,-0.7285959464856713
0.02747096185035478,1.2590615271844938,1.259061500341038,1.2590612562060497,-0.622708981011677,-0.6227088340615777,-0.6227088183581649
0.027691781816530547,1.0578751082552595,1.0578750847290364,1.0578748709972539,-0.5228824293751022,-0.5228823020701249,-0.5228822884477804
0.02791437680091381,0.8701418729266377,0.8701418527387019,0.8701416695276251,-0.4298086546473261,-0.42980854668973845,-0.4298085351227397
0.028138761071642055,0.6972488174817936,0.6972488006033143,0.6972486475816105,-0.3441686061590498,-0.34416851697964895,-0.3441685074127219
0.028364949011544408,0.5405545424274008,0.5405545287724434,0.5405544050961796,-0.26662643939526126,-0.26662636812820584,-0.2666263604737015
0.02859295511906356,0.401378117588484,0.40137810700634613,0.40137801125133304,-0.19782368387475463,-0.19782362933269318,-0.19782362346779234
0.028822794009185103,0.2809874943777656,0.2809874866448867,0.28098741673531313,-0.13837317617353856,-0.13837313682338528,-0.13837313258737038
0.029054480414374338,0.18058753759380677,0.18058753240527953,0.18058748553888032,-0.08885279657364081,-0.08885277051338934,-0.08885276770502691
0.029288029185520613,0.10130775994037956,0.10130775690109899,0.10130772947118137,-0.049799053732989804,-0.04979903866999518,-0.0497990370450772
0.02952345529288925,0.04418985341295359,0.04418985202844995,0.044189839543186504,-0.021700567787106526,-0.021700561018306225,-0.021700560287402932
0.02976077382708114,0.010175122629392958,0.010175122296405076,0.010175119295894734,-0.004991508338793647,-0.00499150673337544,-0.004991506559856267
0.030000000000000013,0.00009193593583284896,0.00009193593268968392,0.00009193590438816818,-0.00004504978740999766,-0.000045049772470777504,-0.000045049770854627514
