5.00000000000001e-6,2.4067339904920657e-20,2.4067339913685215e-20,2.4067339868522467e-20,-1.2033669975041703e-20,-1.2033669929878955e-20,-1.2033669938643513e-20
5.0623599377924525e-6,2.592544309411979e-20,2.5925443103561008e-20,2.59254430549115e-20,-1.2962721571384649e-20,-1.296272152273514e-20,-1.296272153217636e-20
5.125497627953191e-6,2.7926999918731665e-20,2.7926999928901785e-20,2.792699987649632e-20,-1.3963499985568564e-20,-1.3963499933163098e-20,-1.3963499943333224e-20
5.1894227706000754e-6,3.008308562213792e-20,3.008308563309322e-20,3.008308557664183e-20,-1.5041542839294656e-20,-1.5041542782843266e-20,-1.5041542793798563e-20
5.254145186830737e-6,3.2405630504561675e-20,3.2405630516362775e-20,3.240563045555309e-20,-1.620281528268568e-20,-1.6202815221875995e-20,-1.6202815233677092e-20
5.319674820231383e-6,3.4907485937160474e-20,3.4907485949872664e-20,3.490748588436821e-20,-1.7453743001332463e-20,-1.745374293582801e-20,-1.74537429485402e-20
5.386021738404514e-6,3.760249547269696e-20,3.760249548639059e-20,3.7602495415828906e-20,-1.8801247771629322e-20,-1.8801247701067637e-20,-1.8801247714761267e-20
5.453196134515633e-6,4.050557144625882e-20,4.050557146100966e-20,4.050557138500031e-20,-2.0252785761134087e-20,-2.0252785685124734e-20,-2.0252785699875573e-20
5.52120832885931e-6,4.363277748988882e-20,4.363277750577849e-20,4.3632777423900883e-20,-2.1816388785883215e-20,-2.181638870400561e-20,-2.1816388719895276e-20
5.590068770444667e-6,4.700141741769687e-20,4.700141743481329e-20,4.700141734661438e-20,-2.3500708752947892e-20,-2.3500708664748982e-20,-2.3500708681865396e-20
5.659788038600748e-6,5.0630130973292165e-20,5.063013099173005e-20,5.0630130896721794e-20,-2.5315065534150207e-20,-2.5315065439141958e-20,-2.531506545757984e-20
5.730376844601848e-6,5.45389969693287e-20,5.453899698919005e-20,5.453899688684676e-20,-2.7269498535835994e-20,-2.7269498433492697e-20,-2.726949845335406e-20
5.801846033313173e-6,5.874964438987378e-20,5.874964441126852e-20,5.874964430102388e-20,-2.9374822250059207e-20,-2.9374822139814565e-20,-2.937482216120931e-20
5.874206584856922e-6,6.328537207035379e-20,6.32853720934003e-20,6.328537197464429e-20,-3.1642686094554896e-20,-3.1642685975798884e-20,-3.1642685998845405e-20
5.947469616299249e-6,6.817127761731609e-20,6.817127764214189e-20,6.81712775142174e-20,-3.408563887262029e-20,-3.408563874469579e-20,-3.40856387695216e-20
6.02164638335821e-6,7.343439628135033e-20,7.343439630809279e-20,7.343439617029198e-20,-3.671719820957557e-20,-3.6717198071774756e-20,-3.6717198098517226e-20
6.0967482821330714e-6,7.910385055160542e-20,7.910385058041253e-20,7.910385043197289e-20,-3.955192535002253e-20,-3.955192520158289e-20,-3.955192523038999e-20
6.172786850855072e-6,8.521101129964084e-20,8.521101133067197e-20,8.521101117077214e-20,-4.260550572977033e-20,-4.260550556987051e-20,-4.260550560090164e-20
6.249773771660138e-6,9.17896713642898e-20,9.178967139771668e-20,9.178967122547189e-20,-4.589483576826729e-20,-4.589483559602251e-20,-4.5894835629449384e-20
6.327720872383639e-6,9.887623253801885e-20,9.887623257402642e-20,9.887623238848359e-20,-4.943811636178083e-20,-4.943811617623801e-20,-4.943811621224558e-20
6.406640128377597e-6,1.0650990698944957e-19,1.0650990702823709e-19,1.0650990682836955e-19,-5.325495359465855e-20,-5.3254953394791013e-20,-5.325495343357853e-20
6.486543664350436e-6,1.1473293423655799e-19,1.1473293427834005e-19,1.1473293406304188e-19,-5.736646722592808e-20,-5.73664670106299e-20,-5.736646705241198e-20
6.5674437562298076e-6,1.2359081487115537e-19,1.235908149161632e-19,1.2359081468424308e-19,-6.179540755153775e-20,-6.179540731961761e-20,-6.179540736462545e-20
6.649352833048565e-6,1.3313256232790088e-19,1.3313256237638352e-19,1.3313256212655814e-19,-6.656628128886313e-20,-6.656628103903775e-20,-6.656628108752039e-20
6.732283478854348e-6,1.4341097409098038e-19,1.4341097414320611e-19,1.4341097387409313e-19,-7.170548718004668e-20,-7.17054869109337e-20,-7.170548696315942e-20
6.816248434642838e-6,1.5448292383909526e-19,1.5448292389535303e-19,1.5448292360546335e-19,-7.724146206449246e-20,-7.72414617746028e-20,-7.724146183086056e-20
6.901260600315271e-6,1.6640967614532422e-19,1.6640967620592532e-19,1.6640967589365492e-19,-8.320483822879731e-20,-8.320483791652691e-20,-8.3204837977128e-20
6.9873330366602766e-6,1.7925722547316254e-19,1.7925722553844232e-19,1.792572252020633e-19,-8.962861290477079e-20,-8.962861256839176e-20,-8.962861263367154e-20
7.0744789673605195e-6,1.930966613445331e-19,1.9309666141485276e-19,1.930966610525038e-19,-9.654833085344102e-20,-9.654833049109207e-20,-9.654833056141172e-20
7.162711781024229e-6,2.0800456170032233e-19,2.0800456177607096e-19,2.080045613857471e-19,-1.0400228104532309e-19,-1.0400228065499923e-19,-1.0400228073074786e-19
7.2520450332422035e-6,2.240634166300703e-19,2.2406341671166704e-19,2.240634162912085e-19,-1.1203170852526441e-19,-1.1203170810480588e-19,-1.1203170818640262e-19
7.342492448670384e-6,2.413620848154073e-19,2.4136208490330367e-19,2.413620844503839e-19,-1.2068104263416355e-19,-1.2068104218124376e-19,-1.2068104226914015e-19
7.434067923138498e-6,2.5999628521291247e-19,2.5999628530759485e-19,2.599962848197077e-19,-1.2999814285039982e-19,-1.2999814236251268e-19,-1.2999814245719503e-19
7.52678552578484e-6,2.8006912669697993e-19,2.8006912679897217e-19,2.8006912627341805e-19,-1.4003456361126705e-19,-1.4003456308571288e-19,-1.4003456318770515e-19
7.620659501217841e-6,3.016916785934296e-19,3.016916787032961e-19,3.016916781371669e-19,-1.5084583957977942e-19,-1.508458390136502e-19,-1.508458391235167e-19
7.715704271704492e-6,3.2498358526075457e-19,3.2498358537910325e-19,3.249835847692664e-19,-1.6249179293529571e-19,-1.6249179232545885e-19,-1.6249179244380754e-19
7.811934439386168e-6,3.5007372811971523e-19,3.5007372824720096e-19,3.5007372759028205e-19,-1.7503686438831705e-19,-1.7503686373139816e-19,-1.750368638588839e-19
7.909364788521921e-6,3.771009387944323e-19,3.7710093893176047e-19,3.771009382241246e-19,-1.885504697510341e-19,-1.8855046904339823e-19,-1.8855046918072637e-19
8.008010287759914e-6,4.0621476731108637e-19,4.062147674590168e-19,4.0621476669674837e-19,-2.031073840366774e-19,-2.0310738327440897e-19,-2.0310738342233943e-19
8.107886092437087e-6,4.375763096048439e-19,4.375763097641952e-19,4.375763089430764e-19,-2.187881552129814e-19,-2.1878815439186255e-19,-2.187881545512139e-19
8.209007546907605e-6,4.713590989139133e-19,4.713590990855673e-19,4.713590982010545e-19,-2.3567954989921304e-19,-2.3567954901470024e-19,-2.356795491863542e-19
8.311390186900177e-6,5.077500659930109e-19,5.077500661779173e-19,5.077500652251164e-19,-2.53875033472906e-19,-2.5387503252010497e-19,-2.5387503270501134e-19
8.41504974190494e-6,5.469505734594916e-19,5.469505736586735e-19,5.469505726323122e-19,-2.7347528724292647e-19,-2.734752862165651e-19,-2.7347528641574707e-19
8.520002137590023e-6,5.891775299954294e-19,5.89177530209989e-19,5.891775291043881e-19,-2.945887655505151e-19,-2.945887644449142e-19,-2.945887646594739e-19
8.626263498248342e-6,6.346645905709275e-19,6.346645908020521e-19,6.34664589611094e-19,-3.1733229588094276e-19,-3.173322946899847e-19,-3.173322949211093e-19
8.73385014927474e-6,6.836634493297688e-19,6.836634495787374e-19,6.836634482958321e-19,-3.4183172530633705e-19,-3.418317240234318e-19,-3.4183172427240026e-19
8.842778619674197e-6,7.364452322914697e-19,7.364452325596596e-19,7.364452311777085e-19,-3.6822261683671036e-19,-3.682226154547593e-19,-3.6822261572294917e-19
8.953065644601226e-6,7.933019975758833e-19,7.933019978647787e-19,7.93301996376135e-19,-3.9665099953226357e-19,-3.966509980436198e-19,-3.9665099833251514e-19
9.064728167931024e-6,8.545483514516424e-19,8.545483517628417e-19,8.545483501592683e-19,-4.272741765276079e-19,-4.2727417492403445e-19,-4.272741752352338e-19
9.177783344862541e-6,9.20523189150403e-19,9.205231894856282e-19,9.205231877582518e-19,-4.602615954388896e-19,-4.602615937115134e-19,-4.602615940467385e-19
9.29224854455417e-6,9.915915700795179e-19,9.91591570440624e-19,9.915915685798867e-19,-4.957957859701275e-19,-4.957957841093904e-19,-4.957957844704964e-19
9.408141352792214e-6,1.0681467378091356e-18,1.0681467381981207e-18,1.0681467361937266e-18,-5.340733699067648e-19,-5.340733679023708e-19,-5.340733682913558e-19
9.52547957469274e-6,1.1506122960110473e-18,1.1506122964300638e-18,1.1506122942709216e-18,-5.753061490850947e-19,-5.753061469259527e-19,-5.753061473449691e-19
9.644281237436947e-6,1.2394445523892316e-18,1.239444552840598e-18,1.2394445505147608e-18,-6.197222773575344e-19,-6.197222750316972e-19,-6.197222754830635e-19
9.764564593040824e-6,1.3351350435720266e-18,1.3351350440582403e-18,1.3351350415528385e-18,-6.675675230387142e-19,-6.675675205333124e-19,-6.67567521019526e-19
9.886348121159268e-6,1.4382132549367469e-18,1.4382132554604983e-18,1.4382132527616688e-18,-7.191066288177883e-19,-7.191066261189587e-19,-7.191066266427101e-19
0.000010009650531925254,1.549249550416508e-18,1.5492495509806954e-18,1.5492495480735043e-18,-7.746247766618496e-19,-7.746247737546585e-19,-7.746247743188459e-19
0.000010134490768824244,1.6688583285005453e-18,1.6688583291082905e-18,1.6688583259766517e-18,-8.34429165816092e-19,-8.344291626844533e-19,-8.344291632921984e-19
0.000010260888011604638,1.797701421891467e-18,1.7977014225461328e-18,1.7977014191727178e-18,-8.988507126324409e-19,-8.988507092590261e-19,-8.988507099136917e-19
0.000010388861679224394,1.9364917596304885e-18,1.9364917603356974e-18,1.9364917567018405e-18,-9.682458816321727e-19,-9.682458779983158e-19,-9.682458787035245e-19
0.00001051843143283454,2.0859973119545926e-18,2.0859973127142464e-18,2.08599730879984e-18,-1.0429986579344995e-18,-1.042998654020093e-18,-1.0429986547797469e-18
0.000010649617178799668,2.2470453397132857e-18,2.2470453405315883e-18,2.2470453363149727e-18,-1.1235226719649507e-18,-1.123522667748335e-18,-1.1235226685666375e-18
0.000010782439071756324,2.4205269718587853e-18,2.420526972740264e-18,2.420526968198108e-18,-1.2102634882004708e-18,-1.2102634836583143e-18,-1.2102634845397934e-18
0.000010916917517709407,2.607402136337886e-18,2.6074021372874188e-18,2.607402132394588e-18,-1.3037010706153582e-18,-1.3037010657225276e-18,-1.3037010666720606e-18
0.000011053073177167326,2.8087048716699443e-18,2.8087048726927853e-18,2.808704867422207e-18,-1.4043524384702614e-18,-1.4043524331996831e-18,-1.4043524342225239e-18
0.00001119092696831602,3.0255490486010857e-18,3.0255490497028945e-18,3.0255490440254048e-18,-1.512774527139288e-18,-1.512774521461798e-18,-1.5127745225636067e-18
0.000011330500070232812,3.2591345334949057e-18,3.259134534681779e-18,3.2591345285659622e-18,-1.629567269805361e-18,-1.6295672636895445e-18,-1.6295672648764177e-18
0.000011471813926140186,3.510753827563038e-18,3.510753828841543e-18,3.510753822253559e-18,-1.755376917075511e-18,-1.755376910487527e-18,-1.7553769117660318e-18
0.000011614890246700303,3.7817992186729485e-18,3.7817992200501594e-18,3.781799212953554e-18,-1.8908996128847768e-18,-1.8908996057881717e-18,-1.8908996071653827e-18
0.00001175975101335036,4.0737704853053876e-18,4.073770486788925e-18,4.073770479144432e-18,-2.03688524647494e-18,-2.036885238830447e-18,-2.0368852403139847e-18
0.00001190641848167979,4.388283195290642e-18,4.3882831968887155e-18,4.388283188654034e-18,-2.1941416017626615e-18,-2.19414159352798e-18,-2.1941415951260536e-18
0.000012054915184849458,4.727077645242437e-18,4.727077646963889e-18,4.727077638093454e-18,-2.3635388270564356e-18,-2.3635388181860014e-18,-2.363538819907453e-18
0.000012205263937053512,5.0920284901541934e-18,5.092028492008548e-18,5.0920284824532786e-18,-2.5460142498547315e-18,-2.5460142402994616e-18,-2.5460142421538166e-18
0.000012357487837024512,5.485155116441463e-18,5.485155118438982e-18,5.485155108146003e-18,-2.7425775633672203e-18,-2.742577553074242e-18,-2.7425775550717612e-18
0.000012511610271582056,5.9086328158268165e-18,5.908632817978553e-18,5.908632806890913e-18,-2.9543164134572284e-18,-2.9543164023695885e-18,-2.9543164045213245e-18
0.00001266765491922586,6.3648048218967134e-18,6.364804824214573e-18,6.3648048122709186e-18,-3.1824024169201836e-18,-3.1824024049765298e-18,-3.182402407294389e-18
0.000012825645753773672,6.856195275931861e-18,6.85619527842867e-18,6.856195265562915e-18,-3.4280976443988085e-18,-3.428097631533053e-18,-3.4280976340298613e-18
0.00001298560704804432,7.385523193754094e-18,7.385523196443666e-18,7.385523182584618e-18,-3.6927616038065705e-18,-3.692761589947523e-18,-3.692761592637096e-18
0.00001314756337758695,7.955717510873951e-18,7.955717513771171e-18,7.955717498842145e-18,-3.977858762901488e-18,-3.9778587479724626e-18,-3.977858750869682e-18
0.000013311539624456654,8.569933289187142e-18,8.569933292308039e-18,8.569933276226429e-18,-4.284966652634376e-18,-4.284966636552766e-18,-4.284966639673663e-18
0.000013477560981037178,9.231569174896767e-18,9.231569178258611e-18,9.231569160935431e-18,-4.6157845961099736e-18,-4.615784578786793e-18,-4.615784582148637e-18
0.000013645652953911445,9.944286204261689e-18,9.944286207883081e-18,9.944286189222478e-18,-4.972143111461146e-18,-4.972143092800542e-18,-4.972143096421935e-18
0.000013815841367780082,1.0712028061227324e-17,1.0712028065128305e-17,1.0712028045027022e-17,-5.3560140406643036e-18,-5.356014020563021e-18,-5.356014024464001e-18
0.000013988152369429088,1.1539042899032442e-17,1.1539042903234595e-17,1.1539042881581406e-17,-5.7695214603428155e-18,-5.769521438689627e-18,-5.769521442891779e-18
0.000014162612431746822,1.2429906846535696e-17,1.2429906851062274e-17,1.2429906827737366e-17,-6.214953434930302e-18,-6.214953411605394e-18,-6.214953416131971e-18
0.000014339248357791263,1.3389549329330853e-17,1.3389549334206901e-17,1.338954930908121e-17,-6.694774677228272e-18,-6.69477465210258e-18,-6.694774656978629e-18
0.000014518087284907714,1.4423280345757707e-17,1.4423280351010208e-17,1.44232803239447e-17,-7.211640186411605e-18,-7.2116401593461e-18,-7.211640164598601e-18
0.000014699156688898135,1.5536819848737692e-17,1.553681985439571e-17,1.553681982524063e-17,-7.768409938946384e-18,-7.768409909791308e-18,-7.768409915449325e-18
0.000014882484388242317,1.673632939601039e-17,1.673632940210523e-17,1.6736329370699254e-17,-8.368164713708183e-18,-8.368164682302206e-18,-8.368164688397047e-18
0.000015068098548371876,1.8028446243902888e-17,1.8028446250468275e-17,1.8028446216637624e-17,-9.01422313886677e-18,-9.014223105036118e-18,-9.014223111601506e-18
0.00001525602768599725,1.9420320073279848e-17,1.942032008035211e-17,1.942032004390959e-17,-9.710160054861184e-18,-9.710160018418662e-18,-9.710160025490927e-18
0.000015446300673488966,2.0919652550893658e-17,2.0919652558511928e-17,2.091965251925589e-17,-1.0459826295074848e-17,-1.0459826255818808e-17,-1.0459826263437081e-17
0.000015638946743313363,2.253473994503597e-17,2.2534739953242408e-17,2.253473991095563e-17,-1.1267369993661373e-17,-1.1267369951374597e-17,-1.1267369959581034e-17
0.000015833995492523832,2.427451903129835e-17,2.427451904013836e-17,2.427451899458686e-17,-1.2137259538424925e-17,-1.2137259492873426e-17,-1.2137259501713437e-17
0.000016031476887307753,2.6148616542447735e-17,2.6148616551970232e-17,2.6148616502901965e-17,-1.3074308295758002e-17,-1.3074308246689734e-17,-1.307430825621223e-17
0.000016231421267590453,2.816740243604267e-17,2.8167402446300337e-17,2.816740239344379e-17,-1.4083701244449607e-17,-1.4083701191593057e-17,-1.4083701201850733e-17
0.000016433859351696394,3.034204727453098e-17,3.034204728558059e-17,3.034204722864329e-17,-1.517102366573414e-17,-1.517102360879684e-17,-1.517102361984645e-17
0.000016638822241068705,3.268458403533392e-17,3.2684584047236604e-17,3.26845839859035e-17,-1.634229204833351e-17,-1.6342291987000408e-17,-1.6342291998903096e-17
0.000016846341425047215,3.5207974692923293e-17,3.520797470574492e-17,3.520797463967663e-17,-1.760398737949579e-17,-1.76039873134275e-17,-1.760398732624913e-17
0.000017056448785706457,3.792618194131778e-17,3.792618195512929e-17,3.792618188396025e-17,-1.8963091006243406e-17,-1.896309093507437e-17,-1.896309094888588e-17
0.00001726917660275375,4.0854246453852505e-17,4.085424646873033e-17,4.085424639206674e-17,-2.042712326525805e-17,-2.0427123188594457e-17,-2.0427123203472278e-17
0.000017484557558488637,4.4008370107728907e-17,4.400837012375536e-17,4.400837004117301e-17,-2.200418509515563e-17,-2.200418501257328e-17,-2.200418502859973e-17
0.000017702624742823786,4.7406005633841215e-17,4.740600565110498e-17,4.7406005562146917e-17,-2.370300286139964e-17,-2.3703002772441576e-17,-2.370300278970534e-17
0.000017923411658368876,5.106595318794822e-17,5.106595320654482e-17,5.106595311071881e-17,-2.5532976641887112e-17,-2.5532976546061106e-17,-2.5532976564657706e-17
0.000018146952225577684,5.500846437753813e-17,5.500846439757046e-17,5.500846429434628e-17,-2.7504232240381154e-17,-2.750423213715697e-17,-2.750423215718931e-17
0.000018373280787959576,5.925535432000337e-17,5.925535434158229e-17,5.925535423038875e-17,-2.962767721559845e-17,-2.9627677104404917e-17,-2.9627677125983843e-17
0.000018602432117355626,6.383012235216489e-17,6.38301223754098e-17,6.383012225563166e-17,-3.191506123597152e-17,-3.1915061116193375e-17,-3.191506113943828e-17
0.000018834441419280915,6.875808205907904e-17,6.875808208411854e-17,6.875808195509302e-17,-3.437904109405228e-17,-3.437904096502675e-17,-3.437904099006627e-17
0.00001906934433833323,7.406650134160226e-17,7.406650136857494e-17,7.406650122958808e-17,-3.7033250740294555e-17,-3.7033250601307704e-17,-3.703325062828038e-17
0.000019307176963669457,7.978475329775648e-17,7.978475332681157e-17,7.978475317709433e-17,-3.9892376723736855e-17,-3.989237657401962e-17,-3.9892376603074706e-17
0.00001954797583454988,8.594447875274984e-17,8.594447878404809e-17,8.594447862277205e-17,-4.297223945701294e-17,-4.297223929573689e-17,-4.297223932703515e-17
0.000019791777945952023,9.257976133699451e-17,9.257976137070913e-17,9.257976119698189e-17,-4.628988075536087e-17,-4.6289880581633635e-17,-4.628988061534825e-17
0.000020038620754254264,9.972731608086261e-17,9.972731611718015e-17,9.972731593004043e-17,-4.986365813400117e-17,-4.986365794686145e-17,-4.986365798317898e-17
0.000020288542182990595,1.0742669256974087e-16,1.0742669260886227e-16,1.0742669240727456e-16,-5.371334638566429e-17,-5.371334618407658e-17,-5.371334622319798e-17
0.000020541580628676726,1.1572049378347671e-16,1.1572049382561845e-16,1.157204936084673e-16,-5.786024700031392e-17,-5.786024678316278e-17,-5.786024682530452e-17
0.000020797774966709272,1.2465461183113995e-16,1.2465461187653522e-16,1.246546116426191e-16,-6.232730603252804e-17,-6.232730579861191e-17,-6.232730584400717e-17
0.00002105716455733827,1.342784818854658e-16,1.342784819343658e-16,1.3427848168239033e-16,-6.713924106872062e-17,-6.713924081674518e-17,-6.713924086564516e-17
0.000021319789251714443,1.4464535572208446e-16,1.4464535577475974e-16,1.4464535550333072e-16,-7.232267799675675e-17,-7.232267772532772e-17,-7.232267777800299e-17
0.000021585689398011423,1.5581259637707887e-16,1.558125964338209e-16,1.558125961414364e-16,-7.79062983347317e-17,-7.790629804234719e-17,-7.790629809908922e-17
0.00002185490584762482,1.6784199555332495e-16,1.678419956144477e-16,1.6784199529948988e-16,-8.392099793414139e-17,-8.392099761918357e-17,-8.392099768030631e-17
0.00002212747996144834,1.8080011553188284e-16,1.8080011559772452e-16,1.808001152584506e-16,-9.040005793557836e-17,-9.040005759630447e-17,-9.040005766214615e-17
0.00002240345361622818,1.947586574803361e-16,1.9475865755126105e-16,1.9475865718579377e-16,-9.737932892290168e-17,-9.737932855743441e-17,-9.737932862835936e-17
0.000022682869210996955,2.0979485819604157e-16,2.0979485827244224e-16,2.097948578787593e-16,-1.0489742929486224e-16,-1.0489742890117932e-16,-1.0489742897757998e-16
0.000022965769673587333,2.2599191747953715e-16,2.259919175618363e-16,2.259919171377594e-16,-1.1299595895180704e-16,-1.1299595852773013e-16,-1.1299595861002925e-16
0.000023252198467227384,2.4343945850292696e-16,2.4343945859157993e-16,2.434394581347625e-16,-1.217197294798722e-16,-1.2171972902305477e-16,-1.2171972911170775e-16
0.00002354219959721815,2.622340237205628e-16,2.6223402381606014e-16,2.622340233239745e-16,-1.3111701210632424e-16,-1.3111701161423857e-16,-1.3111701170973593e-16
0.00002383581761769411,2.8247960906600045e-16,2.8247960916887057e-16,2.824796086387938e-16,-1.4123980479803858e-16,-1.4123980426796184e-16,-1.41239804370832e-16
0.000024133097638468393,3.0428823939113426e-16,3.0428823950194644e-16,3.042882389309455e-16,-1.521441199810676e-16,-1.5214411941006666e-16,-1.5214411952087884e-16
0.000024434085331963162,3.277805883315262e-16,3.2778058845089354e-16,3.2778058783580893e-16,-1.638902944733054e-16,-1.638902938582208e-16,-1.6389029397758815e-16
0.000024738826940226404,3.5308664602781407e-16,3.5308664615639707e-16,3.5308664549382535e-16,-1.765433233451929e-16,-1.7654332268262115e-16,-1.7654332281120417e-16
0.00002504736928203651,3.8034643839790013e-16,3.803464385364103e-16,3.8034643782268524e-16,-1.901732195558126e-16,-1.9017321884208753e-16,-1.901732189805977e-16
0.00002535975976009494,4.0971080193977224e-16,4.09710802088976e-16,4.0971080132014833e-16,-2.0485540135429994e-16,-2.048554005854723e-16,-2.0485540073467605e-16
0.000025676046368309053,4.4134221835221924e-16,4.4134221851294215e-16,4.4134221768475777e-16,-2.206711095902018e-16,-2.2067110876201743e-16,-2.2067110892274037e-16
0.00002599627769916578,4.754157135915776e-16,4.75415713764709e-16,4.754157128725853e-16,-2.3770785724185066e-16,-2.3770785634972697e-16,-2.3770785652285837e-16
0.00002632050295119679,5.121198263391647e-16,5.121198265256626e-16,5.121198255646632e-16,-2.56059913650082e-16,-2.5605991268908264e-16,-2.560599128755806e-16
0.000026648771936537278,5.516576512382697e-16,5.516576514391661e-16,5.516576504039735e-16,-2.7582882613673116e-16,-2.758288251015386e-16,-2.7582882530243493e-16
0.000026981135088578773,5.942479626731173e-16,5.942479628895237e-16,5.942479617744099e-16,-2.9712398189411554e-16,-2.9712398077900173e-16,-2.9712398099540817e-16
0.00002731764346971737,6.401264253079716e-16,6.401264255410855e-16,6.401264243398802e-16,-3.2006321325458843e-16,-3.200632120533832e-16,-3.2006321228649705e-16
0.000027658348779198914,6.895468980846389e-16,6.895468983357502e-16,6.895468970418069e-16,-3.447734496892911e-16,-3.447734483953478e-16,-3.447734486464591e-16
0.00002800330336106142,7.427828388935782e-16,7.427828391640764e-16,7.427828377702352e-16,-3.713914201437097e-16,-3.7139141874986855e-16,-3.7139141902036674e-16
0.000028352560212177102,8.001288176911638e-16,8.001288179825456e-16,8.001288164810941e-16,-4.0006440959630766e-16,-4.000644080948562e-16,-4.00064408386238e-16
0.000028706172990394673,8.619021464354699e-16,8.619021467493476e-16,8.619021451319779e-16,-4.309510740264199e-16,-4.3095107240905004e-16,-4.309510727229278e-16
0.000029064196022782697,9.284446348593186e-16,9.28444635197429e-16,9.284446334551913e-16,-4.642223183007781e-16,-4.642223165585405e-16,-4.642223168966509e-16
0.000029426684313976316,1.0001244817958653e-15,1.0001244821600792e-15,1.0001244802833337e-15,-5.000622418363055e-16,-5.000622399595599e-16,-5.000622403237738e-16
0.00002979369355462774,1.0773383125217315e-15,1.0773383129140642e-15,1.0773383108924263e-15,-5.386691572716847e-16,-5.386691552500467e-16,-5.386691556423795e-16
0.00003016528012996248,1.160513373390899e-15,1.1605133738135216e-15,1.1605133716358046e-15,-5.802566877843079e-16,-5.80256685606591e-16,-5.802566860292136e-16
0.00003054150112844169,1.25010989590259e-15,1.250109896357841e-15,1.2501098940119952e-15,-6.250549491242178e-16,-6.250549467783722e-16,-6.25054947233623e-16
0.000030922414350533186,1.3466236432843109e-15,1.346623643774709e-15,1.3466236412477542e-15,-6.733118229056328e-16,-6.733118203786781e-16,-6.733118208690762e-16
0.000031308078317591465,1.450588653680682e-15,1.4505886542089408e-15,1.4505886514868947e-15,-7.25294328201364e-16,-7.25294325479318e-16,-7.252943260075768e-16
0.00003169855228084859,1.5625801951268127e-15,1.5625801956958556e-15,1.5625801927636563e-15,-7.81290099029506e-16,-7.812900960973068e-16,-7.812900966663495e-16
0.00003209389623051743,1.6832179486568157e-15,1.683217949269791e-15,1.6832179461112137e-15,-8.416089759076965e-16,-8.416089727491192e-16,-8.416089733620945e-16
0.00003249417090500787,1.8131694371600462e-15,1.8131694378203457e-15,1.8131694344179137e-15,-9.065847202812393e-16,-9.06584716878807e-16,-9.065847175391066e-16
0.00003289943780025853,1.953153718958016e-15,1.9531537196692933e-15,1.9531537160041792e-15,-9.76576861311565e-16,-9.765768576464508e-16,-9.765768583577282e-16
0.000033309759179184553,2.10394536653906e-15,2.103945367305251e-15,2.103945363357175e-15,-1.0519726852435678e-15,-1.051972681295492e-15,-1.051972682061683e-15
0.000033725198081243594,2.266378752466182e-15,2.2663787532915263e-15,2.2663787490386426e-15,-1.1331893783595327e-15,-1.1331893741066492e-15,-1.1331893749319934e-15
0.00003414581833212043,2.441352666172523e-15,2.4413526670615874e-15,2.4413526624803633e-15,-1.2206763353768734e-15,-1.2206763307956495e-15,-1.220676331684714e-15
0.00003457168455353298,2.6298352871905873e-15,2.6298352881482912e-15,2.629835283213378e-15,-1.3149176460627502e-15,-1.3149176411278371e-15,-1.314917642085541e-15
0.00003500286217316063,2.832869542332961e-15,2.8328695433646037e-15,2.8328695380486953e-15,-1.4164347738244347e-15,-1.4164347685085263e-15,-1.416434769540169e-15
0.00003543941743469578,3.051578876466541e-15,3.0515788775778306e-15,3.0515788718515125e-15,-1.5257894410964295e-15,-1.5257894353701114e-15,-1.5257894364814013e-15
0.00003588141740802139,3.287173468811715e-15,3.287173470008801e-15,3.2871734638403878e-15,-1.643586737490064e-15,-1.6435867313216508e-15,-1.6435867325187368e-15
0.00003632892999951517,3.54095692916203e-15,3.5409569304515365e-15,3.5409569238068964e-15,-1.7704784679033351e-15,-1.7704784612586952e-15,-1.7704784625482014e-15
0.000036782023962482255,3.814333511075977e-15,3.814333512465038e-15,3.814333505307406e-15,-1.907166759116805e-15,-1.907166751959172e-15,-1.9071667533482333e-15
0.00003724076890771836,4.10881588195305e-15,4.108815883449353e-15,4.108815875739121e-15,-2.054407944831641e-15,-2.0544079371214092e-15,-2.0544079386177123e-15
0.000037705235314203973,4.426033492986738e-15,4.426033494598562e-15,4.426033486293069e-15,-2.2130167506461154e-15,-2.2130167423406225e-15,-2.2130167439524464e-15
0.00003817549453993254,4.767741595307719e-15,4.767741597043982e-15,4.767741588097272e-15,-2.3838708021272144e-15,-2.3838707931805042e-15,-2.3838707949167678e-15
0.000038651618832873725,5.135830952204888e-15,5.135830954075197e-15,5.135830944437766e-15,-2.5679154809211597e-15,-2.5679154712837277e-15,-2.567915473154038e-15
0.00003913368134207277,5.532338301163108e-15,5.532338303177814e-15,5.5323382927963334e-15,-2.7661691557722943e-15,-2.766169145390814e-15,-2.7661691474055196e-15
0.00003962175612888896,5.959457623606967e-15,5.959457625777216e-15,5.9594576145942435e-15,-2.9797288173949697e-15,-2.9797288062119966e-15,-2.9797288083822465e-15
0.000040115918178373926,6.4195522847071105e-15,6.419552287044912e-15,6.419552274998569e-15,-3.2097761483767264e-15,-3.2097761363303837e-15,-3.2097761386681856e-15
0.000040616243410791874,6.91516811042105e-15,6.91516811293934e-15,6.915168099962971e-15,-3.4575840616987095e-15,-3.4575840487223405e-15,-3.4575840512406306e-15
0.00004112280869328381,7.449047474126101e-15,7.449047476838814e-15,7.449047462860617e-15,-3.724523744052148e-15,-3.724523730073953e-15,-3.724523732786665e-15
0.00004163569185167656,8.024144470787012e-15,8.024144473709156e-15,8.024144458651788e-15,-4.01207224292219e-15,-4.012072227864822e-15,-4.012072230786967e-15
0.000042154971682439734,8.643641262620649e-15,8.643641265768395e-15,8.643641249548537e-15,-4.321820639420253e-15,-4.321820623200396e-15,-4.321820626348142e-15
0.00004268072796479147,9.310965686699715e-15,9.31096569009048e-15,9.310965672618387e-15,-4.655482852085904e-15,-4.655482834613811e-15,-4.655482838004576e-15
0.000043213041472955584,1.0029810221921878e-14,1.0029810225574426e-14,1.0029810206753416e-14,-5.014905120371443e-15,-5.0149051015504345e-15,-5.014905105202982e-15
0.00004375199398857074,1.0804152420289601e-14,1.0804152424224141e-14,1.0804152403950076e-14,-5.4020762202818335e-15,-5.402076200007768e-15,-5.4020762039423074e-15
0.00004429766831325526,1.1638276915551868e-14,1.163827691979017e-14,1.1638276897950868e-14,-5.819138468695586e-15,-5.819138446856283e-15,-5.819138451094585e-15
0.00004485014828132815,1.2536799130982917e-14,1.2536799135548434e-14,1.2536799112023051e-14,-6.26839957725415e-15,-6.268399553728768e-15,-6.268399558294284e-15
0.00004540951877268924,1.350469081747748e-14,1.3504690822395474e-14,1.350469079705384e-14,-6.752345421409557e-15,-6.752345396067924e-15,-6.752345400985916e-15
0.00004597586572585918,1.4547307563265866e-14,1.454730756856355e-14,1.4547307541265444e-14,-7.273653795281987e-15,-7.27365376798388e-15,-7.273653773281562e-15
0.00004654927615118283,1.567041842746614e-14,1.5670418433172827e-14,1.56704184037672e-14,-7.835209228435885e-15,-7.835209199030257e-15,-7.835209204736943e-15
0.00004712983814419694,1.6880237861437047e-14,1.6880237867584315e-14,1.6880237835908457e-14,-8.44011894655645e-15,-8.440118914880596e-15,-8.440118921027863e-15
0.00004771764089916495,1.818346009455781e-14,1.818346010117967e-14,1.8183460067058314e-14,-9.091730064339582e-15,-9.091730030218227e-15,-9.091730036840088e-15
0.00004831277472277976,1.9587296174692e-14,1.9587296181825092e-14,1.958729614506944e-14,-9.793648105723826e-15,-9.793648068968173e-15,-9.793648076101266e-15
0.00004891533104803833,2.109951386828783e-14,2.109951387597163e-14,2.1099513836378297e-14,-1.0549756953940582e-14,-1.0549756914347251e-14,-1.0549756922031048e-14
0.00004952540244828871,2.272848064088261e-14,2.2728480649159628e-14,2.272848060650954e-14,-1.1364240341766348e-14,-1.136424029911626e-14,-1.1364240307393279e-14
0.000050143082651452906,2.4483209955829128e-14,2.4483209964745165e-14,2.448320991880233e-14,-1.2241605000885982e-14,-1.2241604954943144e-14,-1.2241604963859183e-14
0.000050768466554426094,2.6373411147414213e-14,2.6373411157018604e-14,2.6373411107528807e-14,-1.3186705598452006e-14,-1.3186705548962206e-14,-1.31867055585666e-14
0.00005140165023765644,2.840954314432672e-14,2.840954315467261e-14,2.8409543101362012e-14,-1.420477159881866e-14,-1.4204771545508062e-14,-1.420477155585395e-14
0.00005204273097990617,3.0602872340726175e-14,3.060287235187081e-14,3.060287229444443e-14,-1.5301436199076277e-14,-1.5301436141649898e-14,-1.5301436152794537e-14
0.000052691807273197326,3.296553493512019e-14,3.2965534947125234e-14,3.2965534885265324e-14,-1.648276749849005e-14,-1.648276743663014e-14,-1.6482767448635187e-14
0.00005334897883794293,3.551060408196958e-14,3.5510604094901466e-14,3.551060402826574e-14,-1.7755302074302653e-14,-1.7755302007666928e-14,-1.7755302020598813e-14
0.00005401434663826782,3.82521622275813e-14,3.825216224151158e-14,3.825216216973133e-14,-1.9126081149680776e-14,-1.9126081077900524e-14,-1.9126081091830804e-14
0.000054688012897520185,4.120537903052217e-14,4.120537904552793e-14,4.120537896820597e-14,-2.0602689553922067e-14,-2.0602689476600108e-14,-2.060268949160586e-14
0.00005537008111397641,4.438659529769082e-14,4.438659531385508e-14,4.4386595230563584e-14,-2.219329769049116e-14,-2.2193297607199663e-14,-2.219329762336392e-14
0.00005606065607674243,4.781341340047188e-14,4.7813413417884087e-14,4.781341332816218e-14,-2.3906706745096892e-14,-2.3906706655374986e-14,-2.390670667278719e-14
0.00005675984388185215,5.150479467123864e-14,5.1504794689995136e-14,5.150479459334637e-14,-2.5752397383943706e-14,-2.575239728729494e-14,-2.5752397306051432e-14
0.00005746775194856837,5.548116431911457e-14,5.548116433931914e-14,5.5481164235208736e-14,-2.7740582211612487e-14,-2.7740582107502083e-14,-2.7740582127706656e-14
0.00005818448903588522,5.976452444547627e-14,5.976452446724072e-14,5.97645243550926e-14,-2.988226227881219e-14,-2.988226216666408e-14,-2.988226218842853e-14
0.000058910165259237796,6.437857578452865e-14,6.43785758079734e-14,6.437857568716706e-14,-3.21892879526675e-14,-3.2189287831861153e-14,-3.2189287855305904e-14
0.00005964489210741952,6.934884884253175e-14,6.934884886778653e-14,6.93488487376535e-14,-3.467442448633239e-14,-3.4674424356199367e-14,-3.467442438145414e-14
0.00006038878245971065,7.470284516127428e-14,7.470284518847882e-14,7.470284504829906e-14,-3.735142265072702e-14,-3.735142251054726e-14,-3.73514225377518e-14
0.00006114195060322032,8.047018948740023e-14,8.047018951670506e-14,8.047018936570293e-14,-4.023509481920118e-14,-4.0235094668199045e-14,-4.0235094697503883e-14
0.0000619045122504454,8.668279368954155e-14,8.668279372110885e-14,8.66827935584488e-14,-4.3341396926100794e-14,-4.3341396763440755e-14,-4.3341396795008046e-14
0.00006267658455704713,9.337503333018917e-14,9.337503336419358e-14,9.337503318897562e-14,-4.6687516752703567e-14,-4.668751657748561e-14,-4.668751661149002e-14
0.00006345828613985118,1.0058393786929016e-13,1.0058393790591985e-13,1.0058393771717445e-13,-5.0291969029017786e-14,-5.029196884027238e-14,-5.029196887690207e-14
0.00006424973709507042,1.083493955519267e-13,1.0834939559138433e-13,1.0834939538806714e-13,-5.417469787762195e-14,-5.417469767430475e-14,-5.4174697713762386e-14
0.0000650510590167563,1.16714374113733e-13,1.1671437415623692e-13,1.1671437393722293e-13,-5.835718716637349e-14,-5.83571869473595e-14,-5.835718698986343e-14
0.00006586237501547978,1.2572515852518e-13,1.257251585709654e-13,1.2572515833504277e-13,-6.286257938055132e-14,-6.286257914462869e-14,-6.286257919041409e-14
0.00006668380973724537,1.354316070901509e-13,1.3543160713947112e-13,1.3543160688533446e-13,-6.771580367214378e-14,-6.771580341800714e-14,-6.771580346732734e-14
0.00006751548938264077,1.458874273157737e-13,1.4588742736890161e-13,1.4588742709514477e-13,-7.294371379476529e-14,-7.294371352100842e-14,-7.294371357413633e-14
0.00006835754172622633,1.5715047307988044e-13,1.5715047313711003e-13,1.5715047284221823e-13,-7.857523668738612e-14,-7.857523639249431e-14,-7.857523644972391e-14
0.0000692100961361647,1.692830647402566e-13,1.6928306480190451e-13,1.6928306448424608e-13,-8.464153252895751e-14,-8.464153221129906e-14,-8.464153227294702e-14
0.0000700732835940966,1.8235233395683747e-13,1.8235233402324486e-13,1.8235233368106214e-13,-9.117616714951009e-14,-9.117616680732737e-14,-9.117616687373478e-14
0.00007094723671526461,1.964305951346921e-13,1.9643059520622644e-13,1.9643059483762607e-13,-9.821529775164624e-14,-9.821529738304588e-14,-9.82152974545802e-14
0.00007183208976888654,2.1159574554290796e-13,2.1159574561996498e-13,2.1159574522290748e-13,-1.0579787296998272e-13,-1.0579787257292523e-13,-1.0579787264998226e-13
0.00007272797869878434,2.279316963232108e-13,2.2793169640621693e-13,2.279316959785053e-13,-1.139658483754612e-13,-1.139658479477496e-13,-1.1396584803075571e-13
0.0000736350411442696,2.455288367729814e-13,2.455288368623959e-13,2.455288364016636e-13,-1.2276441861685686e-13,-1.2276441815612453e-13,-1.2276441824553905e-13
0.00007455341646128957,2.6448453447147155e-13,2.644845345677892e-13,2.644845340714869e-13,-1.3224226748388693e-13,-1.3224226698758462e-13,-1.3224226708390226e-13
0.00007548324574383759,2.8490367401633037e-13,2.8490367412008413e-13,2.849036735854657e-13,-1.424518372754744e-13,-1.42451836740856e-13,-1.4245183684460973e-13
0.00007642467184562907,3.0689923735110946e-13,3.0689923746287335e-13,3.0689923688698076e-13,-1.5344961896350103e-13,-1.5344961838760843e-13,-1.534496184993723e-13
0.00007737783940204917,3.3059292889462414e-13,3.3059292901501663e-13,3.305929283946634e-13,-1.652964647574887e-13,-1.6529646413713545e-13,-1.6529646425752791e-13
0.00007834289485237426,3.5611584893084026e-13,3.5611584906052753e-13,3.5611584839228106e-13,-1.7805792479954337e-13,-1.7805792413129692e-13,-1.7805792426098416e-13
0.00007931998646226905,3.8360921898493663e-13,3.8360921912463625e-13,3.8360921840479913e-13,-1.9180460985238687e-13,-1.9180460913254978e-13,-1.9180460927224938e-13
0.00008030926434656595,4.132251631989326e-13,4.1322516334941754e-13,4.1322516257400685e-13,-2.0661258198717165e-13,-2.0661258121176099e-13,-2.0661258136224589e-13
0.0000813108804923277,4.4512755002994763e-13,4.4512755019205054e-13,4.451275493567759e-13,-2.2256377543261114e-13,-2.225637745973365e-13,-2.2256377475943937e-13
0.00008232498878219777,4.794928989279831e-13,4.794928991026009e-13,4.794928982028406e-13,-2.3974644991387167e-13,-2.3974644901411136e-13,-2.397464491887292e-13
0.00008335174501804188,5.165113570095773e-13,5.165113571976763e-13,5.165113562284519e-13,-2.5825567898940084e-13,-2.582556780201765e-13,-2.582556782082754e-13
0.00008439130694488521,5.563877511309872e-13,5.56387751333608e-13,5.563877502895568e-13,-2.7819387608751917e-13,-2.7819387504346794e-13,-2.781938752460888e-13
0.00008544383427514624,5.99342721181547e-13,5.993427213998109e-13,5.993427202751561e-13,-2.996713611531009e-13,-2.9967136002844603e-13,-2.9967136024671e-13
0.00008650948871317542,6.45613940867473e-13,6.456139411025877e-13,6.456139398911064e-13,-3.228069710394772e-13,-3.2280696982799585e-13,-3.2280697006311053e-13
0.00008758843398009736,6.954574327400523e-13,6.954574329933187e-13,6.954574316883077e-13,-3.4772871702253163e-13,-3.4772871571752063e-13,-3.4772871597078703e-13
0.00008868083583896464,7.491489847439095e-13,7.491489850167289e-13,7.491489836109676e-13,-3.7457449307483544e-13,-3.7457449166907405e-13,-3.745744919418935e-13
0.00008978686212022457,8.069856761224274e-13,8.069856764163095e-13,8.069856749020196e-13,-4.0349283881835864e-13,-4.0349283730406876e-13,-4.0349283759795083e-13
0.00009090668274750374,8.692875211225243e-13,8.692875214390951e-13,8.692875198078982e-13,-4.3464376137686064e-13,-4.346437597456637e-13,-4.346437600622344e-13
0.00009204046976371388,9.363992395926475e-13,9.363992399336586e-13,9.36399238176529e-13,-4.681996206748884e-13,-4.68199618917759e-13,-4.6819961925877e-13
0.00009318839735748438,1.008692164269935e-12,1.0086921646372734e-12,1.008692162744489e-12,-5.043460830813596e-13,-5.043460811885753e-13,-5.043460815559138e-13
0.00009435064188992221,1.0865662953084385e-12,1.0865662957041366e-12,1.0865662936652247e-12,-5.432831486736751e-13,-5.432831466347633e-13,-5.432831470304614e-13
0.00009552738192170874,1.170452513415374e-12,1.1704525138416215e-12,1.1704525116453006e-12,-5.852262578058474e-13,-5.852262556095266e-13,-5.85226256035774e-13
0.00009671879824053128,1.2608149638391236e-12,1.2608149642982787e-12,1.2608149619323968e-12,-6.304074831025028e-13,-6.304074807366208e-13,-6.304074811957759e-13
0.00009792507388885915,1.358153624398615e-12,1.3581536248932185e-12,1.358153622344685e-12,-6.790768134735743e-13,-6.790768109250408e-13,-6.790768114196442e-13
0.00009914639419206509,1.4630070717612924e-12,1.463007072294081e-12,1.463007069548795e-12,-7.315035372532893e-13,-7.315035345080032e-13,-7.315035350407916e-13
0.00010038294678689742,1.5759554612738985e-12,1.5759554618478199e-12,1.5759554588905918e-12,-7.879777321155633e-13,-7.879777291583351e-13,-7.879777297322566e-13
0.00010163492165030793,1.6976237368316786e-12,1.6976237374499088e-12,1.6976237342643761e-12,-8.488118700086056e-13,-8.48811866823073e-13,-8.488118674413032e-13
0.00010290251112863853,1.8286850885440243e-12,1.828685089209984e-12,1.8286850857785216e-12,-9.143425459877433e-13,-9.14342542556281e-13,-9.143425432222404e-13
0.00010418590996717204,1.9698646773255748e-12,1.9698646780429484e-12,1.9698646743465703e-12,-9.849323405109765e-13,-9.849323368145981e-13,-9.84932337531972e-13
0.00010548531534005231,2.1219436470184257e-12,2.121943647791183e-12,2.1219436438094367e-12,-1.060971825500086e-12,-1.0609718215183398e-12,-1.060971822291097e-12
0.00010680092688057669,2.2857634462414845e-12,2.2857634470739012e-12,2.2857634427847565e-12,-1.1428817252653144e-12,-1.1428817209761699e-12,-1.1428817218085866e-12
0.0001081329467118663,2.4622304838765995e-12,2.4622304847732815e-12,2.462230480153007e-12,-1.231115244248437e-12,-1.2311152396281624e-12,-1.2311152405248444e-12
0.0001094815794779194,2.652321143946762e-12,2.6523211449126704e-12,2.6523211399357024e-12,-1.3261605744618649e-12,-1.326160569484897e-12,-1.3261605704508053e-12
0.00011084703237505147,2.85708718762955e-12,2.85708718867003e-12,2.8570871833088312e-12,-1.4285435964953744e-12,-1.4285435911341758e-12,-1.4285435921746553e-12
0.0001122295151837285,3.077661572290923e-12,3.0776615734117306e-12,3.0776615676366387e-12,-1.5388307890330075e-12,-1.5388307832579154e-12,-1.538830784378723e-12
0.00011362924030079516,3.3152647197306144e-12,3.3152647209379515e-12,3.315264714717013e-12,-1.6576323629757765e-12,-1.6576323567548377e-12,-1.6576323579621752e-12
0.00011504642277210707,3.571211268316405e-12,3.571211269616952e-12,3.5712112629157475e-12,-1.7856056375088046e-12,-1.7856056308076e-12,-1.7856056321081476e-12
0.00011648128032556941,3.846917346360298e-12,3.846917347761251e-12,3.8469173405427035e-12,-1.9234586767894227e-12,-1.9234586695708748e-12,-1.9234586709718283e-12
0.00011793403340458662,4.143908406973144e-12,4.1439084084822555e-12,4.143908400706426e-12,-2.0719542073744863e-12,-2.0719541995986573e-12,-2.0719542011077684e-12
0.000119404905201931,4.463827667740853e-12,4.463827669366472e-12,4.463827660990339e-12,-2.2319138380584932e-12,-2.2319138296823598e-12,-2.2319138313079785e-12
0.00012089412169403199,4.808445201909715e-12,4.808445203660837e-12,4.808445194638055e-12,-2.4042226054662485e-12,-2.4042225964434666e-12,-2.404222598194588e-12
0.00012240191167569412,5.179667731373411e-12,5.179667733259724e-12,5.1796677235403725e-12,-2.5898338705463807e-12,-2.58983386082703e-12,-2.5898338627133426e-12
0.0001239285067952486,5.579549175635742e-12,5.579549177667683e-12,5.579549167197988e-12,-2.7897745930527184e-12,-2.789774582583023e-12,-2.7897745846149644e-12
0.00012547414159014102,6.010302015104002e-12,6.0103020172928144e-12,6.010302006014848e-12,-3.005151013190984e-12,-3.0051510019130173e-12,-3.00515100410183e-12
0.0001270390535229653,6.474309531574183e-12,6.474309533931978e-12,6.474309521783342e-12,-3.237154771861409e-12,-3.2371547597127734e-12,-3.237154762070568e-12
0.00012862348301794575,6.9741389936192405e-12,6.974138996159063e-12,6.974138983072542e-12,-3.48706950335288e-12,-3.4870694902663595e-12,-3.4870694928061824e-12
0.0001302276734978749,7.512555859819512e-12,7.512555862555415e-12,7.512555848458604e-12,-3.75627793695816e-12,-3.756277922861351e-12,-3.756277925597254e-12
0.0001318518714215113,8.092539078403566e-12,8.092539081350688e-12,8.092539066165596e-12,-4.046269546794329e-12,-4.046269531609236e-12,-4.046269534556359e-12
0.0001334963263214437,8.717297567932407e-12,8.717297571107055e-12,8.717297554749665e-12,-4.3586487921448986e-12,-4.358648775787508e-12,-4.358648778962157e-12
0.00013516129084242855,9.390287970193289e-12,9.390287973613027e-12,9.390287955992839e-12,-4.6951439939067384e-12,-4.69514397628655e-12,-4.695143979706288e-12
0.00013684702078020457,1.0115233773504287e-11,1.0115233777188037e-11,1.0115233758207564e-11,-5.05761689624238e-12,-5.057616877261906e-12,-5.057616880945656e-12
0.00013855377512079153,1.089614591221222e-11,1.0896145916180364e-11,1.0896145895734592e-11,-5.448072966328995e-12,-5.448072945883223e-12,-5.448072949851368e-12
0.00014028181608027965,1.1737344956330704e-11,1.1737344960605199e-11,1.173734493858101e-11,-5.868672489177446e-12,-5.8686724671532566e-12,-5.868672471427752e-12
0.00014203140914511493,1.2643485014059731e-11,1.2643485018664227e-11,1.264348499493977e-11,-6.3217425188920934e-12,-6.321742495167636e-12,-6.321742499772131e-12
0.0001438028231128873,1.3619579479402482e-11,1.3619579484362454e-11,1.3619579458806469e-11,-6.8097897524792324e-12,-6.8097897269232475e-12,-6.8097897318832195e-12
0.00014559633013362674,1.467102876729893e-11,1.467102877264182e-11,1.4671028745112917e-11,-7.335514397413915e-12,-7.335514369885011e-12,-7.335514375227905e-12
0.00014741220575161478,1.5803650189689203e-11,1.580365019544458e-11,1.5803650165790453e-11,-7.901825109671664e-12,-7.901825080017538e-12,-7.901825085772912e-12
0.00014925072894771813,1.7023710137760626e-11,1.7023710143960325e-11,1.7023710112016914e-11,-8.511855084852019e-12,-8.511855052908604e-12,-8.511855059108305e-12
0.00015111218218224942,1.8337958748384982e-11,1.8337958755063316e-11,1.8337958720653885e-11,-9.168979391397205e-12,-9.168979356987776e-12,-9.168979363666107e-12
0.0001529968514383625,1.97536672464935e-11,1.975366725368741e-11,1.9753667216621597e-11,-9.876833641779657e-12,-9.876833604713839e-12,-9.876833611907751e-12
0.00015490502626598968,2.1278668169935726e-11,2.1278668177685023e-11,2.1278668137757754e-11,-1.0639334104931497e-11,-1.0639334065004226e-11,-1.0639334072753522e-11
0.0001568369998263263,2.2921398699308593e-11,2.2921398707656144e-11,2.2921398664646527e-11,-1.1460699371159104e-11,-1.1460699328149483e-11,-1.1460699336497037e-11
0.00015879306893687076,2.4690947332415077e-11,2.4690947341407077e-11,2.4690947295077156e-11,-1.2345473689372496e-11,-1.2345473643042575e-11,-1.2345473652034576e-11
0.00016077353411702563,2.659710416150646e-11,2.6597104171192656e-11,2.659710412128612e-11,-1.3298552105706496e-11,-1.3298552055799957e-11,-1.3298552065486154e-11
0.00016277869963426725,2.8650415031387436e-11,2.865041504182142e-11,2.8650414988062165e-11,-1.4325207542573343e-11,-1.4325207488814085e-11,-1.4325207499248072e-11
0.0001648088735508928,3.0862239877926434e-11,3.0862239889165945e-11,3.086223983125655e-11,-1.5431119967917912e-11,-1.5431119910008516e-11,-1.5431119921248023e-11
0.00016686436777134787,3.324481556962498e-11,3.3244815581732195e-11,3.324481551935228e-11,-1.662240781600244e-11,-1.662240775362253e-11,-1.6622407765729743e-11
0.0001689454980901472,3.581132359981118e-11,3.581132361285309e-11,3.581132354565756e-11,-1.7905661833503354e-11,-1.7905661766307818e-11,-1.7905661779349726e-11
0.00017105258424039016,3.8575963003834e-11,3.8575963017882766e-11,3.857596294549986e-11,-1.9287981538108447e-11,-1.9287981465725542e-11,-1.9287981479774303e-11
0.00017318594994288346,4.155402890453861e-11,4.155402891967195e-11,4.155402884170123e-11,-2.0777014491254653e-11,-2.0777014413283936e-11,-2.0777014428417276e-11
0.00017534592295587596,4.476199712041867e-11,4.476199713672032e-11,4.4761997052730436e-11,-2.2380998602204268e-11,-2.238099851821438e-11,-2.2380998534516033e-11
0.00017753283512541334,4.821761530436651e-11,4.821761532192667e-11,4.821761523145296e-11,-2.41088076974201e-11,-2.4108807606946386e-11,-2.4108807624506548e-11
0.0001797470224363207,5.1940001117054016e-11,5.1940001135969834e-11,5.1940001038511776e-11,-2.597000060725602e-11,-2.5970000509797963e-11,-2.5970000528713784e-11
0.00018198882506382169,5.594974797787501e-11,5.594974799825114e-11,5.5949747893269585e-11,-2.7974874041428266e-11,-2.7974873936446706e-11,-2.7974873956822843e-11
0.00018425858742580144,6.026903897827557e-11,6.026903900022477e-11,6.026903888713893e-11,-3.0134519545680686e-11,-3.0134519432594853e-11,-3.0134519454544046e-11
0.00018655665823572073,6.492176958743044e-11,6.492176961107413e-11,6.492176948925841e-11,-3.2460884854623056e-11,-3.246088473280734e-11,-3.2460884756451025e-11
0.00018888339055618983,6.993367982883722e-11,6.993367985430621e-11,6.993367972308671e-11,-3.496683998002833e-11,-3.4966839848808834e-11,-3.496683987427783e-11
0.00019123914185321158,7.53324966587677e-11,7.533249668620292e-11,7.533249654485373e-11,-3.7666248400058416e-11,-3.7666248258709225e-11,-3.766624828614444e-11
0.00019362427405110068,8.114808733391485e-11,8.114808736346809e-11,8.114808721120724e-11,-4.057404374308781e-11,-4.057404359082697e-11,-4.0574043620380195e-11
0.00019603915358808738,8.741262461633092e-11,8.741262464816568e-11,8.741262448415087e-11,-4.370631239017282e-11,-4.370631222615802e-11,-4.370631225799277e-11
0.00019848415147261464,9.416076472919846e-11,9.416076476349086e-11,9.416076458681476e-11,-4.708038245293723e-11,-4.7080382276261136e-11,-4.708038231055354e-11
0.00020095964334033807,1.0142983904746986e-10,1.0142983908440964e-10,1.0142983889409491e-10,-5.0714919618892245e-11,-5.071491942857751e-11,-5.071491946551729e-11
0.00020346600951183687,1.0926006058333867e-10,1.0926006062313019e-10,1.0926006041812401e-10,-5.463003039417236e-11,-5.463003018916617e-11,-5.46300302289577e-11
0.0002060036350510438,1.1769474640829516e-10,1.176947464511586e-10,1.1769474623032689e-10,-5.884737331456337e-11,-5.884737309373165e-11,-5.884737313659509e-11
0.00020857290982440385,1.2678055724162057e-10,1.2678055728779305e-10,1.267805570499142e-10,-6.339027873974962e-11,-6.339027850187078e-11,-6.339027854804326e-11
0.00021117422856077136,1.3656775553007233e-10,1.365677555798093e-10,1.3656775532356744e-10,-6.8283877893157e-11,-6.828387763691513e-11,-6.82838776866521e-11
0.00021380799091205474,1.4711048344572676e-10,1.471104834993034e-10,1.4711048322328104e-10,-7.355524186087445e-11,-7.355524158485207e-11,-7.355524163842873e-11
0.0002164746015146151,1.5846706233903543e-10,1.584670623967482e-10,1.5846706209941842e-10,-7.923353131818246e-11,-7.92335310208527e-11,-7.923353107856546e-11
0.00021917447005143415,1.7070031530278093e-10,1.7070031536494906e-10,1.7070031504466718e-10,-8.535015781153125e-11,-8.535015749124936e-11,-8.535015755341751e-11
0.00022190801131505376,1.8387791463031125e-10,1.8387791469727873e-10,1.8387791435227302e-10,-9.193895748765829e-11,-9.193895714265259e-11,-9.193895720962007e-11
0.0002246756452713038,1.9807275608908586e-10,1.9807275616122314e-10,1.9807275578958522e-10,-9.903637823036169e-11,-9.903637785872375e-11,-9.903637793086104e-11
0.0002274777971238229,2.133633620787284e-10,2.1336336215643463e-10,2.133633617561087e-10,-1.0668168123952692e-10,-1.06681680839201e-10,-1.0668168091690722e-10
0.00023031489737938363,2.2983431590245282e-10,2.298343159861579e-10,2.2983431555492956e-10,-1.149171581668403e-10,-1.1491715773561196e-10,-1.1491715781931703e-10
0.0002331873819140339,2.475767295526905e-10,2.475767296428575e-10,2.4757672917834144e-10,-1.2378836500860294e-10,-1.237883645440869e-10,-1.2378836463425387e-10
0.000236095692040062,2.6668874759694375e-10,2.666887476940715e-10,2.6668874719369827e-10,-1.333443740486581e-10,-1.3334437354828487e-10,-1.3334437364541262e-10
0.00023904027457379818,2.8727608994942863e-10,2.872760900540545e-10,2.8727608951505634e-10,-1.4363804524421294e-10,-1.4363804470521479e-10,-1.4363804480984065e-10
0.00024202158190426027,3.0945263652893154e-10,3.0945263664163433e-10,3.094526360610299e-10,-1.5472631855476747e-10,-1.5472631797416304e-10,-1.547263180868658e-10
0.0002450400720626557,3.3334105703479927e-10,3.3334105715620256e-10,3.333410565307803e-10,-1.6667052883011018e-10,-1.666705282046879e-10,-1.6667052832609114e-10
0.000248096208792752,3.5907348932231095e-10,3.5907348945308624e-10,3.590734887793868e-10,-1.795367449980045e-10,-1.7953674432430504e-10,-1.7953674445508036e-10
0.00025119046162212343,3.8679227012718243e-10,3.867922702680533e-10,3.867922695423504e-10,-1.9339613542644185e-10,-1.9339613470073892e-10,-1.933961348416098e-10
0.00025432330593428554,4.1665072217826124e-10,4.16650722330007e-10,4.166507215482866e-10,-2.0832536147998987e-10,-2.0832536069826948e-10,-2.0832536085001525e-10
0.0002574952230417317,4.4881400204903076e-10,4.488140022124909e-10,4.488140013704293e-10,-2.244070014455451e-10,-2.2440700060348347e-10,-2.2440700076694364e-10
0.00026070670025987784,4.834600134340938e-10,4.834600136101727e-10,4.834600127031123e-10,-2.417300071705758e-10,-2.4173000626351546e-10,-2.4173000643959435e-10
0.0002639582309819337,5.207803908983682e-10,5.207803910880399e-10,5.20780390110964e-10,-2.603901959377206e-10,-2.603901949606447e-10,-2.603901951503163e-10
0.000267250314754701,5.609815595359075e-10,5.609815597402212e-10,5.609815586877256e-10,-2.8049078029419986e-10,-2.8049077924170424e-10,-2.8049077944601795e-10
0.0002705834573553235,6.042858763948618e-10,6.042858766149478e-10,6.042858754812113e-10,-3.021429387642972e-10,-3.0214293763056065e-10,-3.021429378506467e-10
0.0002739581708689917,6.509328599765914e-10,6.509328602136673e-10,6.509328589924195e-10,-3.2546643059891737e-10,-3.2546642937766946e-10,-3.254664296147454e-10
0.000277374973767616,7.011805146035635e-10,7.011805148589409e-10,7.011805135434272e-10,-3.5059025795953594e-10,-3.505902566440223e-10,-3.505902568993996e-10
0.00028083439098948183,7.553067569747144e-10,7.553067572498059e-10,7.553067558327509e-10,-3.7765337919588164e-10,-3.776533777788266e-10,-3.776533780539181e-10
0.0002843369540198984,8.136109527914032e-10,8.136109530877307e-10,8.136109515612972e-10,-4.068054771589148e-10,-4.068054756324813e-10,-4.068054759288087e-10
0.0002878832009728525,8.764155719450035e-10,8.764155722642062e-10,8.764155706199522e-10,-4.382077867946247e-10,-4.3820778515037056e-10,-4.3820778546957326e-10
0.00029147367667368377,9.440679714121285e-10,9.440679717559722e-10,9.440679699848042e-10,-4.720339865916434e-10,-4.720339848204754e-10,-4.720339851643191e-10
0.0002951089327427849,1.0169423157085589e-9,1.0169423160789455e-9,1.0169423141710683e-9,-5.084711588082123e-10,-5.084711569003352e-10,-5.084711572707219e-10
0.00029878952768035144,1.0954416455129892e-9,1.095441645911968e-9,1.0954416438568305e-9,-5.477208237840568e-10,-5.477208217289193e-10,-5.477208221278981e-10
0.0003025160269521875,1.1800001058896683e-9,1.1800001063194461e-9,1.180000104105683e-9,-5.900000540517082e-10,-5.90000051837945e-10,-5.900000522677228e-10
0.0003062890030765783,1.271085346420349e-9,1.2710853468833036e-9,1.2710853444986721e-9,-6.355426744024815e-10,-6.355426720178501e-10,-6.355426724808046e-10
0.0003101090357122512,1.3692011065054884e-9,1.3692011070041805e-9,1.3692011044354937e-9,-6.846005545370775e-10,-6.846005519683907e-10,-6.846005524670827e-10
0.0003139767117474293,1.4748900001166212e-9,1.4748900006538092e-9,1.4748899978868623e-9,-7.374450014417722e-10,-7.374449986748253e-10,-7.374449992120134e-10
0.0003178926253899978,1.588736515383465e-9,1.5887365159621206e-9,1.5887365129816126e-9,-7.943682591819728e-10,-7.943682562014647e-10,-7.943682567801204e-10
0.0003218573782587971,1.7113702455852193e-9,1.7113702462085436e-9,1.7113702429979928e-9,-8.556851243978691e-10,-8.556851211873183e-10,-8.556851218106426e-10
0.00032587157947604856,1.8434693693927714e-9,1.843469370064212e-9,1.843469366605865e-9,-9.217346864255408e-10,-9.217346829671937e-10,-9.217346836386344e-10
0.0003299358457609389,1.98576439958508e-9,1.985764400308351e-9,1.9857643965830845e-9,-9.92882201655152e-10,-9.928821979298853e-10,-9.928821986531563e-10
0.0003340508015243684,2.139042220944303e-9,2.1390422217234052e-9,2.1390422177106197e-9,-1.0695211124785193e-9,-1.0695211084657336e-9,-1.0695211092448362e-9
0.0003382170789648831,2.3041504396308914e-9,2.3041504404701344e-9,2.3041504361476417e-9,-1.1520752219766633e-9,-1.1520752176541704e-9,-1.1520752184934136e-9
0.00034243531816580147,2.4820020680586814e-9,2.482002068962708e-9,2.482002064306607e-9,-1.2410010363573578e-9,-1.2410010317012568e-9,-1.241001032605283e-9
0.0003467061671935521,2.6735805711418228e-9,2.6735805721156327e-9,2.673580567100179e-9,-1.3367902880785996e-9,-1.3367902830631457e-9,-1.3367902840369556e-9
0.000351030282197241,2.8799453017797187e-9,2.8799453028286983e-9,2.8799452974261604e-9,-1.4399726535910832e-9,-1.4399726481885456e-9,-1.439972649237525e-9
0.0003554083275094577,3.102237355593689e-9,3.1022373567236406e-9,3.1022373509041483e-9,-1.5511186807065388e-9,-1.5511186748870461e-9,-1.5511186760169976e-9
0.0003598409757483389,3.341685877242779e-9,3.3416858784599524e-9,3.3416858721913295e-9,-1.6708429417556405e-9,-1.6708429354870172e-9,-1.6708429367041907e-9
0.0003643289079209066,3.5996148531376264e-9,3.5996148544487544e-9,3.5996148476963426e-9,-1.799807429944949e-9,-1.7998074231925368e-9,-1.7998074245036648e-9
0.0003688728135276935,3.8774504280546066e-9,3.8774504294669406e-9,3.8774504221934074e-9,-1.9387252176639884e-9,-1.938725210390455e-9,-1.9387252118027892e-9
0.0003734733906686752,4.176728786042927e-9,4.1767287875642795e-9,4.1767287797294125e-9,-2.0883643969388024e-9,-2.0883643891039354e-9,-2.0883643906252873e-9
0.00037813134615052147,4.499104639129742e-9,4.499104640768527e-9,4.4991046323290114e-9,-2.2495523237845196e-9,-2.2495523153450034e-9,-2.2495523169837876e-9
0.00038284739559518494,4.846360370681054e-9,4.846360372446334e-9,4.8463603633555125e-9,-2.42318018988581e-9,-2.4231801807949887e-9,-2.4231801825602686e-9
0.00038762226354984786,5.220415883887206e-9,5.220415885788746e-9,5.220415875996363e-9,-2.610207946839647e-9,-2.610207937047263e-9,-2.6102079389488033e-9
0.00039245668359823435,5.623339209729295e-9,5.6233392117776125e-9,5.623339201229533e-9,-2.8116696101385157e-9,-2.811669599590436e-9,-2.8116696016387535e-9
0.0003973513984733172,6.057357932972627e-9,6.057357935179049e-9,6.057357923816965e-9,-3.0286789721671566e-9,-3.028678960805072e-9,-3.0286789630114944e-9
0.0004023071601714245,6.524871499242005e-9,6.5248715016187355e-9,6.524871489379838e-9,-3.2624357557402207e-9,-3.2624357435013226e-9,-3.2624357458780528e-9
0.0004073247300677729,7.028464471093226e-9,7.028464473653409e-9,7.028464460470045e-9,-3.5142322421380276e-9,-3.5142322289546625e-9,-3.5142322315148456e-9
0.0004124048790334425,7.570920806225851e-9,7.570920808983646e-9,7.570920794782944e-9,-3.7854604102129666e-9,-3.785460396012262e-9,-3.785460398770058e-9
0.0004175483875538076,8.155239236616906e-9,8.155239239587565e-9,8.15523922429103e-9,-4.077619625956361e-9,-4.077619610659823e-9,-4.077619613630483e-9
0.00042275604584844563,8.784649833423794e-9,8.784649836623746e-9,8.784649820146829e-9,-4.392324924949938e-9,-4.392324908473019e-9,-4.392324911672971e-9
0.00042802865399254285,9.462631849039881e-9,9.462631852486822e-9,9.462631834738453e-9,-4.73131593339364e-9,-4.731315915645269e-9,-4.73131591909221e-9
0.000433367022039814,1.0192932934724178e-8,1.019293293843717e-8,1.0192932919319254e-8,-5.0964664769204834e-9,-5.096466457802566e-9,-5.096466461515558e-9
0.00043877197014695384,1.097958983980615e-8,1.0979589843805726e-8,1.0979589823212602e-8,-5.4897949301989834e-9,-5.489794909605857e-9,-5.489794913605434e-9
0.0004442443286996402,1.1826950706630185e-8,1.1826950710938463e-8,1.1826950688756319e-8,-5.913475364405406e-9,-5.91347534222326e-9,-5.913475346531538e-9
0.0004497849384401108,1.2739699084195416e-8,1.2739699088836222e-8,1.2739699064942466e-8,-6.369849554043705e-9,-6.369849530149948e-9,-6.3698495347907535e-9
0.00045539465059633096,1.3722879792913674e-8,1.372287979791267e-8,1.3722879772175262e-8,-6.861439909324521e-9,-6.8614398835871086e-9,-6.861439888586105e-9
0.00046107432701277066,1.478192678310374e-8,1.478192678848857e-8,1.4781926760765276e-8,-7.390963405412332e-9,-7.390963377689036e-9,-7.390963383073865e-9
0.0004668248402828124,1.5922693140820767e-8,1.5922693146621206e-8,1.592269311675883e-8,-7.961346585340196e-9,-7.961346555477816e-9,-7.961346561278257e-9
0.0004726470738828126,1.71514834064443e-8,1.7151483412692423e-8,1.715148338052595e-8,-8.575741719303792e-9,-8.575741687137314e-9,-8.575741693385438e-9
0.00047854192230783457,1.8475088384181494e-8,1.8475088390911853e-8,1.8475088356263543e-8,-9.23754420941305e-9,-9.237544174764736e-9,-9.237544181495093e-9
0.00048451029120907314,1.99008226343551e-8,1.9900822641604905e-8,1.990082260428331e-8,-9.950411335836199e-9,-9.950411298514599e-9,-9.950411305764405e-9
0.0004905530975329923,2.1436564855113607e-8,2.1436564862922943e-8,2.1436564822721856e-8,-1.0718282447654854e-8,-1.071828240745376e-8,-1.07182824152631e-8
0.0004966712696622014,2.3090801376104596e-8,2.3090801384516652e-8,2.3090801341213956e-8,-1.1545400709700753e-8,-1.1545400666398053e-8,-1.1545400674810106e-8
0.0005028657475580871,2.487267300377593e-8,2.487267301283721e-8,2.487267296619367e-8,-1.2436336525206378e-8,-1.2436336478562833e-8,-1.243633648762411e-8
0.0005091374829052211,2.6792025476410644e-8,2.6792025486171247e-8,2.6792025435929173e-8,-1.3396012763322463e-8,-1.3396012713080383e-8,-1.3396012722840985e-8
0.0005154874392575752,2.8859463806864503e-8,2.8859463817378396e-8,2.885946376326023e-8,-1.4429731930486813e-8,-1.442973187636864e-8,-1.4429731886882533e-8
0.0005219165921865523,3.108641081235323e-8,3.1086410823678544e-8,3.1086410765385333e-8,-1.554320543531798e-8,-1.5543205377024756e-8,-1.554320538835007e-8
0.0005284259294308718,3.348517015367325e-8,3.3485170165872596e-8,3.348517010308232e-8,-1.6742585108225674e-8,-1.6742585045435393e-8,-1.6742585057634735e-8
0.0005350164510483158,3.606899423102744e-8,3.606899424416826e-8,3.6068994176534095e-8,-1.8034497149323737e-8,-1.8034497081689562e-8,-1.8034497094830382e-8
0.0005416891695693766,3.885215731034144e-8,3.885215732449639e-8,3.885215725164476e-8,-1.9426078691588346e-8,-1.9426078618736696e-8,-1.9426078632891646e-8
0.0005484451101528139,4.1850034282697754e-8,4.1850034297945075e-8,4.1850034219473594e-8,-2.0925017180575105e-8,-2.092501710210361e-8,-2.0925017117350935e-8
0.0005552853107431537,4.507918549048484e-8,4.5079185506908845e-8,4.507918542238412e-8,-2.2539592787493752e-8,-2.2539592702969012e-8,-2.2539592719393007e-8
0.0005622108222301532,4.855744808719604e-8,4.8557448104887494e-8,4.855744801384272e-8,-2.4278724089107605e-8,-2.4278723998062812e-8,-2.4278724015754267e-8
0.0005692227086102553,5.2304034433711184e-8,5.2304034452767903e-8,5.230403435470029e-8,-2.6152017265874543e-8,-2.6152017167806912e-8,-2.6152017186863624e-8
0.000576322047150051,5.633963807254514e-8,5.6339638093072454e-8,5.633963798744046e-8,-2.816981908907133e-8,-2.816981898343931e-8,-2.816981900396662e-8
0.0005835099285517886,6.068654786318199e-8,6.068654788529336e-8,6.068654777151369e-8,-3.0343273988460834e-8,-3.034327387468113e-8,-3.03432738967925e-8
0.000590787457120941,6.536877090641364e-8,6.536877093023131e-8,6.53687708076757e-8,-3.268438551446141e-8,-3.268438539190578e-8,-3.268438541572344e-8
0.0005981557509358646,7.04121649338699e-8,7.04121649595255e-8,7.041216482751729e-8,-3.520608253291212e-8,-3.520608240090388e-8,-3.5206082426559477e-8
0.0006056159420195744,7.584458089087999e-8,7.584458091851533e-8,7.584458077632571e-8,-3.792229051650356e-8,-3.792229037431389e-8,-3.792229040194923e-8
0.0006131691765136649,8.169601649675167e-8,8.169601652651948e-8,8.169601637336344e-8,-4.0848008324917596e-8,-4.084800817176151e-8,-4.084800820152932e-8
0.0006208166148543914,8.79987816267789e-8,8.799878165884371e-8,8.799878149387577e-8,-4.3999390895831344e-8,-4.399939073086335e-8,-4.399939076292817e-8
0.0006285594319509584,9.478767642516333e-8,9.478767645970237e-8,9.478767628201188e-8,-4.739383830137809e-8,-4.7393838123687545e-8,-4.739383815822658e-8
0.0006363988173660207,1.0210018312783278e-7,1.0210018316503692e-7,1.0210018297364307e-7,-5.1050091659556667e-8,-5.105009146816276e-8,-5.1050091505366885e-8
0.0006443359754984459,1.0997667264934972e-7,1.0997667268942454e-7,1.0997667248327096e-7,-5.498833642768592e-8,-5.498833622153226e-8,-5.498833626160709e-8
0.0006523721257683492,1.1846062706901502e-7,1.1846062711218201e-7,1.184606268901309e-7,-5.923031364545679e-8,-5.9230313423405604e-8,-5.9230313466572587e-8
0.0006605085028044368,1.275988792384341e-7,1.2759887928493179e-7,1.2759887904575771e-7,-6.379943973871558e-8,-6.379943949954142e-8,-6.37994395460391e-8
0.000668746356633689,1.3744187082663107e-7,1.374418708767164e-7,1.374418706190995e-7,-6.87209355420213e-8,-6.87209352844043e-8,-6.872093533448962e-8
0.0006770869528734089,1.4804393021979894e-7,1.4804393027374867e-7,1.480439299962674e-7,-7.402196524852095e-8,-7.402196497103956e-8,-7.402196502498929e-8
0.0006855315729256603,1.5946357180150745e-7,1.5946357185961965e-7,1.59463571560743e-7,-7.97317860500538e-8,-7.973178575117701e-8,-7.973178580928922e-8
0.0006940815141741403,1.7176381825629338e-7,1.7176381831888917e-7,1.7176381799696813e-7,-8.588190928894679e-8,-8.58819089670256e-8,-8.588190902962138e-8
0.0007027380901834964,1.850125476655388e-7,1.85012547732964e-7,1.8501254738622258e-7,-9.250627400595396e-8,-9.250627365921238e-8,-9.250627372663757e-8
0.000711502630901141,1.9928286730027857e-7,1.9928286737290572e-7,1.9928286699943116e-7,-9.96414338366606e-8,-9.964143346318584e-8,-9.964143353581296e-8
0.0007203764828615712,2.146535161615772e-7,2.146535162398075e-7,2.146535158375397e-7,-1.0732675828167191e-7,-1.073267578794039e-7,-1.0732675795763415e-7
0.0007293610093932485,2.3120929847641758e-7,2.312092985606832e-7,2.312092981274034e-7,-1.1560464945455793e-7,-1.1560464902127787e-7,-1.1560464910554347e-7
0.0007384575908280478,2.4904155052622814e-7,2.490415506169946e-7,2.4904155015031317e-7,-1.245207754961174e-7,-1.245207750294357e-7,-1.2452077512020214e-7
0.0007476676247133259,2.6824864336745606e-7,2.6824864346522473e-7,2.682486429625681e-7,-1.341243219346649e-7,-1.3412432143200794e-7,-1.341243215297766e-7
0.0007569925260266352,2.8893652419967445e-7,2.8893652430498537e-7,2.889365237635817e-7,-1.4446826237008483e-7,-1.4446826182868083e-7,-1.4446826193399172e-7
0.0007664337273931075,3.1121929934783673e-7,3.112192994612716e-7,3.1121929887813573e-7,-1.5560964996495926e-7,-1.55609649381823e-7,-1.5560964949525783e-7
0.0007759926793055603,3.352198620525999e-7,3.352198621747852e-7,3.352198615467021e-7,-1.6760993133972995e-7,-1.6760993071164644e-7,-1.676099308338317e-7
0.000785670850347336,3.6107056850716536e-7,3.6107056863877596e-7,3.610705679622832e-7,-1.8053528459111954e-7,-1.8053528391462625e-7,-1.805352840462368e-7
0.0007954697274179351,3.8891396584249956e-7,3.8891396598426223e-7,3.889139652556307e-7,-1.9445698328474225e-7,-1.9445698255611018e-7,-1.944569826978728e-7
0.0008053908159614459,4.1890357604604257e-7,4.189035761987402e-7,4.1890357541395387e-7,-2.0945178841445922e-7,-2.094517876296722e-7,-2.0945178778236983e-7
0.0008154356401978372,4.512047401042186e-7,4.512047402686945e-7,4.5120473942342817e-7,-2.2560237047363412e-7,-2.2560236962836708e-7,-2.2560236979284285e-7
0.0008256057433571328,4.859955269872349e-7,4.859955271643971e-7,4.859955262539927e-7,-2.429977639475336e-7,-2.429977630371284e-7,-2.429977632142906e-7
0.0008359026879164989,5.234677124480288e-7,5.234677126388556e-7,5.234677116582968e-7,-2.617338567128017e-7,-2.617338557322419e-7,-2.6173385592306867e-7
0.0008463280558403006,5.638278329876031e-7,5.638278331931481e-7,5.638278321370323e-7,-2.819139170201282e-7,-2.819139159640113e-7,-2.8191391616955623e-7
0.0008568834488231398,6.072983207481231e-7,6.07298320969521e-7,6.072983198320301e-7,-3.036491609407983e-7,-3.036491598033061e-7,-3.0364916002470395e-7
0.0008675704885359368,6.541187255358079e-7,6.54118725774281e-7,6.541187245491492e-7,-3.2705936337813916e-7,-3.270593621530059e-7,-3.2705936239147897e-7
0.0008783908168750688,7.045470306494835e-7,7.045470309063484e-7,7.045470295868277e-7,-3.522735159817978e-7,-3.5227351466227564e-7,-3.522735149191403e-7
0.0008893460962146244,7.588610697009862e-7,7.588610699776605e-7,7.588610685564844e-7,-3.7943053555794355e-7,-3.794305341367656e-7,-3.7943053441343973e-7
0.0009004380096618036,8.173600521624637e-7,8.173600524604746e-7,8.173600509298171e-7,-4.0868002684292004e-7,-4.086800253122605e-7,-4.086800256102713e-7
0.000911668261315495,8.803662059663468e-7,8.803662062873391e-7,8.803662046387726e-7,-4.4018310380323266e-7,-4.4018310215466387e-7,-4.4018310247565605e-7
0.0009230385765280907,9.482265461196213e-7,9.482265464653666e-7,9.482265446898153e-7,-4.7411327394268543e-7,-4.741132721671315e-7,-4.741132725128766e-7
0.0009345507021705532,1.0213147789778041e-6,1.0213147793502102e-6,1.0213147774379006e-6,-5.106573904393706e-7,-5.10657388527058e-7,-5.106573888994639e-7
0.0009462064069008002,1.1000333525603484e-6,1.1000333529614704e-6,1.1000333509018776e-6,-5.500166773033731e-7,-5.500166752437769e-7,-5.500166756448987e-7
0.0009580074814354292,1.1848156640808956e-6,1.1848156645129466e-6,1.184815662294736e-6,-5.924078331418982e-7,-5.92407830923684e-7,-5.924078313557347e-7
0.0009699557388248298,1.2761284367180501e-6,1.276128437183414e-6,1.2761284347943807e-6,-6.380642195446603e-7,-6.380642171556227e-7,-6.380642176209863e-7
0.0009820530147317376,1.3744742785692186e-6,1.3744742790704627e-6,1.3744742764974629e-6,-6.872371405608046e-7,-6.872371379878e-7,-6.872371384890437e-7
0.000994301167713247,1.480394437716151e-6,1.4803944382560403e-6,1.4803944354849203e-6,-7.401972202316797e-7,-7.401972174605542e-7,-7.401972180004431e-7
0.0010067020795063574,1.5944717683924562e-6,1.594471768973969e-6,1.5944717659894873e-6,-7.972358856745975e-7,-7.972358826901096e-7,-7.972358832716218e-7
0.0010192576553170643,1.7173339243845374e-6,1.7173339250108805e-6,1.717333921796625e-6,-8.586669637833023e-7,-8.586669605690396e-7,-8.586669611953824e-7
0.001031969824113073,1.8496567970260932e-6,1.8496567977007213e-6,1.8496567942390183e-6,-9.248284002252252e-7,-9.248283967635142e-7,-9.248283974381418e-7
0.0010448405389201468,1.99216821646702e-6,1.9921682171936533e-6,1.992168213465472e-6,-9.960841100759361e-7,-9.960841063477456e-7,-9.960841070743785e-7
0.0010578717771221624,2.1456519363192956e-6,2.145651937101941e-6,2.1456519330867883e-6,-1.0728259701420882e-6,-1.0728259661269256e-6,-1.0728259669095703e-6
0.0010710655407649063,2.3109519233109278e-6,2.3109519241539e-6,2.31095191982971e-6,-1.155475963788396e-6,-1.1554759594641943e-6,-1.1554759603071662e-6
0.001084423856863651,2.488976975223408e-6,2.488976976131355e-6,2.488976971474366e-6,-1.2444884899063633e-6,-1.2444884852493614e-6,-1.2444884861573076e-6
0.0010979487777145827,2.680705692157352e-6,2.680705693135279e-6,2.6807056881199055e-6,-1.340352848547107e-6,-1.340352843531719e-6,-1.3403528445096448e-6
0.0011116423812100955,2.88719182807255e-6,2.887191829125847e-6,2.88719182372454e-6,-1.4435959166913843e-6,-1.4435959112900604e-6,-1.4435959123433563e-6
0.0011255067711580364,3.109570051595677e-6,3.1095700527301492e-6,3.1095700469132436e-6,-1.5547850286534508e-6,-1.5547850228365264e-6,-1.5547850239709972e-6
0.0011395440776049142,3.349062147288261e-6,3.34906214851016e-6,3.3490621422457145e-6,-1.6745310767150477e-6,-1.6745310704505812e-6,-1.6745310716724791e-6
0.0011537564571631497,3.6069836909348053e-6,3.606983692250865e-6,3.606983685504488e-6,-1.8034918487694657e-6,-1.8034918420230647e-6,-1.8034918433391227e-6
0.0011681460933424144,3.884751234955346e-6,3.884751236372817e-6,3.884751229107477e-6,-1.9423756210278244e-6,-1.9423756137624573e-6,-1.9423756151799263e-6
0.0011827151968850768,4.183890042782481e-6,4.183890044309173e-6,4.183890036484998e-6,-2.0919450252075917e-6,-2.0919450173833866e-6,-2.0919450189100754e-6
0.0011974660061058629,4.506042413986993e-6,4.506042415631314e-6,4.506042407205374e-6,-2.2530212110953956e-6,-2.2530212026694215e-6,-2.2530212043137403e-6
0.0012124007872357269,4.8529766450978245e-6,4.852976646868832e-6,4.852976637794905e-6,-2.4264883269570157e-6,-2.4264883178830495e-6,-2.4264883196540543e-6
0.0012275218347700327,5.2265966744658585e-6,5.2265966763733055e-6,5.2265966666016226e-6,-2.613298341969272e-6,-2.613298332197545e-6,-2.613298334104989e-6
0.0012428314718210577,5.628952463176156e-6,5.628952465230545e-6,5.628952454707525e-6,-2.8144762366761463e-6,-2.814476226153076e-6,-2.8144762282074626e-6
0.0012583320504749066,6.062251167946724e-6,6.062251170159367e-6,6.0622511588273196e-6,-3.0311255894381672e-6,-3.031125578106063e-6,-3.0311255803187026e-6
0.0012740259521528772,6.528869166177449e-6,6.528869168560526e-6,6.52886915635734e-6,-3.264434588956875e-6,-3.264434576753625e-6,-3.2644345791366978e-6
0.001289915587977318,7.031364997856065e-6,7.031365000422693e-6,7.0313649872814964e-6,-3.5156825052278053e-6,-3.515682492086536e-6,-3.5156824946531593e-6
0.0013060033991420718,7.5724932939132905e-6,7.572493296677596e-6,7.572493282526394e-6,-3.7862466537180527e-6,-3.7862466395667685e-6,-3.7862466423310686e-6
0.0013222918572875142,8.155219765866039e-6,8.15521976884323e-6,8.155219753604513e-6,-4.077609890187873e-6,-4.077609874949064e-6,-4.07760987792625e-6
0.001338783464880295,8.782737337232223e-6,8.782737340438684e-6,8.782737324029006e-6,-4.391368676398082e-6,-4.391368659988299e-6,-4.391368663194753e-6
0.001355480755597792,9.458483503260832e-6,9.458483506714199e-6,9.458483489043723e-6,-4.729241759975078e-6,-4.729241742304485e-6,-4.7292417457578434e-6
0.0013723862947173772,0.000010186159012039691,0.000010186159015758957,0.000010186158996730972,-5.093079514964717e-6,-5.093079495936599e-6,-5.093079499655857e-6
0.001389502679510531,0.000010969747967043087,0.000010969747971048706,0.000010969747950559096,-5.4848739931061135e-6,-5.484873972616351e-6,-5.4848739766219604e-6
0.0014068325396418716,0.00001181353945870562,0.000011813539463019617,0.000011813539440956294,-5.906769739618536e-6,-5.906769717555043e-6,-5.906769721869028e-6
0.001424378537573162,0.000012722150840692477,0.000012722150845338568,0.000012722150821580872,-6.361075431336535e-6,-6.361075407578648e-6,-6.361075412224726e-6
0.001442143368972351,0.000013700552775220202,0.000013700552780223922,0.000013700552754641966,-6.850276399370291e-6,-6.850276373788117e-6,-6.8502763787918224e-6
0.001460129763127731,0.000014754096181113754,0.000014754096186502602,0.000014754096158956557,-7.377048103134112e-6,-7.377048075587821e-6,-7.3770480809766525e-6
0.0014783404833672391,0.0000158885412283046,0.00001588854123410818,0.00001588854120444753,-7.944270627595436e-6,-7.944270597934507e-6,-7.944270603738074e-6
0.0014967783274830039,0.00001711008853324406,0.000017110088539494262,0.00001711008850755698,-8.555044280981454e-6,-8.55504424904386e-6,-8.555044255294042e-6
0.0015154461281611871,0.000018425412721265977,0.000018425412727997125,0.00001842541269360881,-9.21270637596038e-6,-9.212706341571712e-6,-9.212706348302835e-6
0.0015343467534171718,0.000019841698534350218,0.000019841698541599268,0.000019841698504572185,-9.920849283523131e-6,-9.920849246495645e-6,-9.92084925374467e-6
0.001553483107036198,0.000021366679676077496,0.000021366679683884253,0.000021366679644016317,-0.000010683339855460645,-0.000010683339815592258,-0.000010683339823398986
0.001572858129019474,0.000023008680599880128,0.00002300868060828744,0.000023008680565361144,-0.000011504340318489156,-0.000011504340275562351,-0.000011504340283969629
0.0015924747960358726,0.000024776661462074528,0.00002477666147112853,0.000024776661424909754,-0.000012388330750766311,-0.000012388330704546957,-0.000012388330713600923
0.0016123361218792387,0.000026680266477661052,0.00002668026648741142,0.000026680266437648168,-0.000013340133259790946,-0.000013340133210027042,-0.000013340133219777367
0.0016324451579314166,0.00002872987593460403,0.000028729875945104244,0.000028729875891525293,-0.000014364937989542913,-0.000014364937935963226,-0.000014364937946463392
0.0016528049936310521,0.00003093666214132172,0.00003093666215262936,0.000030936662094942785,-0.00001546833109422787,-0.00001546833103654046,-0.00001546833104784805
0.0016734187569482232,0.00003331264960253075,0.00003331264961470781,0.00003331264955259943,-0.000016656324826199217,-0.000016656324764089893,-0.000016656324776266896
0.001694289614865023,0.00003587077974050809,0.00003587077975362132,0.00003587077968675296,-0.00001793538989658883,-0.00001793538982971942,-0.00001793538984283258
0.001715420773862094,0.00003862498050233179,0.000038624980516453026,0.00003862498044446078,-0.000019312490278927046,-0.000019312490206933606,-0.000019312490221054774
0.001736815480411275,0.000041590241218908976,0.000041590241234115596,0.000041590241156607785,-0.000020795120638656295,-0.000020795120561147132,-0.00002079512057635367
0.0017584770214743549,0.000044782693108647386,0.00004478269312502267,0.00004478269304157777,-0.000022391346584966347,-0.000022391346501519927,-0.000022391346517895113
0.0017804087250080692,0.000048219695847680034,0.000048219695865313634,0.000048219695775478024,-0.000024109847955906127,-0.0000241098478660688,-0.00002410984788370229
0.0018026139604753945,0.000051919930659689655,0.00005191993067867808,0.00005191993058196359,-0.000025959965363295257,-0.00002595996526657883,-0.000025959965285567132
0.0018250961393631996,0.00005590350041178342,0.00005590350043223057,0.000055903500328111864,-0.000027951750240660667,-0.000027951750136539772,-0.000027951750156986788
0.001847858715706383,0.00006019203723870301,0.00006019203726072074,0.00006019203714863249,-0.000030096018655340735,-0.000030096018543250012,-0.000030096018565267587
0.0018709051866185157,0.00006480881825604865,0.00006480881827975736,0.00006480881815909122,-0.000032404409165096224,-0.00003240440904442731,-0.00003240440906813584
0.0018942390928291337,0.00006977888996439948,0.00006977888998992877,0.00006977888986003015,-0.00003488944502016931,-0.000034889444890267554,-0.00003488944491579664
0.0019178640192277015,0.00007512920199033675,0.00007512920201782611,0.00007512920187799062,-0.0000375646010337937,-0.000037564600893954665,-0.00003756460092144381
0.0019417835954143802,0.00008088875085771569,0.0000808887508873153,0.00008088875073678501,-0.00004044437546782892,-0.00004044437531729463,-0.000040444375346893995
0.001966001496257666,0.00008708873453323022,0.00008708873456510172,0.0000870887344030611,-0.000043544367305540755,-0.00004354436714349563,-0.00004354436717536684
0.001990521442458959,0.00009376271854465008,0.00009376271857896743,0.000093762718404539,-0.00004688135931071751,-0.00004688135913628399,-0.00004688135917060104
0.002015347201124212,0.00010094681452834858,0.00010094681456529903,0.00010094681437753869,-0.000050473407301431293,-0.00005047340711366522,-0.000050473407150615315
0.002040482586342664,0.00010867987212506954,0.00010867987216485465,0.0001086798719627466,-0.00005433993609791841,-0.000054339935895803885,-0.0000543399359355886
0.002065931459772842,0.00011700368520972169,0.00011700368525255834,0.0001170036850350097,-0.00005850184263747297,-0.000058501842419917035,-0.00005850184246275325
0.0020916977312358193,0.00012596321351246337,0.00012596321355858503,0.00012596321332442002,-0.00006298160678498514,-0.00006298160655081191,-0.00006298160659693307
0.002117785359315909,0.00013560682076498996,0.00013560682081464786,0.0001356068205626015,-0.00006780341040607998,-0.00006780341015402438,-0.00006780341020368173
0.0021441983519688464,0.0001459865305878788,0.00014598653064134333,0.0001459865303700548,-0.00007299326531078434,-0.00007299326503948536,-0.00007299326509294928
0.0021709407671375316,0.00015715830142261442,0.00015715830148017656,0.00015715830118818186,-0.00007857915071953286,-0.0000785791504275264,-0.00007857915048508785
0.0021980167133754864,0.0001691823219058514,0.0001691823219678243,0.00016918232165354853,-0.00008459116095029194,-0.00008459116063600293,-0.00008459116069797502
0.0022254303504780533,0.00018212332818390856,0.00018212332825062912,0.00018212332791237812,-0.00009106166407579792,-0.000091061663737532,-0.00009106166380425167
0.0022531858901214986,0.00019605094477302416,0.00019605094484485497,0.00019605094448080638,-0.00009802547235367447,-0.00009802547198960906,-0.00009802547206143886
0.002281287596510056,0.00021104005068580742,0.00021104005076313863,0.0002110400503713321,-0.00010552002528964651,-0.00010552002489782103,-0.0001055200249751511
0.0023097397870310613,0.00022717117266729637,0.00022717117275054772,0.00022717117232887466,-0.00011358558625555523,-0.00011358558583386084,-0.00011358558591711094
0.002338546832918259,0.0002445309075154165,0.0002445309076050397,0.000244530907151232,-0.0001222654536495715,-0.00012226545319573982,-0.0001222654532853616
0.002367713159923356,0.0002632123756010845,0.0002632123756975655,0.00026321237520918374,-0.000131606187656229,-0.0001316061871678202,-0.00013160618726429962
0.0023972432489959895,0.00028331570785335413,0.00028331570795721577,0.00028331570743163613,-0.0001416578537389757,-0.00014165785321336563,-0.00014165785331722548
0.0024271416369721333,0.0003049485686352603,0.000304948568747065,0.0003049485681814654,-0.00015247428407807074,-0.0001524742835124369,-0.00015247428362423964
0.0024574129172711397,0.0003282267171074025,0.00032822671722775536,0.0003282267166191008,-0.00016411335825234708,-0.000164113357643654,-0.0001641133577640046
0.0024880617406014146,0.0003532746098590462,0.0003532746099885981,0.0003532746093336244,-0.0001766373045547285,-0.00017663730389971146,-0.00017663730402926094
0.0025190928156749444,0.0003802260477819104,0.0003802260479213616,0.0003802260472165584,-0.0001901130234290843,-0.00019011302272423233,-0.00019011302286368078
0.00255051090993072,0.00040922487037004635,0.0004092248705201501,0.0004092248697617421,-0.0002046124346201232,-0.0002046124338616604,-0.000204612434011761
0.002582320850267163,0.00044042570085154947,0.0004404257010131157,0.0004404257001970433,-0.0002202128497391966,-0.00022021284892306253,-0.00022021284908462532
0.0026145275237837206,0.0004739947457950266,0.00047399474596892665,0.000473994745090824,-0.00023699737206747153,-0.0002369973711892996,-0.00023699737136319583
0.0026471358785316746,0.0005101106530864745,0.0005101106532736455,0.0005101106523288181,-0.00025505532554429884,-0.0002550553245993935,-0.00025505532478656024
0.0026801509242743503,0.0005489654324418766,0.0005489654326433262,0.0005489654316267259,-0.00027448271502342967,-0.0002744827140067418,-0.0002744827142081867
0.0027135777332567717,0.0005907654429079086,0.0005907654431247209,0.0005907654420309194,-0.00029538272002327355,-0.0002953827189293738,-0.00029538271914618055
0.002747421440984939,0.000635732452109236,0.000635732452342576,0.0006357324511657368,-0.0003178662243504362,-0.0003178662231734866,-0.00031786622340682064
0.002781687247014828,0.0006841047723266378,0.0006841047725777587,0.0006841047713116061,-0.00034205238413865483,-0.00034205238287237836,-0.00034205238312349265
0.0028163804157512007,0.0007361384788370124,0.0007361384791072615,0.000736138477745048,-0.00036806923701865254,-0.00036806923565629987,-0.00036806923592654165
0.0028515062772564203,0.0007921087163155542,0.0007921087166063801,0.0007921087151408508,-0.0003960543553190552,-0.0003960543538533698,-0.00039605435414418746
0.0028870702280693115,0.0008523110994927838,0.0008523110998057439,0.0008523110982290987,-0.00042615554639470845,-0.00042615554481788823,-0.0004261555451308391
0.002923077732034275,0.0009170632146768083,0.0009170632150135766,0.0009170632133174296,-0.0004585316033875776,-0.0004585316016912344,-0.00045853160202799243
0.0029595343211407015,0.0009867062291946179,0.0009867062295569936,0.0009867062277323293,-0.0004933531099471297,-0.0004933531081222452,-0.0004933531084846097
0.0029964455963728824,0.0010616066162778043,0.001061606616667722,0.0010616066147048474,-0.0005308033026728842,-0.000530803300709763,-0.0005308033010996681
0.003033817228570533,0.0011421580034185089,0.0011421580038380472,0.0011421580017265424,-0.0005710789952920296,-0.0005710789931802486,-0.000571078993599773
0.0030716549592999898,0.0012287831527524736,0.0012287831532038667,0.0012287831509325297,-0.0006143915688505357,-0.0006143915665788893,-0.0006143915670302671
0.003109964601736349,0.0013219360825900868,0.0013219360830757354,0.001321936080632524,-0.0006609680324781968,-0.0006609680300346388,-0.0006609680305202704
0.0031487520415565415,0.0014221043398132648,0.0014221043403357485,0.001422104337707717,-0.000711052159586518,-0.0007110521569580987,-0.0007110521574805637
0.0031880232378436,0.001529811433489813,0.0015298114340519032,0.0015298114312251357,-0.0007649057046752542,-0.0007649057018480527,-0.0007649057024101225
0.003227784224002158,0.0016456194407270701,0.0016456194413317449,0.0016456194382912818,-0.0008228097062584882,-0.0008228097032175398,-0.0008228097038221919
0.0032680411086853955,0.001770131796496963,0.0017701317971474209,0.0017701317938771815,-0.000885065881776298,-0.0008850658785055163,-0.000885065879155949
0.003308800076733549,0.0019039962799153008,0.0019039962806149775,0.001903996277097676,-0.0009519981207334081,-0.0009519981172155006,-0.0009519981179151496
0.0033500673901240927,0.002047908210251971,0.002047908211004556,0.0020479082072216116,-0.001023954082703135,-0.0010239540789195134,-0.0010239540796720685
0.003391849388933819,0.0022026138667877284,0.0022026138675971855,0.002202613863528624,-0.0011013069072544482,-0.0011013069031851313,-0.0011013069039945552
0.003434152492312865,0.002368914147518061,0.002368914148388644,0.002368914144012996,-0.00118445704330236,-0.0011844570389258691,-0.0011844570397964165
0.0034769831994709436,0.002547668482639251,0.0025476684835755298,0.0025476684788697168,-0.001273834205849171,-0.0012738342011424178,-0.0012738342020786574
0.0035203480906758193,0.0027397990197354496,0.0027397990207423287,0.0027397990156815427,-0.0013698994685759406,-0.0013698994635141072,-0.0013698994645209434
0.0035642538282642695,0.0029462950986229846,0.0029462950997057283,0.0029462950942633036,-0.0014731475012622534,-0.001473147495818662,-0.0014731474969013592
0.003608707157665677,0.0031682180348988334,0.003168218036063092,0.0031682180302103633,-0.0015841089615576916,-0.0015841089557036643,-0.0015841089568678728
0.0036537149084383083,0.0034067062323864463,0.003406706233638284,0.0034067062273444378,-0.00170335305120155,-0.00170335304490626,-0.0017033530461580434
0.0036992839953186155,0.0036629806458779494,0.0036629806472238727,0.003662980640455787,-0.0018314902473902418,-0.001831490240620551,-0.001831490241966416
0.003745421419283541,0.003938350616833613,0.003938350618280601,0.0039383506110026705,-0.001969175220622758,-0.0019691752133430434,-0.0019691752147899698
0.003792134268626142,0.0042342201060254145,0.004234220107580957,0.004234220099754902,-0.002117109951017507,-0.0021171099431894743,-0.0021171099447449496
0.0038394297200445657,0.004552094348496096,0.004552094350168221,0.0045520943417528955,-0.0022760470557861333,-0.002276047047368613,-0.002276047049040668
0.003887315039744649,0.004893586957655572,0.004893586959452891,0.004893586950404057,-0.002446793341275113,-0.002446793332223847,-0.002446793334021092
0.00393579758455627,0.005260427506848619,0.005260427508780367,0.005260427499050462,-0.0026302135937419672,-0.0026302135840093727,-0.002630213585941042
0.003984884803063581,0.005654469618304909,0.005654469620380979,0.005654469609918874,-0.0028272346238214564,-0.0028272346133563758,-0.002827234615432366
0.0040345842367494,0.006077699591025342,0.006077699593256344,0.006077699582007059,-0.0030388495804585546,-0.0030388495692059837,-0.003038849571436903
0.004084903521153809,0.006532245600863093,0.006532245603260391,0.0065322455911648114,-0.003266122550937188,-0.003266122538837983,-0.003266122541235199
0.004135850387047266,0.007020387507829742,0.007020387510405514,0.007020387497400075,-0.003510193464519695,-0.00351019345151026,-0.0035101934540859507
0.004187432661618289,0.007544567307487347,0.007544567310254636,0.007544567296270979,-0.003772283318127138,-0.0037722833041390854,-0.0037722833069062946
0.004239658269675997,0.00810740026518248,0.008107400268155254,0.008107400253119868,-0.004053699743438166,-0.004053699728397949,-0.004053699731370647
0.004292535234867639,0.008711686773829053,0.008711686777022262,0.008711686760856078,-0.004355842935759452,-0.004355842919587968,-0.0043558429227811115
0.0043460716809112735,0.009360424977953318,0.009360424981382972,0.009360424964000944,-0.004680211966023979,-0.004680211948636148,-0.004680211952065746
0.004400275832843898,0.010056824208774726,0.01005682421245795,0.010056824193768597,-0.005028411498303501,-0.005028411479607803,-0.005028411483290989
0.004455156018285041,0.010804319277196453,0.010804319281151572,0.010804319261056475,-0.005402158936271537,-0.005402158916169517,-0.005402158920124618
0.004510720668716218,0.011606585673728607,0.011606585677975215,0.011606585656368481,-0.0058032920231276975,-0.0058032920015134255,-0.005803292005760048
0.004566978320776264,0.012467555726537965,0.01246755573109702,0.0124675557078647,-0.006233776920579563,-0.006233776897339059,-0.006233776901898164
0.0046239376175728686,0.01339143577102246,0.013391435775916354,0.013391435750935822,-0.006695716793580293,-0.006695716768590896,-0.00669571677348489
0.004681607310010464,0.014382724386519052,0.014382724391771719,0.014382724364910985,-0.007191360928625306,-0.007191360901754999,-0.007191360907007825
0.004739996258134639,0.015446231757967561,0.015446231763604561,0.015446231734721542,-0.007723114414518142,-0.0077231143856248165,-0.0077231143912620545
0.004799113432493377,0.01658710022255635,0.01658710022860498,0.016587100197546695,-0.008293548415617115,-0.00829354838454778,-0.008293548390596745
0.004858967915515205,0.01781082606354329,0.017810826070032683,0.017810826036634406,-0.008905411068657934,-0.008905411035247859,-0.008905411041737704
0.004919568902904606,0.019123282615574014,0.019123282622535254,0.019123282586619567,-0.009561639035311507,-0.00956163899938328,-0.009561639006345123
0.00498092570505476,0.02053074474786875,0.020530744755334993,0.020530744716710774,-0.010265369743660572,-0.010265369705023102,-0.010265369712490124
0.005043047748477953,0.02203991479361576,0.02203991480162235,0.02203991476008368,-0.011019954352761763,-0.011019954311209185,-0.01101995431921677
0.005105944577253834,0.023657949995747593,0.02365795000433219,0.023657949959657157,-0.011828971475378602,-0.011828971430689079,-0.011828971439274936
0.005169625854495671,0.02539249154096593,0.025392491550168646,0.025392491502118045,-0.012696241694815114,-0.01269624164674956,-0.012696241655953856
0.005234101363834977,0.02725169525539092,0.027251695265254457,0.02725169521357039,-0.01362584291253456,-0.013625842860835236,-0.013625842870700736
0.00529938101092459,0.02924426403648532,0.02924426404705511,0.029244263991459445,-0.014622126563884256,-0.01462212650827325,-0.014622126518845462
0.005365474824960532,0.03137948209692394,0.031379482108248286,0.031379482048441015,-0.015689734739757124,-0.0156897346799347,-0.01568973469126202
0.005432392960222823,0.033667251096775,0.03366725110890524,0.03366725104456263,-0.016833618252367833,-0.016833618188010626,-0.016833618200144503
0.005500145697635538,0.03611812824069394,0.036118128253684594,0.036118128184457234,-0.018059055683487642,-0.018059055614246713,-0.01805905562724179
0.005568743446346323,0.038743366416734704,0.03874336643064362,0.03874336635615429,-0.019371673453433397,-0.019371673378932086,-0.019371673392846372
0.005638196745325563,0.04155495645279269,0.04155495646768124,0.04155495638752251,-0.020777466948809543,-0.020777466868641164,-0.020777466883536197
0.0057085162649855746,0.044565671565552155,0.044565671581485354,0.044565671495217084,-0.022282822746430377,-0.022282822660155674,-0.02228282267609669
0.005779712808819898,0.047789114075004004,0.0477891140920507,0.04778911399919719,-0.023894541969944675,-0.023894541877089063,-0.023894541894145152
0.005851797315063138,0.05123976445509245,0.05123976447332549,0.05123976437337248,-0.02561986481442978,-0.025619864714480346,-0.025619864732724637
0.005924780858371402,0.054933032787686416,0.05493303280718278,0.054933032699574065,-0.027466496272539068,-0.027466496164941255,-0.027466496184451065
0.005998674651523776,0.05888531268281151,0.05888531270365246,0.05888531258778627,-0.029442633093654587,-0.029442632977808626,-0.02944263299866563
0.006073490047145001,0.06311403772275374,0.06311403774502501,0.06311403762025002,-0.0315569920048322,-0.03155699188008916,-0.03155699190237956
0.006149238539449591,0.06763774048116701,0.06763774050495892,0.06763774037056984,-0.033818839219084136,-0.03381883908474164,-0.03381883910855629
0.0062259317660077855,0.07247611416055198,0.07247611418595956,0.07247611404119236,-0.036238021252658764,-0.036238021107956285,-0.03623802113339085
0.006303581509533421,0.07765007688223706,0.07765007690936017,0.07765007675338684,-0.03882499706835557,-0.038824996912469274,-0.038824996939624365
0.00638219969969424,0.08318183865220614,0.08318183868114955,0.08318183851307233,-0.041590871556516175,-0.04159087138855328,-0.04159087141753455
0.006461798414944616,0.08909497101350353,0.08909497104437701,0.08909497086322206,-0.04454743035902086,-0.044547430178013485,-0.04454743020893172
0.006542389884381261,0.09541447938146137,0.09541447941437971,0.09541447921909017,-0.04770717603437243,-0.04770717583927079,-0.047707175872241984
0.006623986489622045,0.10216687804130356,0.10216687807638664,0.10216687786581498,-0.05108336555359768,-0.05108336534326264,-0.05108336537840803
0.006706600766708201,0.10938026776867872,0.10938026780605135,0.10938026757895104,-0.054690049107189526,-0.0546900488803845,-0.05469004891783056
0.0067902454080303355,0.11708441601211567,0.11708441605190767,0.11708441580692389,-0.05854211019252622,-0.05854210994790819,-0.05854210998778658
0.006874933264278368,0.1253108395519949,0.12531083959434083,0.1253108393300004,-0.06265530693899501,-0.06265530667510469,-0.06265530671755218
0.006960677346415887,0.13409288952323892,0.13409288956827797,0.13409288928297808,-0.06704631461434338,-0.0670463143295944,-0.06704631437475271
0.007047490827679039,0.14346583865816173,0.14346583870603735,0.14346583839803345,-0.07173276924038845,-0.07173276893305558,-0.07173276898107114
0.007135387045600407,0.15346697057163117,0.15346697062249082,0.15346697028988293,-0.07673331222906007,-0.07673331189726608,-0.07673331194828978
0.007224379504058137,0.1641356708724949,0.16413567092648942,0.16413567056720735,-0.08206763593063705,-0.08206763557233843,-0.08206763562652511
0.007314481875350542,0.1755135198428509,0.17551351990013409,0.17551351951192087,-0.08775652996483643,-0.0877565295778076,-0.0877565296353157
0.007405708002296704,0.18764438637993486,0.1876443864406626,0.18764438602105651,-0.09382192818199274,-0.09382192776380872,-0.09382192782479956
0.007498071900363141,0.20057452284369243,0.20057452290802197,0.20057452245433652,-0.10028695607569292,-0.1002869556237103,-0.1002869556883473
0.007591587759817123,0.21435266039637957,0.21435266046446833,0.2143526599737703,-0.10717597843984707,-0.10717597795118294,-0.10717597801963077
0.0076862699479067365,0.22903010435822038,0.22903010443022473,0.22903010389930983,-0.11451464703199359,-0.11451464650350254,-0.11451464657592593
0.007782133011068198,0.24466082903513647,0.2446608291112103,0.24466082853657647,-0.12232994797060089,-0.12232994739884955,-0.12232994747541208
0.007879191677160745,0.26130157140033583,0.2613015714806287,0.26130157085844663,-0.13065024855698287,-0.13065024793822202,-0.13065024801908448
0.007977460857729232,0.2790119229308155,0.2790119230154708,0.27901192234155114,-0.13950534317204305,-0.13950534250217678,-0.13950534258749547
0.00807695565029516,0.29785441881243974,0.29785441890159203,0.2978544181713498,-0.14892649785432543,-0.14892649712887737,-0.1489264972188019
0.008177691340676098,0.3178946236325072,0.31789462372627986,0.31789462293469445,-0.15894649311843176,-0.15894649233250782,-0.15894649242717884
0.00827968340533417,0.33920121257682256,0.33920121267532427,0.339201211816896,-0.16959966452186515,-0.16959966367011267,-0.16959966376965885
0.008382947513753722,0.36184604703848444,0.3618460471418059,0.36184604621050764,-0.1809219404334029,-0.18092193950996552,-0.1809219396145005
0.008487499530848713,0.3859042434280963,0.38590424353630587,0.38590424252552996,-0.19295087639728617,-0.1929508753957543,-0.19295087550537313
0.008593355519400136,0.41145423384937146,0.41145423396251046,0.4114542328650102,-0.20572568542457734,-0.20572568433793395,-0.20572568445270856
0.008700531742523755,0.4385778171702234,0.438577817288301,0.4385778160961256,-0.21928726347601918,-0.2192872622965798,-0.21928726241655463
0.008809044666168745,0.4673601988773499,0.4673601990003367,0.46736019770476067,-0.23367820932960348,-0.23367820804895068,-0.23367820817413698
0.008918910961647365,0.497890017951833,0.49789001807965444,0.49789001667109867,-0.24894283795071961,-0.24894283655963081,-0.24894283669000075
0.009030147508196298,0.5302593588449122,0.5302593589774406,0.5302593574453861,-0.2651271864034675,-0.26512718489183584,-0.2651271850273156
0.009142771395569838,0.5645637464666023,0.5645637466036485,0.5645637449365413,-0.2822790112583625,-0.28227900961511015,-0.2822790097555722
0.009256799926665471,0.6009021219260848,0.6009021220673875,0.6009021202525342,-0.3004477763646626,-0.3004477745776456,-0.3004477747228998
0.009372250620182262,0.6393767965819306,0.639376796727146,0.6393767947505985,-0.31968462976497736,-0.31968462782088153,-0.31968462797066566
0.009489141213312203,0.680093381773067,0.6800933819217564,0.6800933797681854,-0.3400423684360946,-0.3400423663203211,-0.34004236647429004
0.009607489664465374,0.7231606914091988,0.7231606915608143,0.7231606892133704,-0.36157538944369627,-0.36157538714023707,-0.36157538729795036
0.009727314156028883,0.7686906144024969,0.7686906145563667,0.7686906119965278,-0.38433962600001376,-0.38433962349131506,-0.38433962365222374
0.009848633097160386,0.8167979537232396,0.8167979538785499,0.8167979510859542,-0.40839246681371444,-0.4083924640805281,-0.4083924642439593
0.00997146512661629,0.8676002286613467,0.8676002288171232,0.8676002257693853,-0.4337926570207388,-0.433792654041959,-0.4337926542070999
0.01009582911561534,0.9212174366763921,0.9212174368314785,0.9212174335039891,-0.46060017888490834,-0.460600175637395,-0.4606001758032739
0.010221744170737922,0.9777717710222851,0.9777717711753197,0.977771767541025,-0.48887611035869777,-0.48887610681708316,-0.48887610698254935
0.010349229636861409,1.0373872901426655,1.0373872902920547,1.037387286321217,-0.5186824594992465,-0.5186824556357258,-0.5186824557994271
0.010478305100132285,1.1001895346523674,1.1001895347962576,1.100189530456192,-0.5500819726440832,-0.550081968428186,-0.5500819685885442
0.010608990390975171,1.1663050875522887,1.1663050876885344,1.1663050829433226,-0.5831379141667612,-0.5831379095651045,-0.5831379097202882
0.01074130558713954,1.2358610731747264,1.2358610733008544,1.2358610681110336,-0.6179138155571913,-0.6179138105332116,-0.6179138106811064
0.010875271016784267,1.3089845902274646,1.3089845903406372,1.3089845846628592,-0.654473191506796,-0.654473186020459,-0.6544731861586354
0.011010907261600781,1.385802074204132,1.3858020743011035,1.3858020680877658,-0.6928792206279413,-0.6928792146354292,-0.6928792147611069
0.011148235159975138,1.4664385843605596,1.466438584437631,1.4664385776364774,-0.7331943884029472,-0.7331943818563215,-0.7331943819663308
0.01128727581018943,1.5510170104294954,1.5510170104824643,1.5510170030361492,-0.7754800899440236,-0.7754800827908614,-0.7754800828816016
0.011428050573663343,1.6396571942665188,1.639657194290624,1.6396571861362432,-0.8197961901554949,-0.8197961823384992,-0.8197961824058928
0.011570581078235838,1.732474961695534,1.7324749616853965,1.7324749527539802,-0.866200538927233,-0.8662005303838148,-0.8662005304232591
0.011714889221488079,1.8295810599637055,1.829581059913263,1.829581050129228,-0.9147484390588125,-0.914748429720644,-0.9147484297269571
0.011860997174107551,1.9310799964302598,1.931079996332698,1.9310799856132594,-0.965492064721079,-0.9654920545136169,-0.9654920544809822
0.012008927383294276,2.037068774414457,2.0370687742621323,2.037068762516672,-1.0184798284122494,-1.0184798172542286,-1.0184798171761327
0.012158702576209516,2.147635522524303,2.147635522308662,2.1476355094380524,-1.073755694563888,-1.0737556823667842,-1.0737556822359517
0.01231034576346735,2.262858014292476,2.2628580140039682,2.262857999899847,-1.131358438204756,-1.1313584248722177,-1.1313584246805424
0.01246388024267001,2.382802075572379,2.3828020752003614,2.3828020597443627,-1.1913208474041428,-1.1913208328313933,-1.191320832569864
0.012619329601987068,2.507519877907189,2.5075198774398277,2.507519860502764,-1.253668868596819,-1.2536688526700297,-1.2536688523286517
0.012776717723779517,2.6370481169945275,2.63704811641869,2.637048097859683,-1.318420694347436,-1.31842067694307,-1.318420676510784
0.012936068788268817,2.771406076440533,2.771406075741674,2.7714060554072435,-1.3855857936488583,-1.3855857746329903,-1.3855857740975854
0.013097407277251845,2.91059357824714,2.9105935774091836,2.9105935551322837,-1.4551638854753368,-1.45516386470295,-1.4551638640509736
0.013260757977862189,3.054588822917603,3.054588821922816,3.05458879752183,-1.527143857033854,-1.5271438343481152,-1.527143833564781
0.0134261459863782,3.2033461237136165,3.203346122542474,3.2033460958201694,-1.6015026289833925,-1.6015026042149167,-1.6015026032840063
0.013593596712078746,3.356793541467017,3.356793540098069,3.3567935108405087,-1.6782039708294922,-1.6782039437955962,-1.678203942699362
0.01376313588114689,3.514830428451762,3.514830426861488,3.514830394836917,-1.757197270756217,-1.7571972412601715,-1.7571972399792373
0.013934789540622342,3.677324892171819,3.6773248903344817,3.6773248552921873,-1.8384162653367284,-1.8384162331670202,-1.838416231680279
0.01410858406240314,3.844111192526195,3.8441111904136904,3.844111152082844,-1.9217777358713675,-1.9217777008009762,-1.9217776990854907
0.014284546147297308,4.014987088682991,4.014987086264697,4.014987044353197,-2.0071801795432638,-2.0071801413289725,-2.0071801393598765
0.014462702829125058,4.189711155134496,4.189711152377119,4.18971110657044,-2.0945024651583637,-2.094502423540109,-2.0945024212905134
0.014643081478872009,4.368000089816719,4.368000086684143,4.3680000366442115,-2.1836024849503595,-2.1836024396506484,-2.1836024370915506
0.014825709808894435,4.549526040857549,4.549526037310691,4.549525982674808,-2.274315815780562,-2.2743157665039626,-2.274315763604165
0.015010615877176713,4.733913982457753,4.7339139784544155,4.733913918834249,-2.3664544050431906,-2.366454351475928,-2.366454348201965
0.015197828091642112,4.920739174597278,4.920739170092024,4.920739105072686,-2.459805298692635,-2.459805240502311,-2.459805236818389
0.015387375214517121,5.109524745670748,5.109524740614776,5.10952466975404,-2.5541294310283384,-2.554129367863804,-2.5541293637317586
0.015579286366750359,5.299739441764587,5.299739436105633,5.299739358933301,-2.6491604981922645,-2.6491604296836733,-2.649160425062943
0.0157735910324866,5.490795591051354,5.490795584733605,5.490795500751074,-2.7446039397321313,-2.7446038654912113,-2.744603860338835
0.015970319063596444,5.682047336646575,5.682047329610621,5.682047238290698,-2.8401360550367665,-2.8401359746573434,-2.8401359689279886
0.016169500684262712,5.872789196187624,5.872789188370429,5.872789089157435,-2.935403283926948,-2.9354031969857637,-2.9354031906317792
0.016371166495623778,6.062255011275547,6.062255002610469,6.062254894920699,-3.030021683147209,-3.030021589205069,-3.0300215821765843
0.016575347480475143,6.24961735468293,6.249617345099782,6.249617228322367,-3.1235766329078314,-3.123576531511139,-3.1235765237561965
0.01678207500802925,6.43398746776363,6.433987457188799,6.433987330687049,-3.2156228099163724,-3.2156227005990927,-3.215622692063834
0.016991380838735,6.61441580468624,6.614415793042861,6.614415656156164,-3.3056844654553554,-3.3056843477414573,-3.3056843383703627
0.017203297129157243,6.789893263806705,6.789893251014916,6.789893103061254,-3.3932560489338375,-3.393255922340269,-3.3932559120764556
0.017417856436917057,6.959353189541787,6.959353175519058,6.959353015798243,-3.477803218887236,-3.47780308292749,-3.477803071713077
0.017635091725693827,7.121674230324253,7.121674214985809,7.1216740427835195,-3.5587642845312044,-3.5587641387195217,-3.558764126496072
0.017855036370289467,7.275684139414793,7.2756841226741455,7.275683937266851,-3.635552121591206,-3.6355519654474726,-3.63555195215651
0.01807772416175608,7.420164605301338,7.4201645870709205,7.420164387731794,-3.707556606121554,-3.70755643917694,-3.7075564247605532
0.01830318931258729,7.553857196896627,7.553857177088567,7.553856963094483,-3.7741476092756447,-3.7741474310790317,-3.7741474154805745
0.01853146646197452,7.675470505502947,7.675470484029965,7.675470254669672,-3.8346785943673125,-3.8346784044925495,-3.83467838765743
0.018762590681128816,7.783688560282313,7.783688537058776,7.783688291642335,-3.88849085493565,-3.8884906529896632,-3.8884906348662396
0.01899659747866885,7.877180586478764,7.877180561421897,7.877180299291481,-3.934918428752986,-3.9349182143847674,-3.9349181949253462
0.019233522806076424,7.9546121656063855,7.954612138637646,7.954611859179759,-3.973293717653976,-3.9732934905644495,-3.9732934697263835
0.019473403063219714,8.014657843960775,8.01465781500741,8.0146575176666,-4.002953836567993,-4.002953596520744,-4.002953574267643
0.019716275103945604,8.056015219860898,8.056015188857682,8.056014873151776,-4.023247707066318,-4.023247453899149,-4.0232474302021854
0.019962176241741732,8.077420520722386,8.077420487613525,8.077420153150424,-4.033543900954422,-4.03354363459168,-4.033543609430987
0.020211144255469073,8.077665658169755,8.077665622910995,8.077665269406975,-4.033239227825649,-4.033238948291207,-4.033238921657365
0.0204632173951661,8.055616722716863,8.055616685277773,8.05561631257726,-4.021768046940666,-4.021767754371452,-4.021767726267046
0.020718434387925238,8.01023384893534,8.010233809301736,8.01023341739846,-3.9986122682269203,-3.998611962886802,-3.998611933328025
0.020976834443842806,7.940592347408675,7.940592305585225,7.940591894644538,-3.96331198955589,-3.963311671849703,-3.9633116408679947
0.021238457262042886,7.845904961135984,7.845904917148906,7.845904487531081,-3.915476697746157,-3.915476368233601,-3.915476335877279
0.021503343036776555,7.725545061504568,7.72554501540443,7.725544567688586,-3.8547969390000034,-3.8547965984090786,-3.8547965647449307
0.021771532463597146,7.579070552715767,7.579070504580321,7.579070039588575,-3.781056340813994,-3.781055990053577,-3.7810559551683753
0.02204306674561234,7.406248203984991,7.406248153921985,7.4062476727433095,-3.694143841984158,-3.694143482155268,-3.6941434461571467
0.02231798759981455,7.207078076466381,7.207078024616285,7.207077528629427,-3.594065960410219,-3.5940655928154372,-3.5940655558350763
0.022596337263489915,6.981817657381902,6.9818176039204465,6.981817094815124,-3.4809589003414345,-3.480958526491878,-3.4809584886834295
0.022878158500707575,6.7310052581688575,6.731005203309295,6.731004683104746,-3.3551002719518905,-3.35509989357107,-3.3550998551127487
0.02316349460888953,6.455482177731082,6.455482121726033,6.4554815927858265,-3.216920167255634,-3.216919786279463,-3.216919747373715
0.023452389425462693,6.15641307744891,6.156413020591658,6.1564124856335045,-3.0670113080618777,-3.0670109266340155,-3.067010887507181
0.023744887334593894,5.835303963088802,5.83530390571387,5.8353033678129735,-2.9061379547516335,-2.9061375752133145,-2.90613753611468
0.024041033274008614,5.494017122020287,5.494017064503108,5.4940165270874255,-2.735243240085479,-2.7352428649589275,-2.7352428261590713
0.02434087274189526,5.13478232431495,5.134782267070426,5.134781733905996,-2.555454571119897,-2.5554542030844023,-2.555454164872723
0.024644451803894907,4.760203565734926,4.7602035092146355,4.760202984378964,-2.3680867258432836,-2.3680863677030137,-2.3680863303843394
0.024951817100178856,4.37326061189,4.373260556577815,4.373260044419097,-2.1746422606856033,-2.1746419153282535,-2.174641879218427
0.02526301585261397,3.9773045987282876,3.977304545134117,3.9773040502139407,-1.9768088420668604,-1.976808512412312,-1.9768084778326591
0.025578095872017644,3.5760469579147145,3.5760469065660945,3.5760464335831146,-1.7764531211615588,-1.7764528100998127,-1.7764527773703986
0.025897105565503276,3.173540969518538,3.1735409209497694,3.1735404746417526,-1.5756107876620238,-1.575610497979835,-1.5756104674114544
0.026220093943917073,2.774155301717091,2.7741552564556176,2.774154841477217,-1.3764724671183441,-1.376472201414201,-1.3764721732990488
0.026547110629368008,2.382538980746971,2.382538939296704,2.382538560070339,-1.1813651689706286,-1.1813649295579824,-1.1813649041589924
0.02687820586285128,2.0035773466639712,2.0035773094852645,2.0035769700225923,-0.9927290501177635,-0.9927288389167735,-0.9927288164556517
0.027213430511967257,1.642338693762011,1.642338661248026,1.6423383649397103,-0.813089333043704,-0.8130891514621744,-0.8130891321061972
0.027552836078736306,1.3040114703421568,1.304011442791388,1.3040111921632038,-0.6450233091400885,-0.6450231579447774,-0.6450231417924823
0.027896474707511353,0.9938321217304641,0.9938320993152533,0.9938318957490512,-0.49112246753642375,-0.49112234671647903,-0.4911223337824403
0.028244399192989125,0.717003902881386,0.717003885612328,0.7170037290310339,-0.35394991761730904,-0.3539498262422505,-0.35394981644120693
0.02859666298832104,0.4786072612457233,0.47860724893195805,0.4786071374486294,-0.2359934190098588,-0.23599335508524216,-0.23599334821592308
0.028953320213325674,0.28350269411353807,0.2835026863190478,0.28350261585105324,-0.13961449498946224,-0.13961445531415853,-0.13961445104324696
0.029314425662803147,0.13622731304717242,0.13622730904334251,0.1362272728940155,-0.0669942819680433,-0.06699426199789425,-0.06699425984465546
0.02968003481495387,0.04088669518176201,0.0408866938966415,0.04088668230827524,-0.020076956030120365,-0.02007694975358327,-0.020076949075787023
0.030050203839901483,0.0010439590343441889,0.00104395899923887,0.0010439586830572807,-0.0005117733522764213,-0.0005117731845138027,-0.0005117731663711128
0.03042498960832275,0.0196083609018566,0.019608360196118804,0.01960835384687293,-0.00959495962239465,-0.009594956325056067,-0.009594955967982086
0.030804449700184894,0.0987260547267128,0.09872605092184641,0.09872601672693578,-0.048212877922540524,-0.048212860557178584,-0.04821285867427183
0.031188642413591657,0.23967597918479755,0.23967596928927726,0.23967588044475777,-0.1167880874030247,-0.11678804332662902,-0.11678803854181896
0.03157762677374012,0.4427741145273411,0.4427740949338438,0.44277391918231807,-0.21523006774502965,-0.2152299826564866,-0.2152299734093391
0.03197146254198877,0.7072895705818648,0.7072895370189236,0.7072892362270566,-0.3428925171140149,-0.34289237516033555,-0.34289235971751064
0.032370210225039144,1.0313761072958112,1.03137605478622,1.0313755845824035,-0.49853922339695333,-0.4985390073477809,-0.4985389838221015
0.03277393108423149,1.4120227306945967,1.4120226535231981,1.4120219630185995,-0.6803205487303404,-0.6803202402284705,-0.6803202066064744
0.03318268714495675,1.845026930703937,1.8450268223977178,1.8450258540164575,-0.8857625441545097,-0.8857621240488552,-0.8857620782275579
0.033596541206185875,2.3249939146480405,2.324993767971699,2.3249924574180594,-1.111770613382712,-1.1117700621482438,-1.1117700019816277
0.03401555685011764,2.845364825321947,2.845364632292285,2.845362908684468,-1.3546494616596503,-1.3546487599062835,-1.3546486832617417
0.03443979845194737,3.3984764028126726,3.3984761547352633,3.3984739409360856,-1.6101407884912757,-1.6101399175604099,-1.610139822385009
0.03486933118975687,3.9756538470950926,3.9756535346266606,3.975650747801461,-1.8734798048961387,-1.87347874753958,-1.873478631935559
0.0353042210545283,4.567337762661084,4.5673373759008955,4.567333928331592,-2.1394711731189724,-2.1394699142502827,-2.13946977655868
0.03574453486028251,5.16324502372968,5.163244552342911,5.163240352524318,-2.4025843798313895,-2.4025829073344043,-2.4025827462251144
0.03619034025434388,5.7525622049134935,5.752561638289019,5.752556592328988,-2.6570678680452406,-2.657066173618671,-2.657065988184564
0.03664170572773353,6.324168904034384,6.32416823147873,6.324162244817091,-2.8970804794193827,-2.8970785594302737,-2.8970783492823498
0.03709870062569158,6.866886878907668,6.866886089875824,6.8668790693284505,-3.1168379150936234,-3.11683577140625,-3.116835536766067
0.037561395158331304,7.369749477939983,7.3697485623025845,7.369740418425799,-3.310771034585226,-3.3107686753260306,-3.3107684171110145
0.03802986041142544,7.8222844264302145,7.8222833747750204,7.822274024532171,-3.4736919111178586,-3.473689351331845,-3.473689071228466
0.0385041683573278,8.214801708219166,8.214800512183038,8.214789881879321,-3.6009626880351706,-3.600959950185021,-3.6009596507043975
0.038984391866030345,8.538677136106122,8.538675788731629,8.538663817165336,-3.6886614817253855,-3.6886585959822358,-3.6886582804924295
0.03947060471635868,8.786621320261741,8.786619816370338,8.78660645812908,-3.7337389048123204,-3.7337359090870597,-3.7337355818163322
0.03996288160730713,8.952923209367691,8.952921545939006,8.952906774748616,-3.7341582966414184,-3.7341552363081862,-3.734154902313815
0.04046129816951477,9.033657278581725,9.033655455126139,9.033639267138776,-3.689012505661023,-3.6890094329308765,-3.6890090980288104
0.04096593097688526,9.026843846188171,9.026841865097516,9.026824281984869,-3.598610128359269,-3.598607101272233,-3.598606771924048
0.04147685755835083,8.932552974860483,8.932550841719575,8.932531913418522,-3.4645245251482937,-3.4645216061664756,-3.4645212893216715
0.04199415640978379,8.752943987673126,8.75294171151314,8.752921518456107,-3.2895997486496946,-3.2895970028530557,-3.28959670574693
0.04251790700605583,8.492234805611702,8.492232399085292,8.49221105373764,-3.0779087633288817,-3.077906256238331,-3.077905986148179
0.04304818981324825,8.156598056100016,8.156595535557734,8.156573183081818,-2.8346610165447537,-2.8346588116239793,-2.8346585755894274
0.043585086301014535,7.753984130625169,7.753981516073495,7.753958333945414,-2.5660585237832683,-2.56605667970007,-2.566056484216626
0.044128678955096395,7.293874955943445,7.293872270866663,7.293848467289032,-2.2791021089255987,-2.2791006766840765,-2.2791005273824103
0.0446790512899969,6.786976011628218,6.786973282659803,6.786949093644002,-1.981352213496828,-1.9813512335813825,-1.9813511349081665
0.04523628786181077,6.244857856451769,6.244855112885901,6.24483079792125,-1.6806516399159288,-1.680651139614356,-1.6806510945334667
0.045800474281215475,5.679561860613127,5.679559133753598,5.679534970039583,-1.3848205687189632,-1.3848205598118122,-1.384820569546885
0.046371697226623675,5.103187700814595,5.103185023166626,5.103161298457389,-1.1013369997901747,-1.101337476803816,-1.101337540644324
0.046950044457500076,4.527482177650837,4.527479581971097,4.527456586167514,-0.8370181951178775,-0.8370191343360829,-0.837019249528748
0.0475356048278445,3.9634497972578107,3.9634473154887804,3.9634253312100047,-0.5977205085274603,-0.597721867937432,-0.5977220296827013
0.04812846829984256,3.4210051081367854,3.4210027702632955,3.4209820627321363,-0.38807593377579563,-0.38807765408718636,-0.38807785565622055
0.04872872595768731,2.9086848657761215,2.908682698653429,2.908663505332604,-0.21128355636975163,-0.21128556318760267,-0.2112857961687792
0.04933647002157254,2.4334346889521288,2.4334327151656794,2.4334152356768914,-0.06897266085217023,-0.06897486800706087,-0.06897512268223406
0.04995179386186134,2.0004800869884196,2.0004783238142454,2.0004627107498587,0.038848612513441946,0.03884629857016205,0.03884603273014698
0.05057479201343066,1.6132858487893218,1.6132843073296987,1.6132706586169254,0.11374950097039255,0.11374717590707258,0.1137469096503146
0.05120556019019521,1.2736012288364613,1.2735999134066878,1.273588266895058,0.15873393048310824,0.15873168627876438,0.15873142991920772
0.05184419529981277,0.9815817343843368,0.981580642222023,0.9815709731251178,0.1780020635400545,0.17799998254943028,0.17799974530046875
0.05249079545857188,0.7359723280340957,0.7359714493909612,0.7359636711126362,0.1766270904411374,0.17662523984739087,0.17662502919997486
0.05314546000646636,0.5343322965788628,0.5343316152358817,0.5343255839415587,0.16016649622071194,0.16016492344443803,0.16016474465364514
0.05380828952245705,0.3732796764153034,0.3732791706346353,0.3732746936858334,0.13423498691298266,0.13423371654961289,0.13423357229394386
0.05447938583992469,0.2487336315704942,0.2487332754622315,0.24873012351918117,0.10407316010861352,0.1040721929011203,0.10407208317138401
0.05515885206231433,0.15613698506865317,0.15613675030800772,0.1561346725301278,0.07415099667522876,0.07415031088158312,0.07415023313955486
0.055846792578976026,0.09064828449858282,0.09064814228180897,0.09064688363718033,0.04784745638216064,0.04784701165879703,0.04784696127895911
0.05654331308120251,0.04730294313276278,0.047302866211019666,0.047302185471849195,0.027246070759544043,0.02724581435338728,0.02724578532400869
0.057248520578466876,0.021155185309429697,0.021155149893285895,0.021154836483225966,0.013080802921796458,0.013080677556292344,0.013080663370252623
0.057962523414863396,0.007425192188712259,0.00742517947753328,0.007425066996803037,0.004856231884373879,0.00485618426615244,0.004856178880278277
0.05868543128575206,0.0016868917354085817,0.0016868888017776632,0.0016868628433200576,0.0011513641493958288,0.0011513525550375361,0.0011513512441919808
0.059417355254612496,0.0001387496823242687,0.00013874943872948319,0.00013874728335425411,0.00009762913554537914,0.00009762812276337662,0.00009762800830145868
0.060158407770106316,1.4663158708875375e-8,1.4663132872186262e-8,1.4662904273612546e-8,1.0519061931709968e-8,1.0518949228338953e-8,1.0518936495130175e-8
0.06090870268335357,0.00006566639121016217,0.00006566627570645146,0.00006566525379206058,0.000047548878706101716,0.00004754835138917969,0.00004754829183092648
0.06166835526542403,0.0014329884094398308,0.0014329859053568688,0.001432963751503424,0.0010379474676630626,0.0010379355307958223,0.0010379341829464413
0.06243748222504673,0.008380606148052333,0.008380591660399637,0.008380463492122228,0.006023511218862189,0.006023439265330621,0.006023431142755612
0.06321620172654087,0.02933809306659636,0.029338043075633802,0.02933760083784346,0.020775192140557387,0.02077493400233168,0.020774904868805556
0.06400463340796919,0.07783412983816063,0.0778339995096749,0.07783284662645722,0.05396109284115284,0.053960394542188095,0.05396031574901709
0.064802898399519,0.17325943014872805,0.17325914577532614,0.17325663032206237,0.11694793833459693,0.11694636035891917,0.116946182342416
0.0656111193421118,0.34123536146003985,0.3412348135537888,0.34122996720736914,0.22316040469840412,0.22315726185624485,0.2231569073688722
0.066429420406245,0.6133504919085687,0.6133495299347456,0.6133410214564237,0.3869740493144306,0.38696835550985503,0.3869677134083514
0.06725792731106929,1.0260262971361527,1.0260247269843135,1.026010839928609,0.6221713586452106,0.6221617858369566,0.6221607064741898
0.06809676734370254,1.6183105998198095,1.6183081851200303,1.6182868295627941,0.9400534121887243,0.9400382742221612,0.9400365676448732
0.0689460693787865,2.4284811838867126,2.42847765216559,2.4284464192386745,1.3473658948593568,1.3473431672181393,1.3473406054136392
0.06980596389828542,3.4894758840084483,3.489470938417312,3.4894272041148833,1.8442596323822884,1.8442270178551934,1.8442233421704977
0.07067658301153314,4.823345687791827,4.823339024716094,4.823280105688236,2.4225528906835705,2.4225079381292915,2.422502872668506
0.07155806047552946,6.435141345606264,6.435132677884292,6.435056036796343,3.0645851864743325,3.064525465112192,3.064518736381672
0.0724505317154897,8.306868840304121,8.306857925072444,8.306761416815714,3.742940853680752,3.7428641786957217,3.7428555410183613
0.07335413384565116,10.392352122151893,10.392338791542912,10.392220934590505,4.42126803176907,4.421172728870373,4.421161994172737
0.07426900569033783,12.613982341729786,12.613966533855553,12.613826784055583,5.0563221927888,5.056207380448346,5.056194450021323
0.07519528780528904,14.862367646792663,14.862349433756387,14.862188431743869,5.6012257687556914,5.6010916282980165,5.601076523169931
0.07613312249925343,16.99978592039131,16.99976552959479,16.99958528883177,6.009766960959833,6.009614957920026,6.009597843722737
0.077082653855853,18.86805572487279,18.868033549757,18.86783755106949,6.241379067776919,6.241212084607088,6.241193286443109
0.07804402775571848,20.30097013382056,20.3009467304998,20.300739891856736,6.266271209153577,6.2660935510179,6.2660735540270345
0.07901739189890214,21.140805470012534,21.140781537119295,21.140570034994425,6.070051492899705,6.069868736186999,6.06984816840304
0.08000289582756946,21.25767901772877,21.25765535820257,21.25744628939597,5.657124968134315,5.65694363598666,5.656923231729662
0.0810006909489738,20.56977994413701,20.569757409616198,20.569558299447923,5.0521878539718506,5.0520149241139825,5.051995468528756
0.08201093055871839,19.06186038263166,19.061839803403924,19.06165798649479,4.299293601341033,4.299135877067695,4.299118135298512
0.08303376986430663,16.798990718002027,16.798972823903373,16.798814745259854,3.4582369618488786,3.4581003641020414,3.458085001639544
0.08406936600898866,13.932591990407488,13.932577330312935,13.932447834319335,2.598370851093874,2.5982597138598056,2.5982472173261746
0.0851178780959028,10.696263863319102,10.696252732565235,10.696154422437257,1.7903964543402222,1.790312922103777,1.790303531592066
0.08617946721251984,7.389970355449773,7.389962741283137,7.389895498135069,1.0970878936956765,1.0970315234316095,1.0970251879251458
0.08725429645539157,4.352678359944487,4.3526739145639874,4.352634660524039,0.5642523246917583,0.5642199819433379,0.5642163478727265
0.08834253095520771,1.9254090320209516,1.9254070807641155,1.9253898526663675,0.2134044031984247,0.21339051049326047,0.21338894995251745
0.08944433790216645,0.40859587396984925,0.40859546266305974,0.4085918315992616,0.0375820399416166,0.03757918765842217,0.0375788673735138
0.09055988657165952,0.019300183695071638,0.019300164378809666,0.019299993875121293,0.0014083429163514497,0.0014082131404833768,0.0014081985733822098
0.0916893483502794,0.8548372404321625,0.8548363890918586,0.854828875387556,0.04591747528109769,0.04591196736239468,0.04591134937897685
0.09283289676215001,2.8693790013091234,2.8693761556532964,2.8693510442507364,0.09787017398321202,0.09785256843755961,0.09785059412082354
0.09399070749558582,5.8689105278016145,5.8689047284720095,5.868853560108356,0.08240510636533407,0.08237107427571914,0.08236726017163792
0.0951629584300843,9.527522039430849,9.52751265528676,9.527429870416517,-0.06293210351137163,-0.06298383446542966,-0.06298962790203189
0.09634982966365328,13.424668103733984,13.424654921867676,13.424538653061086,-0.37528619953199255,-0.37535366810057413,-0.3753612171954263
0.09755150354048085,17.099233747825846,17.09921701223828,17.09906942297637,-0.8573405760851348,-0.8574189649569726,-0.8574277259103859
0.09876816467894939,20.112730775619365,20.112711164988387,20.112538250890026,-1.4741292398670596,-1.4742117673232338,-1.4742209770532562
0.1,22.111499807922733,22.11147835195675,22.111289200521632,-2.15707315445116,-2.1571523289267946,-2.157161146523954
