5.00000000000001e-6,2.4067339904920657*^-20+0.*I,2.4067339913685215*^-20+0.*I,2.4067339868522467*^-20+0.*I,-1.2033669975041703*^-20-1.9295730123761905*^-30*I,-1.2033669929878955*^-20+1.9295721039063723*^-30*I,-1.2033669938643513*^-20-1.9295721508949355*^-30*I
5.0623599377924525e-6,2.592544309411979*^-20+0.*I,2.5925443103561008*^-20+0.*I,2.59254430549115*^-20+0.*I,-1.2962721571384649*^-20-2.104468027632642*^-30*I,-1.296272152273514*^-20+2.1044670118857584*^-30*I,-1.296272153217636*^-20-2.1044670644681072*^-30*I
5.125497627953191e-6,2.7926999918731665*^-20+0.*I,2.7926999928901785*^-20+0.*I,2.792699987649632*^-20+0.*I,-1.3963499985568564*^-20-2.295215393106547*^-30*I,-1.3963499933163098*^-20+2.295214257541673*^-30*I,-1.3963499943333224*^-20-2.2952143162483956*^-30*I
5.1894227706000754e-6,3.008308562213792*^-20+0.*I,3.008308563309322*^-20+0.*I,3.008308557664183*^-20+0.*I,-1.5041542839294656*^-20-2.5032519533757624*^-30*I,-1.5041542782843266*^-20+2.5032506839385542*^-30*I,-1.5041542793798563*^-20-2.503250749748895*^-30*I
5.254145186830737e-6,3.2405630504561675*^-20+0.*I,3.2405630516362775*^-20+0.*I,3.240563045555309*^-20+0.*I,-1.620281528268568*^-20-2.7301447882070324*^-30*I,-1.6202815221875995*^-20+2.730143368703255*^-30*I,-1.6202815233677092*^-20-2.7301434422102147*^-30*I
5.319674820231383e-6,3.4907485937160474*^-20+0.*I,3.4907485949872664*^-20+0.*I,3.490748588436821*^-20+0.*I,-1.7453743001332463*^-20-2.9776030155727656*^-30*I,-1.745374293582801*^-20+2.9776014287221155*^-30*I,-1.74537429485402*^-20-2.9776015108434478*^-30*I
5.386021738404514e-6,3.760249547269696*^-20+0.*I,3.760249548639059*^-20+0.*I,3.7602495415828906*^-20+0.*I,-1.8801247771629322*^-20-3.2474906673900166*^-30*I,-1.8801247701067637*^-20+3.2474888930708154*^-30*I,-1.8801247714761267*^-20-3.247488984748913*^-30*I
5.453196134515633e-6,4.050557144625882*^-20+0.*I,4.050557146100966*^-20+0.*I,4.050557138500031*^-20+0.*I,-2.0252785761134087*^-20-3.541840728762993*^-30*I,-2.0252785685124734*^-20+3.541838745109334*^-30*I,-2.0252785699875573*^-20-3.541838847852927*^-30*I
5.52120832885931e-6,4.363277748988882*^-20+0.*I,4.363277750577849*^-20+0.*I,4.3632777423900883*^-20+0.*I,-2.1816388785883215*^-20-3.862870454190233*^-30*I,-2.181638870400561*^-20+3.8628682370205395*^-30*I,-2.1816388719895276*^-20-3.8628683517909265*^-30*I
5.590068770444667e-6,4.700141741769687*^-20+0.*I,4.700141743481329*^-20+0.*I,4.700141734661438*^-20+0.*I,-2.3500708752947892*^-20-4.212998068791451*^-30*I,-2.3500708664748982*^-20+4.212995588892198*^-30*I,-2.3500708681865396*^-20-4.2129957173731664*^-30*I
5.659788038600748e-6,5.0630130973292165*^-20+0.*I,5.063013099173005*^-20+0.*I,5.0630130896721794*^-20+0.*I,-2.5315065534150207*^-20-4.594860981685421*^-30*I,-2.5315065439141958*^-20+4.5948582100128444*^-30*I,-2.531506545757984*^-20-4.5948583532052384*^-30*I
5.730376844601848e-6,5.45389969693287*^-20+0.*I,5.453899698919005*^-20+0.*I,5.453899688684676*^-20+0.*I,-2.7269498535835994*^-20-5.0113356570580764*^-30*I,-2.7269498433492697*^-20+5.011332558222224*^-30*I,-2.726949845335406*^-20-5.0113327186826505*^-30*I
5.801846033313173e-6,5.874964438987378*^-20+0.*I,5.874964441126852*^-20+0.*I,5.874964430102388*^-20+0.*I,-2.9374822250059207*^-20-5.465559278548981*^-30*I,-2.9374822139814565*^-20+5.465555813770469*^-30*I,-2.937482216120931*^-20-5.46555599310491*^-30*I
5.874206584856922e-6,6.328537207035379*^-20+0.*I,6.32853720934003*^-20+0.*I,6.328537197464429*^-20+0.*I,-3.1642686094554896*^-20-5.960953381950891*^-30*I,-3.1642685975798884*^-20+5.960949508031519*^-30*I,-3.1642685998845405*^-20-5.960949708188564*^-30*I
5.947469616299249e-6,6.817127761731609*^-20+0.*I,6.817127764214189*^-20+0.*I,6.81712775142174*^-20+0.*I,-3.408563887262029*^-20-6.501249627284257*^-30*I,-3.408563874469579*^-20+6.501245296435653*^-30*I,-3.40856387695216*^-20-6.501245520682398*^-30*I
6.02164638335821e-6,7.343439628135033*^-20+0.*I,7.343439630809279*^-20+0.*I,7.343439617029198*^-20+0.*I,-3.671719820957557*^-20-7.090517911016343*^-30*I,-3.6717198071774756*^-20+7.090513069474628*^-30*I,-3.6717198098517226*^-20-7.090513319948489*^-30*I
6.0967482821330714e-6,7.910385055160542*^-20+0.*I,7.910385058041253*^-20+0.*I,7.910385043197289*^-20+0.*I,-3.955192535002253*^-20-7.73319702267006*^-30*I,-3.955192520158289*^-20+7.733191609134388*^-30*I,-3.955192523038999*^-20-7.73319188971387*^-30*I
6.172786850855072e-6,8.521101129964084*^-20+0.*I,8.521101133067197*^-20+0.*I,8.521101117077214*^-20+0.*I,-4.260550572977033*^-20-8.434128077740255*^-30*I,-4.260550556987051*^-20+8.434122025352809*^-30*I,-4.260550560090164*^-20-8.434122338423446*^-30*I
6.249773771660138e-6,9.17896713642898*^-20+0.*I,9.178967139771668*^-20+0.*I,9.178967122547189*^-20+0.*I,-4.589483576826729*^-20-9.198590988120683*^-30*I,-4.589483559602251*^-20+9.198584221750596*^-30*I,-4.5894835629449384*^-20-9.198584571092445*^-30*I
6.327720872383639e-6,9.887623253801885*^-20+0.*I,9.887623257402642*^-20+0.*I,9.887623238848359*^-20+0.*I,-4.943811636178083*^-20-1.0032344232939442*^-29*I,-4.943811617623801*^-20+1.0032336666777346*^-29*I,-4.943811621224558*^-20-1.0032337058285945*^-29*I
6.406640128377597e-6,1.0650990698944957*^-19+0.*I,1.0650990702823709*^-19+0.*I,1.0650990682836955*^-19+0.*I,-5.325495359465855*^-20-1.0941668235015595*^-29*I,-5.3254953394791013*^-20+1.0941659777549845*^-29*I,-5.325495343357853*^-20-1.094166021478657*^-29*I
6.486543664350436e-6,1.1473293423655799*^-19+0.*I,1.1473293427834005*^-19+0.*I,1.1473293406304188*^-19+0.*I,-5.736646722592808*^-20-1.1933412670913962*^-29*I,-5.73664670106299*^-20+1.1933403214823462*^-29*I,-5.736646705241198*^-20-1.1933403704521499*^-29*I
6.5674437562298076e-6,1.2359081487115537*^-19+0.*I,1.235908149161632*^-19+0.*I,1.2359081468424308*^-19+0.*I,-6.179540755153775*^-20-1.3015048066776907*^-29*I,-6.179540731961761*^-20+1.301503749351783*^-29*I,-6.179540736462545*^-20-1.3015038042086181*^-29*I
6.649352833048565e-6,1.3313256232790088*^-19+0.*I,1.3313256237638352*^-19+0.*I,1.3313256212655814*^-19+0.*I,-6.656628128886313*^-20-1.4194722068428843*^-29*I,-6.656628103903775*^-20+1.4194710249252963*^-29*I,-6.656628108752039*^-20-1.41947108606964*^-29*I
6.732283478854348e-6,1.4341097409098038*^-19+0.*I,1.4341097414320611*^-19+0.*I,1.4341097387409313*^-19+0.*I,-7.170548718004668*^-20-1.548132082467428*^-29*I,-7.17054869109337*^-20+1.548130761000229*^-29*I,-7.170548696315942*^-20-1.548130829300059*^-29*I
6.816248434642838e-6,1.5448292383909526*^-19+0.*I,1.5448292389535303*^-19+0.*I,1.5448292360546335*^-19+0.*I,-7.724146206449246*^-20-1.6884535910779278*^-29*I,-7.72414617746028*^-20+1.6884521135143422*^-29*I,-7.724146183086056*^-20-1.6884521899754629*^-29*I
6.901260600315271e-6,1.6640967614532422*^-19+0.*I,1.6640967620592532*^-19+0.*I,1.6640967589365492*^-19+0.*I,-8.320483822879731*^-20-1.841493734119019*^-29*I,-8.320483791652691*^-20+1.84149208244113*^-29*I,-8.3204837977128*^-20-1.8414921680296538*^-29*I
6.9873330366602766e-6,1.7925722547316254*^-19+0.*I,1.7925722553844232*^-19+0.*I,1.792572252020633*^-19+0.*I,-8.962861290477079*^-20-2.0084053195691174*^-29*I,-8.962861256839176*^-20+2.0084034727472973*^-29*I,-8.962861263367154*^-20-2.0084035682481513*^-29*I
7.0744789673605195e-6,1.930966613445331*^-19+0.*I,1.9309666141485276*^-19+0.*I,1.930966610525038*^-19+0.*I,-9.654833085344102*^-20-2.1904456437951963*^-29*I,-9.654833049109207*^-20+2.1904435791040443*^-29*I,-9.654833056141172*^-20-2.1904436860293134*^-29*I
7.162711781024229e-6,2.0800456170032233*^-19+0.*I,2.0800456177607096*^-19+0.*I,2.080045613857471*^-19+0.*I,-1.0400228104532309*^-19-2.3889859646291608*^-29*I,-1.0400228065499923*^-19+2.3889836562985283*^-29*I,-1.0400228073074786*^-19-2.3889837758839323*^-29*I
7.2520450332422035e-6,2.240634166300703*^-19+0.*I,2.2406341671166704*^-19+0.*I,2.240634162912085*^-19+0.*I,-1.1203170852526441*^-19-2.6055218290809686*^-29*I,-1.1203170810480588*^-19+2.605519248432258*^-29*I,-1.1203170818640262*^-19-2.605519381977641*^-29*I
7.342492448670384e-6,2.413620848154073*^-19+0.*I,2.4136208490330367*^-19+0.*I,2.413620844503839*^-19+0.*I,-1.2068104263416355*^-19-2.8416843394891746*^-29*I,-1.2068104218124376*^-19+2.8416814545665514*^-29*I,-1.2068104226914015*^-19-2.8416816037005083*^-29*I
7.434067923138498e-6,2.5999628521291247*^-19+0.*I,2.5999628530759485*^-19+0.*I,2.599962848197077*^-19+0.*I,-1.2999814285039982*^-19-3.099252440586669*^-29*I,-1.2999814236251268*^-19+3.09924921493389*^-29*I,-1.2999814245719503*^-19-3.099249382137833*^-29*I
7.52678552578484e-6,2.8006912669697993*^-19+0.*I,2.8006912679897217*^-19+0.*I,2.8006912627341805*^-19+0.*I,-1.4003456361126705*^-19-3.3801663188256956*^-29*I,-1.4003456308571288*^-19+3.3801627123683067*^-29*I,-1.4003456318770515*^-19-3.380162898760252*^-29*I
7.620659501217841e-6,3.016916785934296*^-19+0.*I,3.016916787032961*^-19+0.*I,3.016916781371669*^-19+0.*I,-1.5084583957977942*^-19-3.6865420175133495*^-29*I,-1.508458390136502*^-19+3.6865379856424787*^-29*I,-1.508458391235167*^-19-3.6865381938486747*^-29*I
7.715704271704492e-6,3.2498358526075457*^-19+0.*I,3.2498358537910325*^-19+0.*I,3.249835847692664*^-19+0.*I,-1.6249179293529571*^-19-4.02068737710536*^-29*I,-1.6249179232545885*^-19+4.0206828693546875*^-29*I,-1.6249179244380754*^-19-4.0206831025567023*^-29*I
7.811934439386168e-6,3.5007372811971523*^-19+0.*I,3.5007372824720096*^-19+0.*I,3.5007372759028205*^-19+0.*I,-1.7503686438831705*^-19-4.385119418492202*^-29*I,-1.7503686373139816*^-19+4.3851143785858453*^-29*I,-1.750368638588839*^-19-4.385114639418261*^-29*I
7.909364788521921e-6,3.771009387944323*^-19+0.*I,3.7710093893176047*^-19+0.*I,3.771009382241246*^-19+0.*I,-1.885504697510341*^-19-4.7825833039250216*^-29*I,-1.8855046904339823*^-19+4.782577669349408*^-29*I,-1.8855046918072637*^-19-4.782577960611966*^-29*I
8.008010287759914e-6,4.0621476731108637*^-19+0.*I,4.062147674590168*^-19+0.*I,4.0621476669674837*^-19+0.*I,-2.031073840366774*^-19-5.216073014730269*^-29*I,-2.0310738327440897*^-19+5.21606671543717*^-29*I,-2.0310738342233943*^-19-5.216067041290454*^-29*I
8.107886092437087e-6,4.375763096048439*^-19+0.*I,4.375763097641952*^-19+0.*I,4.375763089430764*^-19+0.*I,-2.187881552129814*^-19-5.68885390455353*^-29*I,-2.1878815439186255*^-19+5.688846861613154*^-29*I,-2.187881545512139*^-19-5.688847225921444*^-29*I
8.209007546907605e-6,4.713590989139133*^-19+0.*I,4.713590990855673*^-19+0.*I,4.713590982010545*^-19+0.*I,-2.3567954989921304*^-19-6.204487296542014*^-29*I,-2.3567954901470024*^-19+6.20447942196875*^-29*I,-2.356795491863542*^-19-6.204479829362544*^-29*I
8.311390186900177e-6,5.077500659930109*^-19+0.*I,5.077500661779173*^-19+0.*I,5.077500652251164*^-19+0.*I,-2.53875033472906*^-19-6.766857308058687*^-29*I,-2.5387503252010497*^-19+6.766848504600714*^-29*I,-2.5387503270501134*^-19-6.766848959945387*^-29*I
8.41504974190494e-6,5.469505734594916*^-19+0.*I,5.469505736586735*^-19+0.*I,5.469505726323122*^-19+0.*I,-2.7347528724292647*^-19-7.380200113221568*^-29*I,-2.734752862165651*^-19+7.380190270781733*^-29*I,-2.7347528641574707*^-19-7.380190780066664*^-29*I
8.520002137590023e-6,5.891775299954294*^-19+0.*I,5.89177530209989*^-19+0.*I,5.891775291043881*^-19+0.*I,-2.945887655505151*^-19-8.049135846542519*^-29*I,-2.945887644449142*^-19+8.049124842154183*^-29*I,-2.945887646594739*^-19-8.049125411492621*^-29*I
8.626263498248342e-6,6.346645905709275*^-19+0.*I,6.346645908020521*^-19+0.*I,6.34664589611094*^-19+0.*I,-3.1733229588094276*^-19-8.778703408771237*^-29*I,-3.173322946899847*^-19+8.778691106076231*^-29*I,-3.173322949211093*^-19-8.778691742004979*^-29*I
8.73385014927474e-6,6.836634493297688*^-19+0.*I,6.836634495787374*^-19+0.*I,6.836634482958321*^-19+0.*I,-3.4183172530633705*^-19-9.574398424488454*^-29*I,-3.418317240234318*^-19+9.574384670298136*^-29*I,-3.4183172427240026*^-19-9.574385382107493*^-29*I
8.842778619674197e-6,7.364452322914697*^-19+0.*I,7.364452325596596*^-19+0.*I,7.364452311777085*^-19+0.*I,-3.6822261683671036*^-19-1.0442214636111008*^-28*I,-3.682226154547593*^-19+1.044219925837682*^-28*I,-3.6822261572294917*^-19-1.0442200053809974*^-28*I
8.953065644601226e-6,7.933019975758833*^-19+0.*I,7.933019978647787*^-19+0.*I,7.93301996376135*^-19+0.*I,-3.9665099953226357*^-19-1.1388689054887411*^-28*I,-3.966509980436198*^-19+1.138867186192783*^-28*I,-3.9665099833251514*^-19-1.1388672751370235*^-28*I
9.064728167931024e-6,8.545483514516424*^-19+0.*I,8.545483517628417*^-19+0.*I,8.545483501592683*^-19+0.*I,-4.272741765276079*^-19-1.242095120069461*^-28*I,-4.2727417492403445*^-19+1.2420931980441265*^-28*I,-4.272741752352338*^-19-1.242093297445849*^-28*I
9.177783344862541e-6,9.20523189150403*^-19+0.*I,9.205231894856282*^-19+0.*I,9.205231877582518*^-19+0.*I,-4.602615954388896*^-19-1.3546776810999821*^-28*I,-4.602615937115134*^-19+1.3546755322311715*^-28*I,-4.602615940467385*^-19-1.3546756434534084*^-28*I
9.29224854455417e-6,9.915915700795179*^-19+0.*I,9.91591570440624*^-19+0.*I,9.915915685798867*^-19+0.*I,-4.957957859701275*^-19-1.477464640861176*^-28*I,-4.957957841093904*^-19+1.477462238232347*^-28*I,-4.957957844704964*^-19-1.4774623626047543*^-28*I
9.408141352792214e-6,1.0681467378091356*^-18+0.*I,1.0681467381981207*^-18+0.*I,1.0681467361937266*^-18+0.*I,-5.340733699067648*^-19-1.6113809180291579*^-28*I,-5.340733679023708*^-19+1.611378232008865*^-28*I,-5.340733682913558*^-19-1.6113783709711475*^-28*I
9.52547957469274e-6,1.1506122960110473*^-18+0.*I,1.1506122964300638*^-18+0.*I,1.1506122942709216*^-18+0.*I,-5.753061490850947*^-19-1.757435266162987*^-28*I,-5.753061469259527*^-19+1.7574322631074703*^-28*I,-5.753061473449691*^-19-1.7574324185893178*^-28*I
9.644281237436947e-6,1.2394445523892316*^-18+0.*I,1.239444552840598*^-18+0.*I,1.2394445505147608*^-18+0.*I,-6.197222773575344*^-19-1.9167278707399857*^-28*I,-6.197222750316972*^-19+1.9167245133509075*^-28*I,-6.197222754830635*^-19-1.9167246869793538*^-28*I
9.764564593040824e-6,1.3351350435720266*^-18+0.*I,1.3351350440582403*^-18+0.*I,1.3351350415528385*^-18+0.*I,-6.675675230387142*^-19-2.0904586373710127*^-28*I,-6.675675205333124*^-19+2.090454883725872*^-28*I,-6.67567521019526*^-19-2.0904550777448095*^-28*I
9.886348121159268e-6,1.4382132549367469*^-18+0.*I,1.4382132554604983*^-18+0.*I,1.4382132527616688*^-18+0.*I,-7.191066288177883*^-19-2.2799362304127584*^-28*I,-7.191066261189587*^-19+2.2799320337186817*^-28*I,-7.191066266427101*^-19-2.27993225089797*^-28*I
0.000010009650531925254,1.549249550416508*^-18+0.*I,1.5492495509806954*^-18+0.*I,1.5492495480735043*^-18+0.*I,-7.746247766618496*^-19-2.486587930701541*^-28*I,-7.746247737546585*^-19+2.486583238391475*^-28*I,-7.746247743188459*^-19-2.486583481259411*^-28*I
0.000010134490768824244,1.6688583285005453*^-18+0.*I,1.6688583291082905*^-18+0.*I,1.6688583259766517*^-18+0.*I,-8.34429165816092*^-19-2.7119703861183435*^-28*I,-8.344291626844533*^-19+2.711965140287031*^-28*I,-8.344291632921984*^-19-2.7119654117609433*^-28*I
0.000010260888011604638,1.797701421891467*^-18+0.*I,1.7977014225461328*^-18+0.*I,1.7977014191727178*^-18+0.*I,-8.988507126324409*^-19-2.9577813387932133*^-28*I,-8.988507092590261*^-19+2.9577754740919867*^-28*I,-8.988507099136917*^-19-2.957775777585416*^-28*I
0.000010388861679224394,1.9364917596304885*^-18+0.*I,1.9364917603356974*^-18+0.*I,1.9364917567018405*^-18+0.*I,-9.682458816321727*^-19-3.2258724124493325*^-28*I,-9.682458779983158*^-19+3.225865855604034*^-28*I,-9.682458787035245*^-19-3.225866194790022*^-28*I
0.00001051843143283454,2.0859973119545926*^-18+0.*I,2.0859973127142464*^-18+0.*I,2.08599730879984*^-18+0.*I,-1.0429986579344995*^-18-3.51826306085471*^-28*I,-1.042998654020093*^-18+3.518255730237267*^-28*I,-1.0429986547797469*^-18-3.518256109333333*^-28*I
0.000010649617178799668,2.2470453397132857*^-18+0.*I,2.2470453405315883*^-18+0.*I,2.2470453363149727*^-18+0.*I,-1.1235226719649507*^-18-3.837155779657184*^-28*I,-1.123522667748335*^-18+3.8371475838456423*^-28*I,-1.1235226685666375*^-18-3.8371480078609905*^-28*I
0.000010782439071756324,2.4205269718587853*^-18+0.*I,2.420526972740264*^-18+0.*I,2.420526968198108*^-18+0.*I,-1.2102634882004708*^-18-4.184952696571082*^-28*I,-1.2102634836583143*^-18+4.1849435335908425*^-28*I,-1.2102634845397934*^-18-4.184944007711797*^-28*I
0.000010916917517709407,2.607402136337886*^-18+0.*I,2.6074021372874188*^-18+0.*I,2.607402132394588*^-18+0.*I,-1.3037010706153582*^-18-4.564273666902862*^-28*I,-1.3037010657225276*^-18+4.564263422496147*^-28*I,-1.3037010666720606*^-18-4.564263952429908*^-28*I
0.000011053073177167326,2.8087048716699443*^-18+0.*I,2.8087048726927853*^-18+0.*I,2.808704867422207*^-18+0.*I,-1.4043524384702614*^-18-4.977976007981165*^-28*I,-1.4043524331996831*^-18+4.977964554661398*^-28*I,-1.4043524342225239*^-18-4.977965147675113*^-28*I
0.00001119092696831602,3.0255490486010857*^-18+0.*I,3.0255490497028945*^-18+0.*I,3.0255490440254048*^-18+0.*I,-1.512774527139288*^-18-5.4291760220169165*^-28*I,-1.512774521461798*^-18+5.429163217141759*^-28*I,-1.5127745225636067*^-18-5.429163879254318*^-28*I
0.000011330500070232812,3.2591345334949057*^-18+0.*I,3.259134534681779*^-18+0.*I,3.2591345285659622*^-18+0.*I,-1.629567269805361*^-18-5.921272469741839*^-28*I,-1.6295672636895445*^-18+5.9212581538115695*^-28*I,-1.6295672648764177*^-18-5.921258894282778*^-28*I
0.000011471813926140186,3.510753827563038*^-18+0.*I,3.510753828841543*^-18+0.*I,3.510753822253559*^-18+0.*I,-1.755376917075511*^-18-6.457972174879889*^-28*I,-1.755376910487527*^-18+6.4579561692429395*^-28*I,-1.7553769117660318*^-18-6.457956996442067*^-28*I
0.000011614890246700303,3.7817992186729485*^-18+0.*I,3.7817992200501594*^-18+0.*I,3.781799212953554*^-18+0.*I,-1.8908996128847768*^-18-7.043317943500614*^-28*I,-1.8908996057881717*^-18+7.043300048750157*^-28*I,-1.8908996071653827*^-18-7.043300974375057*^-28*I
0.00001175975101335036,4.0737704853053876*^-18+0.*I,4.073770486788925*^-18+0.*I,4.073770479144432*^-18+0.*I,-2.03688524647494*^-18-7.681719019295266*^-28*I,-2.036885238830447*^-18+7.681699012859616*^-28*I,-2.0368852403139847*^-18-7.681700047630908*^-28*I
0.00001190641848167979,4.388283195290642*^-18+0.*I,4.3882831968887155*^-18+0.*I,4.388283188654034*^-18+0.*I,-2.1941416017626615*^-18-8.377984296615522*^-28*I,-2.19414159352798*^-18+8.37796192858139*^-28*I,-2.1941415951260536*^-18-8.377963085865758*^-28*I
0.000012054915184849458,4.727077645242437*^-18+0.*I,4.727077646963889*^-18+0.*I,4.727077638093454*^-18+0.*I,-2.3635388270564356*^-18-9.137358544340826*^-28*I,-2.3635388181860014*^-18+9.1373335370028*^-28*I,-2.363538819907453*^-18-9.137334830766623*^-28*I
0.000012205263937053512,5.0920284901541934*^-18+0.*I,5.092028492008548*^-18+0.*I,5.0920284824532786*^-18+0.*I,-2.5460142498547315*^-18-9.965561912787507*^-28*I,-2.5460142402994616*^-18+9.96553395491858*^-28*I,-2.5460142421538166*^-18-9.965535401687348*^-28*I
0.000012357487837024512,5.485155116441463*^-18+0.*I,5.485155118438982*^-18+0.*I,5.485155108146003*^-18+0.*I,-2.7425775633672203*^-18-1.0868833027197675*^-27*I,-2.742577553074242*^-18+1.0868801768081227*^-27*I,-2.7425775550717612*^-18-1.0868803386269539*^-27*I
0.000012511610271582056,5.9086328158268165*^-18+0.*I,5.908632817978553*^-18+0.*I,5.908632806890913*^-18+0.*I,-2.9543164134572284*^-18-1.1853975968648368*^-27*I,-2.9543164023695885*^-18+1.1853941020967783*^-27*I,-2.9543164045213245*^-18-1.1853942829233376*^-27*I
0.00001266765491922586,6.3648048218967134*^-18+0.*I,6.364804824214573*^-18+0.*I,6.3648048122709186*^-18+0.*I,-3.1824024169201836*^-18-1.2928411541983287*^-27*I,-3.1824024049765298*^-18+1.2928372470753053*^-27*I,-3.182402407294389*^-18-1.2928374492849727*^-27*I
0.000012825645753773672,6.856195275931861*^-18+0.*I,6.85619527842867*^-18+0.*I,6.856195265562915*^-18+0.*I,-3.4280976443988085*^-18-1.410023316737741*^-27*I,-3.428097631533053*^-18+1.4100189486000587*^-27*I,-3.4280976340298613*^-18-1.410019174646723*^-27*I
0.00001298560704804432,7.385523193754094*^-18+0.*I,7.385523196443666*^-18+0.*I,7.385523182584618*^-18+0.*I,-3.6927616038065705*^-18-1.5378267847145429*^-27*I,-3.692761589947523*^-18+1.537821901137514*^-27*I,-3.692761592637096*^-18-1.5378221536520538*^-27*I
0.00001314756337758695,7.955717510873951*^-18+0.*I,7.955717513771171*^-18+0.*I,7.955717498842145*^-18+0.*I,-3.977858762901488*^-18-1.677214265436778*^-27*I,-3.9778587479724626*^-18+1.6772088053767532*^-27*I,-3.977858750869682*^-18-1.6772090878933343*^-27*I
0.000013311539624456654,8.569933289187142*^-18+0.*I,8.569933292308039*^-18+0.*I,8.569933276226429*^-18+0.*I,-4.284966652634376*^-18-1.829235725438367*^-27*I,-4.284966636552766*^-18+1.8292296211481146*^-27*I,-4.284966639673663*^-18-1.8292299369403607*^-27*I
0.000013477560981037178,9.231569174896767*^-18+0.*I,9.231569178258611*^-18+0.*I,9.231569160935431*^-18+0.*I,-4.6157845961099736*^-18-1.9950362996814107*^-27*I,-4.615784578786793*^-18+1.9950294749757447*^-27*I,-4.615784582148637*^-18-1.995029828060568*^-27*I
0.000013645652953911445,9.944286204261689*^-18+0.*I,9.944286207883081*^-18+0.*I,9.944286189222478*^-18+0.*I,-4.972143111461146*^-18-2.175864917304494*^-27*I,-4.972143092800542*^-18+2.175857286730036*^-27*I,-4.972143096421935*^-18-2.1758576817812988*^-27*I
0.000013815841367780082,1.0712028061227324*^-17+0.*I,1.0712028065128305*^-17+0.*I,1.0712028045027022*^-17+0.*I,-5.3560140406643036*^-18-2.3730837089937527*^-27*I,-5.356014020563021*^-18+2.3730751783523068*^-27*I,-5.356014024464001*^-18-2.373075619651615*^-27*I
0.000013988152369429088,1.1539042899032442*^-17+0.*I,1.1539042903234595*^-17+0.*I,1.1539042881581406*^-17+0.*I,-5.7695214603428155*^-18-2.588178268867166*^-27*I,-5.769521438689627*^-18+2.5881687313747594*^-27*I,-5.769521442891779*^-18-2.5881692247682455*^-27*I
0.000014162612431746822,1.2429906846535696*^-17+0.*I,1.2429906851062274*^-17+0.*I,1.2429906827737366*^-17+0.*I,-6.214953434930302*^-18-2.822768843432954*^-27*I,-6.214953411605394*^-18+2.8227581805159537*^-27*I,-6.214953416131971*^-18-2.82275873210788*^-27*I
0.000014339248357791263,1.3389549329330853*^-17+0.*I,1.3389549334206901*^-17+0.*I,1.338954930908121*^-17+0.*I,-6.694774677228272*^-18-3.0786225380446193*^-27*I,-6.69477465210258*^-18+3.0786106166387257*^-27*I,-6.694774656978629*^-18-3.0786112333758063*^-27*I
0.000014518087284907714,1.4423280345757707*^-17+0.*I,1.4423280351010208*^-17+0.*I,1.44232803239447*^-17+0.*I,-7.211640186411605*^-18-3.357666626296746*^-27*I,-7.2116401593461*^-18+3.357653298186607*^-27*I,-7.211640164598601*^-18-3.3576539875683384*^-27*I
0.000014699156688898135,1.5536819848737692*^-17+0.*I,1.553681985439571*^-17+0.*I,1.553681982524063*^-17+0.*I,-7.768409938946384*^-18-3.662003069535485*^-27*I,-7.768409909791308*^-18+3.661988168477531*^-27*I,-7.768409915449325*^-18-3.6619889394176705*^-27*I
0.000014882484388242317,1.673632939601039*^-17+0.*I,1.673632940210523*^-17+0.*I,1.6736329370699254*^-17+0.*I,-8.368164713708183*^-18-3.993924348573398*^-27*I,-8.368164682302206*^-18+3.993907688705327*^-27*I,-8.368164688397047*^-18-3.9939085508995*^-27*I
0.000015068098548371876,1.8028446243902888*^-17+0.*I,1.8028446250468275*^-17+0.*I,1.8028446216637624*^-17+0.*I,-9.01422313886677*^-18-4.355930733907595*^-27*I,-9.014223105036118*^-18+4.355912108102046*^-27*I,-9.014223111601506*^-18-4.355913071882251*^-27*I
0.00001525602768599725,1.9420320073279848*^-17+0.*I,1.942032008035211*^-17+0.*I,1.942032004390959*^-17+0.*I,-9.710160054861184*^-18-4.75074911798407*^-27*I,-9.710160018418662*^-18+4.750728294036329*^-27*I,-9.710160025490927*^-18-4.750729371496294*^-27*I
0.000015446300673488966,2.0919652550893658*^-17+0.*I,2.0919652558511928*^-17+0.*I,2.091965251925589*^-17+0.*I,-1.0459826295074848*^-17-5.1813535575522964*^-27*I,-1.0459826255818808*^-17+5.181330276409051*^-27*I,-1.0459826263437081*^-17-5.1813314810937335*^-27*I
0.000015638946743313363,2.253473994503597*^-17+0.*I,2.2534739953242408*^-17+0.*I,2.253473991095563*^-17+0.*I,-1.1267369993661373*^-17-5.6509876760142*^-27*I,-1.1267369951374597*^-17+5.650961647368461*^-27*I,-1.1267369959581034*^-17-5.650962993675656*^-27*I
0.000015833995492523832,2.427451903129835*^-17+0.*I,2.427451904013836*^-17+0.*I,2.427451899458686*^-17+0.*I,-1.2137259538424925*^-17-6.16318909574212*^-27*I,-1.2137259492873426*^-17+6.163159995067688*^-27*I,-1.2137259501713437*^-17-6.163161500415544*^-27*I
0.000016031476887307753,2.6148616542447735*^-17+0.*I,2.6148616551970232*^-17+0.*I,2.6148616502901965*^-17+0.*I,-1.3074308295758002*^-17-6.721816087556874*^-27*I,-1.3074308246689734*^-17+6.721783552700786*^-27*I,-1.307430825621223*^-17-6.721785236048068*^-27*I
0.000016231421267590453,2.816740243604267*^-17+0.*I,2.8167402446300337*^-17+0.*I,2.816740239344379*^-17+0.*I,-1.4083701244449607*^-17-7.331076632924301*^-27*I,-1.4083701191593057*^-17+7.331040258449364*^-27*I,-1.4083701201850733*^-17-7.331042140007529*^-27*I
0.000016433859351696394,3.034204727453098*^-17+0.*I,3.034204728558059*^-17+0.*I,3.034204722864329*^-17+0.*I,-1.517102366573414*^-17-7.995560121998914*^-27*I,-1.517102360879684*^-17+7.99551945553235*^-27*I,-1.517102361984645*^-17-7.995521559194228*^-27*I
0.000016638822241068705,3.268458403533392*^-17+0.*I,3.2684584047236604*^-17+0.*I,3.26845839859035*^-17+0.*I,-1.634229204833351*^-17-8.72027192575707*^-27*I,-1.6342291987000408*^-17+8.720226458602352*^-27*I,-1.6342291998903096*^-17-8.720228811105399*^-27*I
0.000016846341425047215,3.5207974692923293*^-17+0.*I,3.520797470574492*^-17+0.*I,3.520797463967663*^-17+0.*I,-1.760398737949579*^-17-9.510671095021263*^-27*I,-1.76039873134275*^-17+9.510620262307826*^-27*I,-1.760398732624913*^-17-9.510622892241448*^-27*I
0.000017056448785706457,3.792618194131778*^-17+0.*I,3.792618195512929*^-17+0.*I,3.792618188396025*^-17+0.*I,-1.8963091006243406*^-17-1.0372711488497362*^-26*I,-1.896309093507437*^-17+1.0372654657690733*^-26*I,-1.896309094888588*^-17-1.0372657597609901*^-26*I
0.00001726917660275375,4.0854246453852505*^-17+0.*I,4.085424646873033*^-17+0.*I,4.085424639206674*^-17+0.*I,-2.042712326525805*^-17-1.1312886618961022*^-26*I,-2.0427123188594457*^-17+1.1312823079753214*^-26*I,-2.0427123203472278*^-17-1.1312826368193223*^-26*I
0.000017484557558488637,4.4008370107728907*^-17+0.*I,4.400837012375536*^-17+0.*I,4.400837004117301*^-17+0.*I,-2.200418509515563*^-17-1.2338278563361633*^-26*I,-2.200418501257328*^-17+1.2338207528824172*^-26*I,-2.200418502859973*^-17-1.2338211203415116*^-26*I
0.000017702624742823786,4.7406005633841215*^-17+0.*I,4.740600565110498*^-17+0.*I,4.7406005562146917*^-17+0.*I,-2.370300286139964*^-17-1.3456611319044194*^-26*I,-2.3703002772441576*^-17+1.34565318991996*^-26*I,-2.370300278970534*^-17-1.345653600936711*^-26*I
0.000017923411658368876,5.106595318794822*^-17+0.*I,5.106595320654482*^-17+0.*I,5.106595311071881*^-17+0.*I,-2.5532976641887112*^-17-1.4676308975831296*^-26*I,-2.5532976546061106*^-17+1.4676220184806046*^-26*I,-2.5532976564657706*^-17-1.4676224778491764*^-26*I
0.000018146952225577684,5.500846437753813*^-17+0.*I,5.500846439757046*^-17+0.*I,5.500846429434628*^-17+0.*I,-2.7504232240381154*^-17-1.600655918124165*^-26*I,-2.750423213715697*^-17+1.600645991078154*^-26*I,-2.750423215718931*^-17-1.600646504666301*^-26*I
0.000018373280787959576,5.925535432000337*^-17+0.*I,5.925535434158229*^-17+0.*I,5.925535423038875*^-17+0.*I,-2.962767721559845*^-17-1.745738234323254*^-26*I,-2.9627677104404917*^-17+1.7457271356873095*^-26*I,-2.9627677125983843*^-17-1.7457277100150684*^-26*I
0.000018602432117355626,6.383012235216489*^-17+0.*I,6.38301223754098*^-17+0.*I,6.383012225563166*^-17+0.*I,-3.191506123597152*^-17-1.9039707113813457*^-26*I,-3.1915061116193375*^-17+1.903958303085684*^-26*I,-3.191506113943828*^-17-1.903958945047721*^-26*I
0.000018834441419280915,6.875808205907904*^-17+0.*I,6.875808208411854*^-17+0.*I,6.875808195509302*^-17+0.*I,-3.437904109405228*^-17-2.0765452712947527*^-26*I,-3.437904096502675*^-17+2.076531398758903*^-26*I,-3.437904099006627*^-17-2.076532116347926*^-26*I
0.00001906934433833323,7.406650134160226*^-17+0.*I,7.406650136857494*^-17+0.*I,7.406650122958808*^-17+0.*I,-3.7033250740294555*^-17-2.2647618709405194*^-26*I,-3.7033250601307704*^-17+2.2647463610948145*^-26*I,-3.703325062828038*^-17-2.264747163403156*^-26*I
0.000019307176963669457,7.978475329775648*^-17+0.*I,7.978475332681157*^-17+0.*I,7.978475317709433*^-17+0.*I,-3.9892376723736855*^-17-2.4700382941444038*^-26*I,-3.989237657401962*^-17+2.4700209540622378*^-26*I,-3.9892376603074706*^-17-2.4700218509425554*^-26*I
0.00001954797583454988,8.594447875274984*^-17+0.*I,8.594447878404809*^-17+0.*I,8.594447862277205*^-17+0.*I,-4.297223945701294*^-17-2.6939208326947676*^-26*I,-4.297223929573689*^-17+2.693901445787194*^-26*I,-4.297223932703515*^-17-2.6939024488781656*^-26*I
0.000019791777945952023,9.257976133699451*^-17+0.*I,9.257976137070913*^-17+0.*I,9.257976119698189*^-17+0.*I,-4.628988075536087*^-17-2.938095932038292*^-26*I,-4.6289880581633635*^-17+2.9380742573097366*^-26*I,-4.628988061534825*^-17-2.9380753787807984*^-26*I
0.000020038620754254264,9.972731608086261*^-17+0.*I,9.972731611718015*^-17+0.*I,9.972731593004043*^-17+0.*I,-4.986365813400117*^-17-3.2044028968166966*^-26*I,-4.986365794686145*^-17+3.204378664406469*^-26*I,-4.986365798317898*^-17-3.2043799180507265*^-26*I
0.000020288542182990595,1.0742669256974087*^-16+0.*I,1.0742669260886227*^-16+0.*I,1.0742669240727456*^-16+0.*I,-5.371334638566429*^-17-3.4948477453016197*^-26*I,-5.371334618407658*^-17+3.4948206529717415*^-26*I,-5.371334622319798*^-17-3.4948220548955735*^-26*I
0.000020541580628676726,1.1572049378347671*^-16+0.*I,1.1572049382561845*^-16+0.*I,1.157204936084673*^-16+0.*I,-5.786024700031392*^-17-3.811618319531417*^-26*I,-5.786024678316278*^-17+3.811588030225112*^-26*I,-5.786024682530452*^-17-3.8115895970900125*^-26*I
0.000020797774966709272,1.2465461183113995*^-16+0.*I,1.2465461187653522*^-16+0.*I,1.246546116426191*^-16+0.*I,-6.232730603252804*^-17-4.1571007659314546*^-26*I,-6.232730579861191*^-17+4.1570669021572717*^-26*I,-6.232730584400717*^-17-4.1570686542377707*^-26*I
0.00002105716455733827,1.342784818854658*^-16+0.*I,1.342784819343658*^-16+0.*I,1.3427848168239033*^-16+0.*I,-6.713924106872062*^-17-4.53389751139573*^-26*I,-6.713924081674518*^-17+4.5338596506412943*^-26*I,-6.713924086564516*^-17-4.53386160995534*^-26*I
0.000021319789251714443,1.4464535572208446*^-16+0.*I,1.4464535577475974*^-16+0.*I,1.4464535550333072*^-16+0.*I,-7.232267799675675*^-17-4.9448468626288676*^-26*I,-7.232267772532772*^-17+4.94480453420219*^-26*I,-7.232267777800299*^-17-4.944806724237383*^-26*I
0.000021585689398011423,1.5581259637707887*^-16+0.*I,1.558125964338209*^-16+0.*I,1.558125961414364*^-16+0.*I,-7.79062983347317*^-17-5.39304439119531*^-26*I,-7.790629804234719*^-17+5.392997067497132*^-26*I,-7.790629809908922*^-17-5.392999515761774*^-26*I
0.00002185490584762482,1.6784199555332495*^-16+0.*I,1.678419956144477*^-16+0.*I,1.6784199529948988*^-16+0.*I,-8.392099793414139*^-17-5.881866248179383*^-26*I,-8.392099761918357*^-17+5.881813339539193*^-26*I,-8.392099768030631*^-17-5.881816076475147*^-26*I
0.00002212747996144834,1.8080011553188284*^-16+0.*I,1.8080011559772452*^-16+0.*I,1.808001152584506*^-16+0.*I,-9.040005793557836*^-17-6.414994597494022*^-26*I,-9.040005759630447*^-17+6.41493544479961*^-26*I,-9.040005766214615*^-17-6.414938505330566*^-26*I
0.00002240345361622818,1.947586574803361*^-16+0.*I,1.9475865755126105*^-16+0.*I,1.9475865718579377*^-16+0.*I,-9.737932892290168*^-17-6.996445352141734*^-26*I,-9.737932855743441*^-17+6.996379218525812*^-26*I,-9.737932862835936*^-17-6.996382639569683*^-26*I
0.000022682869210996955,2.0979485819604157*^-16+0.*I,2.0979485827244224*^-16+0.*I,2.097948578787593*^-16+0.*I,-1.0489742929486224*^-16-7.6305984245067*^-26*I,-1.0489742890117932*^-16+7.630524485898793*^-26*I,-1.0489742897757998*^-16-7.630528311803164*^-26*I
0.000022965769673587333,2.2599191747953715*^-16+0.*I,2.259919175618363*^-16+0.*I,2.259919171377594*^-16+0.*I,-1.1299595895180704*^-16-8.322230720712828*^-26*I,-1.1299595852773013*^-16+8.322148057284062*^-26*I,-1.1299595861002925*^-16-8.322152333394783*^-26*I
0.000023252198467227384,2.4343945850292696*^-16+0.*I,2.4343945859157993*^-16+0.*I,2.434394581347625*^-16+0.*I,-1.217197294798722*^-16-9.076552122390376*^-26*I,-1.2171972902305477*^-16+9.076459703439634*^-26*I,-1.2171972911170775*^-16-9.076464484560398*^-26*I
0.00002354219959721815,2.622340237205628*^-16+0.*I,2.6223402381606014*^-16+0.*I,2.622340233239745*^-16+0.*I,-1.3111701210632424*^-16-9.899244732879517*^-26*I,-1.3111701161423857*^-16+9.899141406157019*^-26*I,-1.3111701170973593*^-16-9.899146752486179*^-26*I
0.00002383581761769411,2.8247960906600045*^-16+0.*I,2.8247960916887057*^-16+0.*I,2.824796086387938*^-16+0.*I,-1.4123980479803858*^-16-1.07965056755266*^-25*I,-1.4123980426796184*^-16+1.0796390155902117*^-25*I,-1.41239804370832*^-16-1.0796396132657097*^-25*I
0.000024133097638468393,3.0428823939113426*^-16+0.*I,3.0428823950194644*^-16+0.*I,3.042882389309455*^-16+0.*I,-1.521441199810676*^-16-1.1775093782522753*^-25*I,-1.5214411941006666*^-16+1.177496462938219*^-25*I,-1.5214411952087884*^-16-1.1774971311559498*^-25*I
0.000024434085331963162,3.277805883315262*^-16+0.*I,3.2778058845089354*^-16+0.*I,3.2778058783580893*^-16+0.*I,-1.638902944733054*^-16-1.2842380497165902*^-25*I,-1.638902938582208*^-16+1.2842236102826483*^-25*I,-1.6389029397758815*^-16-1.2842243573380755*^-25*I
0.000024738826940226404,3.5308664602781407*^-16+0.*I,3.5308664615639707*^-16+0.*I,3.5308664549382535*^-16+0.*I,-1.765433233451929*^-16-1.4006405409197224*^-25*I,-1.7654332268262115*^-16+1.4006243974951198*^-25*I,-1.7654332281120417*^-16-1.400625232685462*^-25*I
0.00002504736928203651,3.8034643839790013*^-16+0.*I,3.803464385364103*^-16+0.*I,3.8034643782268524*^-16+0.*I,-1.901732195558126*^-16-1.5275936814258443*^-25*I,-1.9017321884208753*^-16+1.5275756327659348*^-25*I,-1.901732189805977*^-16-1.5275765666330879*^-25*I
0.00002535975976009494,4.0971080193977224*^-16+0.*I,4.09710802088976*^-16+0.*I,4.0971080132014833*^-16+0.*I,-2.0485540135429994*^-16-1.6660537758231366*^-25*I,-2.048554005854723*^-16+1.6660335972730983*^-25*I,-2.0485540073467605*^-16-1.6660346410517533*^-25*I
0.000025676046368309053,4.4134221835221924*^-16+0.*I,4.4134221851294215*^-16+0.*I,4.4134221768475777*^-16+0.*I,-2.206711095902018*^-16-1.8170638079582679*^-25*I,-2.2067110876201743*^-16+1.8170412479106073*^-25*I,-2.2067110892274037*^-16-1.8170424150699334*^-25*I
0.00002599627769916578,4.754157135915776*^-16+0.*I,4.75415713764709*^-16+0.*I,4.754157128725853*^-16+0.*I,-2.3770785724185066*^-16-1.9817612967751732*^-25*I,-2.3770785634972697*^-16+1.9817360744844848*^-25*I,-2.3770785652285837*^-16-1.981737379329591*^-25*I
0.00002632050295119679,5.121198263391647*^-16+0.*I,5.121198265256626*^-16+0.*I,5.121198255646632*^-16+0.*I,-2.56059913650082*^-16-2.161386865953976*^-25*I,-2.5605991268908264*^-16+2.1613586670466756*^-25*I,-2.560599128755806*^-16-2.161360125942009*^-25*I
0.000026648771936537278,5.516576512382697*^-16+0.*I,5.516576514391661*^-16+0.*I,5.516576504039735*^-16+0.*I,-2.7582882613673116*^-16-2.357293588127992*^-25*I,-2.758288251015386*^-16+2.35726206112877*^-25*I,-2.7582882530243493*^-16-2.357263692603216*^-25*I
0.000026981135088578773,5.942479626731173*^-16+0.*I,5.942479628895237*^-16+0.*I,5.942479617744099*^-16+0.*I,-2.9712398189411554*^-16-2.570957178390544*^-25*I,-2.9712398077900173*^-16+2.570921930748171*^-25*I,-2.9712398099540817*^-16-2.570923754458733*^-25*I
0.00002731764346971737,6.401264253079716*^-16+0.*I,6.401264255410855*^-16+0.*I,6.401264243398802*^-16+0.*I,-3.2006321325458843*^-16-2.803987108863477*^-25*I,-3.200632120533832*^-16+2.8039477016844175*^-25*I,-3.2006321228649705*^-16-2.8039497405569506*^-25*I
0.000027658348779198914,6.895468980846389*^-16+0.*I,6.895468983357502*^-16+0.*I,6.895468970418069*^-16+0.*I,-3.447734496892911*^-16-3.0581387346686803*^-25*I,-3.447734483953478*^-16+3.058094676866237*^-25*I,-3.447734486464591*^-16-3.0580969562562675*^-25*I
0.00002800330336106142,7.427828388935782*^-16+0.*I,7.427828391640764*^-16+0.*I,7.427828377702352*^-16+0.*I,-3.713914201437097*^-16-3.3353265148671242*^-25*I,-3.7139141874986855*^-16+3.3352772575632693*^-25*I,-3.7139141902036674*^-16-3.3352798060433637*^-25*I
0.000028352560212177102,8.001288176911638*^-16+0.*I,8.001288179825456*^-16+0.*I,8.001288164810941*^-16+0.*I,-4.0006440959630766*^-16-3.637638434010332*^-25*I,-4.000644080948562*^-16+3.637583363745312*^-25*I,-4.00064408386238*^-16-3.637586213222031*^-25*I
0.000028706172990394673,8.619021464354699*^-16+0.*I,8.619021467493476*^-16+0.*I,8.619021451319779*^-16+0.*I,-4.309510740264199*^-16-3.967351730890195*^-25*I,-4.3095107240905004*^-16+3.9672901618467336*^-25*I,-4.309510727229278*^-16-3.9672933476310715*^-25*I
0.000029064196022782697,9.284446348593186*^-16+0.*I,9.28444635197429*^-16+0.*I,9.284446334551913*^-16+0.*I,-4.642223183007781*^-16-4.326950053206718*^-25*I,-4.642223165585405*^-16+4.3268812177837935*^-25*I,-4.642223168966509*^-16-4.326884779226841*^-25*I
0.000029426684313976316,1.0001244817958653*^-15+0.*I,1.0001244821600792*^-15+0.*I,1.0001244802833337*^-15+0.*I,-5.000622418363055*^-16-4.7191421628806625*^-25*I,-5.000622399595599*^-16+4.71906520392794*^-25*I,-5.000622403237738*^-16-4.71906918574863*^-25*I
0.00002979369355462774,1.0773383125217315*^-15+0.*I,1.0773383129140642*^-15+0.*I,1.0773383108924263*^-15+0.*I,-5.386691572716847*^-16-5.146882345573365*^-25*I,-5.386691552500467*^-16+5.146796304276917*^-25*I,-5.386691556423795*^-16-5.1468007555453945*^-25*I
0.00003016528012996248,1.160513373390899*^-15+0.*I,1.1605133738135216*^-15+0.*I,1.1605133716358046*^-15+0.*I,-5.802566877843079*^-16-5.61339265979929*^-25*I,-5.80256685606591*^-16+5.61329646485679*^-25*I,-5.802566860292136*^-16-5.613301442249514*^-25*I
0.00003054150112844169,1.25010989590259*^-15+0.*I,1.250109896357841*^-15+0.*I,1.2501098940119952*^-15+0.*I,-6.250549491242178*^-16-6.12218721217087*^-25*I,-6.250549467783722*^-16+6.122079665161239*^-25*I,-6.25054947233623*^-16-6.122085229057306*^-25*I
0.000030922414350533186,1.3466236432843109*^-15+0.*I,1.346623643774709*^-15+0.*I,1.3466236412477542*^-15+0.*I,-6.733118229056328*^-16-6.6770986252536195*^-25*I,-6.733118203786781*^-16+6.676978385624521*^-25*I,-6.733118208690762*^-16-6.676984606758198*^-25*I
0.000031308078317591465,1.450588653680682*^-15+0.*I,1.4505886542089408*^-15+0.*I,1.4505886514868947*^-15+0.*I,-7.25294328201364*^-16-7.282306908923539*^-25*I,-7.25294325479318*^-16+7.282172479896897*^-25*I,-7.252943260075768*^-16-7.282179434997828*^-25*I
0.00003169855228084859,1.5625801951268127*^-15+0.*I,1.5625801956958556*^-15+0.*I,1.5625801927636563*^-15+0.*I,-7.81290099029506*^-16-7.94237094840273*^-25*I,-7.812900960973068*^-16+7.942220654636259*^-25*I,-7.812900966663495*^-16-7.94222843072221*^-25*I
0.00003209389623051743,1.6832179486568157*^-15+0.*I,1.683217949269791*^-15+0.*I,1.6832179461112137*^-15+0.*I,-8.416089759076965*^-16-8.662262843858456*^-25*I,-8.416089727491192*^-16+8.662094813309202*^-25*I,-8.416089733620945*^-16-8.662103507888411*^-25*I
0.00003249417090500787,1.8131694371600462*^-15+0.*I,1.8131694378203457*^-15+0.*I,1.8131694344179137*^-15+0.*I,-9.065847202812393*^-16-9.44740536595396*^-25*I,-9.06584716878807*^-16+9.447217505927506*^-25*I,-9.065847175391066*^-16-9.447227225093658*^-25*I
0.00003289943780025853,1.953153718958016*^-15+0.*I,1.9531537196692933*^-15+0.*I,1.9531537160041792*^-15+0.*I,-9.76576861311565*^-16-1.0303712800759944*^-24*I,-9.765768576464508*^-16+1.0303502769676546*^-24*I,-9.765768583577282*^-16-1.030351363611653*^-24*I
0.000033309759179184553,2.10394536653906*^-15+0.*I,2.103945367305251*^-15+0.*I,2.103945363357175*^-15+0.*I,-1.0519726852435678*^-15-1.1237635506928294*^-24*I,-1.051972681295492*^-15+1.123740068924601*^-24*I,-1.051972682061683*^-15-1.1237412838348191*^-24*I
0.000033725198081243594,2.266378752466182*^-15+0.*I,2.2663787532915263*^-15+0.*I,2.2663787490386426*^-15+0.*I,-1.1331893783595327*^-15-1.2256208495496757*^-24*I,-1.1331893741066492*^-15+1.225594596788885*^-24*I,-1.1331893749319934*^-15-1.2255959549661298*^-24*I
0.00003414581833212043,2.441352666172523*^-15+0.*I,2.4413526670615874*^-15+0.*I,2.4413526624803633*^-15+0.*I,-1.2206763353768734*^-15-1.3367104435849302*^-24*I,-1.2206763307956495*^-15+1.3366810926455859*^-24*I,-1.220676331684714*^-15-1.3366826111894111*^-24*I
0.00003457168455353298,2.6298352871905873*^-15+0.*I,2.6298352881482912*^-15+0.*I,2.629835283213378*^-15+0.*I,-1.3149176460627502*^-15-1.4578691442534122*^-24*I,-1.3149176411278371*^-15+1.4578363294063619*^-24*I,-1.314917642085541*^-15-1.4578380272402802*^-24*I
0.00003500286217316063,2.832869542332961*^-15+0.*I,2.8328695433646037*^-15+0.*I,2.8328695380486953*^-15+0.*I,-1.4164347738244347*^-15-1.5900096111154374*^-24*I,-1.4164347685085263*^-15+1.5899729237421662*^-24*I,-1.416434769540169*^-15-1.5899748217955323*^-24*I
0.00003543941743469578,3.051578876466541*^-15+0.*I,3.0515788775778306*^-15+0.*I,3.0515788718515125*^-15+0.*I,-1.5257894410964295*^-15-1.734127227439582*^-24*I,-1.5257894353701114*^-15+1.7340862102770855*^-24*I,-1.5257894364814013*^-15-1.73408833237288*^-24*I
0.00003588141740802139,3.287173468811715*^-15+0.*I,3.287173470008801*^-15+0.*I,3.2871734638403878*^-15+0.*I,-1.643586737490064*^-15-1.8913075971404336*^-24*I,-1.6435867313216508*^-15+1.8912617394001206*^-24*I,-1.6435867325187368*^-15-1.891264111954754*^-24*I
0.00003632892999951517,3.54095692916203*^-15+0.*I,3.5409569304515365*^-15+0.*I,3.5409569238068964*^-15+0.*I,-1.7704784679033351*^-15-2.0627347230921812*^-24*I,-1.7704784612586952*^-15+2.062683453743652*^-24*I,-1.7704784625482014*^-15-2.06268610640379*^-24*I
0.000036782023962482255,3.814333511075977*^-15+0.*I,3.814333512465038*^-15+0.*I,3.814333505307406*^-15+0.*I,-1.907166759116805*^-15-2.2496999266917065*^-24*I,-1.907166751959172*^-15+2.2496426069763235*^-24*I,-1.9071667533482333*^-15-2.2496455725815487*^-24*I
0.00003724076890771836,4.10881588195305*^-15+0.*I,4.108815883449353*^-15+0.*I,4.108815875739121*^-15+0.*I,-2.054407944831641*^-15-2.4536115737121887*^-24*I,-2.0544079371214092*^-15+2.453547489213092*^-24*I,-2.0544079386177123*^-15-2.453550804875928*^-24*I
0.000037705235314203973,4.426033492986738*^-15+0.*I,4.426033494598562*^-15+0.*I,4.426033486293069*^-15+0.*I,-2.2130167506461154*^-15-2.6760056836614013*^-24*I,-2.2130167423406225*^-15+2.6759340361242358*^-24*I,-2.2130167439524464*^-15-2.675937743266903*^-24*I
0.00003817549453993254,4.767741595307719*^-15+0.*I,4.767741597043982*^-15+0.*I,4.767741588097272*^-15+0.*I,-2.3838708021272144*^-15-2.9185575007923167*^-24*I,-2.3838707931805042*^-15+2.918477397964127*^-24*I,-2.3838707949167678*^-15-2.918481542612086*^-24*I
0.000038651618832873725,5.135830952204888*^-15+0.*I,5.135830954075197*^-15+0.*I,5.135830944437766*^-15+0.*I,-2.5679154809211597*^-15-3.1830941133853593*^-24*I,-2.5679154712837277*^-15+3.1830045576570365*^-24*I,-2.567915473154038*^-15-3.1830091910662248*^-24*I
0.00003913368134207277,5.532338301163108*^-15+0.*I,5.532338303177814*^-15+0.*I,5.5323382927963334*^-15+0.*I,-2.7661691557722943*^-15-3.471608216636148*^-24*I,-2.766169145390814*^-15+3.471508092223649*^-24*I,-2.7661691474055196*^-15-3.471513272424425*^-24*I
0.00003962175612888896,5.959457623606967*^-15+0.*I,5.959457625777216*^-15+0.*I,5.9594576145942435*^-15+0.*I,-2.9797288173949697*^-15-3.786273122845417*^-24*I,-2.9797288062119966*^-15+3.786161182172377*^-24*I,-2.9797288083822465*^-15-3.78616697396109*^-24*I
0.000040115918178373926,6.4195522847071105*^-15+0.*I,6.419552287044912*^-15+0.*I,6.419552274998569*^-15+0.*I,-3.2097761483767264*^-15-4.129459133557786*^-24*I,-3.2097761363303837*^-15+4.1293339822689644*^-24*I,-3.2097761386681856*^-15-4.1293404574410985*^-24*I
0.000040616243410791874,6.91516811042105*^-15+0.*I,6.91516811293934*^-15+0.*I,6.915168099962971*^-15+0.*I,-3.4575840616987095*^-15-4.503751393463288*^-24*I,-3.4575840487223405*^-15+4.50361147258005*^-24*I,-3.4575840512406306*^-15-4.503618712416206*^-24*I
0.00004112280869328381,7.449047474126101*^-15+0.*I,7.449047476838814*^-15+0.*I,7.449047462860617*^-15+0.*I,-3.724523744052148*^-15-4.911969365451464*^-24*I,-3.724523730073953*^-15+4.911812932072958*^-24*I,-3.724523732786665*^-15-4.911821025340579*^-24*I
0.00004163569185167656,8.024144470787012*^-15+0.*I,8.024144473709156*^-15+0.*I,8.024144458651788*^-15+0.*I,-4.01207224292219*^-15-5.357188067022333*^-24*I,-4.012072227864822*^-15+5.357013172557241*^-24*I,-4.012072230786967*^-15-5.3570222212439365*^-24*I
0.000042154971682439734,8.643641262620649*^-15+0.*I,8.643641265768395*^-15+0.*I,8.643641249548537*^-15+0.*I,-4.321820639420253*^-15-5.842761235831759*^-24*I,-4.321820623200396*^-15+5.8425657017220186*^-24*I,-4.321820626348142*^-15-5.842575818568429*^-24*I
0.00004268072796479147,9.310965686699715*^-15+0.*I,9.31096569009048*^-15+0.*I,9.310965672618387*^-15+0.*I,-4.655482852085904*^-15-6.3723465917944185*^-24*I,-4.655482834613811*^-15+6.372127981774753*^-24*I,-4.655482838004576*^-15-6.3721392923861894*^-24*I
0.000043213041472955584,1.0029810221921878*^-14+0.*I,1.0029810225574426*^-14+0.*I,1.0029810206753416*^-14+0.*I,-5.014905120371443*^-15-6.949933391029581*^-24*I,-5.0149051015504345*^-15+6.949688981913571*^-24*I,-5.014905105202982*^-15-6.949701626526934*^-24*I
0.00004375199398857074,1.0804152420289601*^-14+0.*I,1.0804152424224141*^-14+0.*I,1.0804152403950076*^-14+0.*I,-5.4020762202818335*^-15-7.579872474078335*^-24*I,-5.402076200007768*^-15+7.579599220757154*^-24*I,-5.4020762039423074*^-15-7.579613358266333*^-24*I
0.00004429766831325526,1.1638276915551868*^-14+0.*I,1.163827691979017*^-14+0.*I,1.1638276897950868*^-14+0.*I,-5.819138468695586*^-15-8.26690904199073*^-24*I,-5.819138446856283*^-15+8.266603541910458*^-24*I,-5.819138451094585*^-15-8.266619347951772*^-24*I
0.00004485014828132815,1.2536799130982917*^-14+0.*I,1.2536799135548434*^-14+0.*I,1.2536799112023051*^-14+0.*I,-6.26839957725415*^-15-9.016218402696218*^-24*I,-6.268399553728768*^-15+9.015876849726689*^-24*I,-6.268399558294284*^-15-9.015894520316269*^-24*I
0.00004540951877268924,1.350469081747748*^-14+0.*I,1.3504690822395474*^-14+0.*I,1.350469079705384*^-14+0.*I,-6.752345421409557*^-15-9.833444952336486*^-24*I,-6.752345396067924*^-15+9.833063090911129*^-24*I,-6.752345400985916*^-15-9.833082848293566*^-24*I
0.00004597586572585918,1.4547307563265866*^-14+0.*I,1.454730756856355*^-14+0.*I,1.4547307541265444*^-14+0.*I,-7.273653795281987*^-15-1.0724744696325758*^-23*I,-7.27365376798388*^-15+1.072431777083015*^-23*I,-7.273653773281562*^-15-1.0724339858617378*^-23*I
0.00004654927615118283,1.567041842746614*^-14+0.*I,1.5670418433172827*^-14+0.*I,1.56704184037672*^-14+0.*I,-7.835209228435885*^-15-1.169683161900522*^-23*I,-7.835209199030257*^-15+1.169635431007792*^-23*I,-7.835209204736943*^-15-1.1696379005586934*^-23*I
0.00004712983814419694,1.6880237861437047*^-14+0.*I,1.6880237867584315*^-14+0.*I,1.6880237835908457*^-14+0.*I,-8.44011894655645*^-15-1.2757028263172497*^-23*I,-8.440118914880596*^-15+1.2756494625204994*^-23*I,-8.440118921027863*^-15-1.2756522235127643*^-23*I
0.00004771764089916495,1.818346009455781*^-14+0.*I,1.818346010117967*^-14+0.*I,1.8183460067058314*^-14+0.*I,-9.091730064339582*^-15-1.3913320886048987*^-23*I,-9.091730030218227*^-15+1.3912724272445047*^-23*I,-9.091730036840088*^-15-1.3912755139897557*^-23*I
0.00004831277472277976,1.9587296174692*^-14+0.*I,1.9587296181825092*^-14+0.*I,1.958729614506944*^-14+0.*I,-9.793648105723826*^-15-1.5174419621710968*^-23*I,-9.793648068968173*^-15+1.5173752598408325*^-23*I,-9.793648076101266*^-15-1.5173787108762905*^-23*I
0.00004891533104803833,2.109951386828783*^-14+0.*I,2.109951387597163*^-14+0.*I,2.1099513836378297*^-14+0.*I,-1.0549756953940582*^-14-1.6549824089827133*^-23*I,-1.0549756914347251*^-14+1.6549078349001724*^-23*I,-1.0549756922031048*^-14-1.65491169308202*^-23*I
0.00004952540244828871,2.272848064088261*^-14+0.*I,2.2728480649159628*^-14+0.*I,2.272848060650954*^-14+0.*I,-1.1364240341766348*^-14-1.804989495739794*^-23*I,-1.136424029911626*^-14+1.804906120879445*^-23*I,-1.1364240307393279*^-14-1.8049104346203322*^-23*I
0.000050143082651452906,2.4483209955829128*^-14+0.*I,2.4483209964745165*^-14+0.*I,2.448320991880233*^-14+0.*I,-1.2241605000885982*^-14-1.9685931987448124*^-23*I,-1.2241604954943144*^-14+1.9684999846108507*^-23*I,-1.2241604963859183*^-14-1.968504807256927*^-23*I
0.000050768466554426094,2.6373411147414213*^-14+0.*I,2.6373411157018604*^-14+0.*I,2.6373411107528807*^-14+0.*I,-1.3186705598452006*^-14-2.1470259152556893*^-23*I,-1.3186705548962206*^-14+2.1469217003591283*^-23*I,-1.31867055585666*^-14-2.146927092217326*^-23*I
0.00005140165023765644,2.840954314432672*^-14+0.*I,2.840954315467261*^-14+0.*I,2.8409543101362012*^-14+0.*I,-1.420477159881866*^-14-2.3416317473083735*^-23*I,-1.4204771545508062*^-14+2.3415152338823686*^-23*I,-1.420477155585395*^-14-2.341521262117849*^-23*I
0.00005204273097990617,3.0602872340726175*^-14+0.*I,3.060287235187081*^-14+0.*I,3.060287229444443*^-14+0.*I,-1.5301436199076277*^-14-2.5538766271389193*^-23*I,-1.5301436141649898*^-14+2.5537463637019376*^-23*I,-1.5301436152794537*^-14-2.5537531033053668*^-23*I
0.000052691807273197326,3.296553493512019*^-14+0.*I,3.2965534947125234*^-14+0.*I,3.2965534885265324*^-14+0.*I,-1.648276749849005*^-14-2.785359359044569*^-23*I,-1.648276743663014*^-14+2.785213722664561*^-23*I,-1.6482767448635187*^-14-2.7852212575717685*^-23*I
0.00005334897883794293,3.551060408196958*^-14+0.*I,3.5510604094901466*^-14+0.*I,3.551060402826574*^-14+0.*I,-1.7755302074302653*^-14-3.037823663598345*^-23*I,-1.7755302007666928*^-14+3.037660840369176*^-23*I,-1.7755302020598813*^-14-3.037669264303001*^-23*I
0.00005401434663826782,3.82521622275813*^-14+0.*I,3.825216224151158*^-14+0.*I,3.825216216973133*^-14+0.*I,-1.9126081149680776*^-14-3.313171312900397*^-23*I,-1.9126081077900524*^-14+3.312989274172942*^-23*I,-1.9126081091830804*^-14-3.3129986924379445*^-23*I
0.000054688012897520185,4.120537903052217*^-14+0.*I,4.120537904552793*^-14+0.*I,4.120537896820597*^-14+0.*I,-2.0602689553922067*^-14-3.6134764562267665*^-23*I,-2.0602689476600108*^-14+3.6132729345731885*^-23*I,-2.060268949160586*^-14-3.613283464202694*^-23*I
0.00005537008111397641,4.438659529769082*^-14+0.*I,4.438659531385508*^-14+0.*I,4.4386595230563584*^-14+0.*I,-2.219329769049116*^-14-3.941001244707478*^-23*I,-2.2193297607199663*^-14+3.940773704805382*^-23*I,-2.219329762336392*^-14-3.9407854773050005*^-23*I
0.00005606065607674243,4.781341340047188*^-14+0.*I,4.7813413417884087*^-14+0.*I,4.781341332816218*^-14+0.*I,-2.3906706745096892*^-14-4.2982128719029315*^-23*I,-2.3906706655374986*^-14+4.297958479113455*^-23*I,-2.390670667278719*^-14-4.297971641177036*^-23*I
0.00005675984388185215,5.150479467123864*^-14+0.*I,5.1504794689995136*^-14+0.*I,5.150479459334637*^-14+0.*I,-2.5752397383943706*^-14-4.68780215859394*^-23*I,-2.575239728729494*^-14+4.6875177443658153*^-23*I,-2.5752397306051432*^-14-4.687532459187529*^-23*I
0.00005746775194856837,5.548116431911457*^-14+0.*I,5.548116433931914*^-14+0.*I,5.5481164235208736*^-14+0.*I,-2.7740582211612487*^-14-5.1127038237533596*^-23*I,-2.7740582107502083*^-14+5.11238584465206*^-23*I,-2.7740582127706656*^-14-5.112402295670094*^-23*I
0.00005818448903588522,5.976452444547627*^-14+0.*I,5.976452446724072*^-14+0.*I,5.97645243550926*^-14+0.*I,-2.988226227881219*^-14-5.576118589281834*^-23*I,-2.988226216666408*^-14+5.57576308443528*^-23*I,-2.988226218842853*^-14-5.575781477195807*^-23*I
0.000058910165259237796,6.437857578452865*^-14+0.*I,6.43785758079734*^-14+0.*I,6.437857568716706*^-14+0.*I,-3.21892879526675*^-14-6.081537293817142*^-23*I,-3.2189287831861153*^-14+6.081139834609073*^-23*I,-3.2189287855305904*^-14-6.081160398242993*^-23*I
0.00005964489210741952,6.934884884253175*^-14+0.*I,6.934884886778653*^-14+0.*I,6.93488487376535*^-14+0.*I,-3.467442448633239*^-14-6.632767186853869*^-23*I,-3.4674424356199367*^-14+6.632322822147329*^-23*I,-3.467442438145414*^-14-6.632345812624155*^-23*I
0.00006038878245971065,7.470284516127428*^-14+0.*I,7.470284518847882*^-14+0.*I,7.470284504829906*^-14+0.*I,-3.735142265072702*^-14-7.233960609769175*^-23*I,-3.735142251054726*^-14+7.233463804501614*^-23*I,-3.73514225377518*^-14-7.23348950760233*^-23*I
0.00006114195060322032,8.047018948740023*^-14+0.*I,8.047018951670506*^-14+0.*I,8.047018936570293*^-14+0.*I,-4.023509481920118*^-14-7.889646275060844*^-23*I,-4.0235094668199045*^-14+7.889090839503003*^-23*I,-4.0235094697503883*^-14-7.889119576263255*^-23*I
0.0000619045122504454,8.668279368954155*^-14+0.*I,8.668279372110885*^-14+0.*I,8.66827935584488*^-14+0.*I,-4.3341396926100794*^-14-8.604763379530757*^-23*I,-4.3341396763440755*^-14+8.604142395395934*^-23*I,-4.3341396795008046*^-14-8.604174523496904*^-23*I
0.00006267658455704713,9.337503333018917*^-14+0.*I,9.337503336419358*^-14+0.*I,9.337503318897562*^-14+0.*I,-4.6687516752703567*^-14-9.384698814441068*^-23*I,-4.668751657748561*^-14+9.384004546325619*^-23*I,-4.668751661149002*^-14-9.384040466362443*^-23*I
0.00006345828613985118,1.0058393786929016*^-13+0.*I,1.0058393790591985*^-13+0.*I,1.0058393771717445*^-13+0.*I,-5.0291969029017786*^-14-1.0235327741782554*^-22*I,-5.029196884027238*^-14+1.0234551540664108*^-22*I,-5.029196887690207*^-14-1.0234591699637176*^-22*I
0.00006424973709507042,1.083493955519267*^-13+0.*I,1.0834939559138433*^-13+0.*I,1.0834939538806714*^-13+0.*I,-5.417469787762195*^-14-1.1163057853450104*^-22*I,-5.417469767430475*^-14+1.1162190050153937*^-22*I,-5.4174697713762386*^-14-1.1162234948603776*^-22*I
0.0000650510590167563,1.16714374113733*^-13+0.*I,1.1671437415623692*^-13+0.*I,1.1671437393722293*^-13+0.*I,-5.835718716637349*^-14-1.2174877639140056*^-22*I,-5.83571869473595*^-14+1.217390742395342*^-22*I,-5.835718698986343*^-14-1.2173957621000284*^-22*I
0.00006586237501547978,1.2572515852518*^-13+0.*I,1.257251585709654*^-13+0.*I,1.2572515833504277*^-13+0.*I,-6.286257938055132*^-14-1.3278409033205288*^-22*I,-6.286257914462869*^-14+1.3277324319205254*^-22*I,-6.286257919041409*^-14-1.3277380441413715*^-22*I
0.00006668380973724537,1.354316070901509*^-13+0.*I,1.3543160713947112*^-13+0.*I,1.3543160688533446*^-13+0.*I,-6.771580367214378*^-14-1.4481964827311476*^-22*I,-6.771580341800714*^-14+1.448075210443587*^-22*I,-6.771580346732734*^-14-1.4480814846976819*^-22*I
0.00006751548938264077,1.458874273157737*^-13+0.*I,1.4588742736890161*^-13+0.*I,1.4588742709514477*^-13+0.*I,-7.294371379476529*^-14-1.5794611294579318*^-22*I,-7.294371352100842*^-14+1.579325545319242*^-22*I,-7.294371357413633*^-14-1.5793325601479204*^-22*I
0.00006835754172622633,1.5715047307988044*^-13+0.*I,1.5715047313711003*^-13+0.*I,1.5715047284221823*^-13+0.*I,-7.857523668738612*^-14-1.7226236480884107*^-22*I,-7.857523639249431*^-14+1.7224720632383353*^-22*I,-7.857523644972391*^-14-1.7224799059918482*^-22*I
0.0000692100961361647,1.692830647402566*^-13+0.*I,1.6928306480190451*^-13+0.*I,1.6928306448424608*^-13+0.*I,-8.464153252895751*^-14-1.878762470107136*^-22*I,-8.464153221129906*^-14+1.8785929964097932*^-22*I,-8.464153227294702*^-14-1.8786017645302972*^-22*I
0.0000700732835940966,1.8235233395683747*^-13+0.*I,1.8235233402324486*^-13+0.*I,1.8235233368106214*^-13+0.*I,-9.117616714951009*^-14-2.0490537767736185*^-22*I,-9.117616680732737*^-14+2.048864302851914*^-22*I,-9.117616687373478*^-14-2.0488741057384936*^-22*I
0.00007094723671526461,1.964305951346921*^-13+0.*I,1.9643059520622644*^-13+0.*I,1.9643059483762607*^-13+0.*I,-9.821529775164624*^-14-2.234780359620916*^-22*I,-9.821529738304588*^-14+2.234568525483347*^-22*I,-9.82152974545802*^-14-2.2345794853420354*^-22*I
0.00007183208976888654,2.1159574554290796*^-13+0.*I,2.1159574561996498*^-13+0.*I,2.1159574522290748*^-13+0.*I,-1.0579787296998272*^-13-2.43734128463204*^-22*I,-1.0579787257292523*^-13+2.4371044511572114*^-22*I,-1.0579787264998226*^-13-2.437116704375146*^-22*I
0.00007272797869878434,2.279316963232108*^-13+0.*I,2.2793169640621693*^-13+0.*I,2.279316959785053*^-13+0.*I,-1.139658483754612*^-13-2.658262430319421*^-22*I,-1.139658479477496*^-13+2.6579976474057107*^-22*I,-1.1396584803075571*^-13-2.6580113465977584*^-22*I
0.0000736350411442696,2.455288367729814*^-13+0.*I,2.455288368623959*^-13+0.*I,2.455288364016636*^-13+0.*I,-1.2276441861685686*^-13-2.899207982578194*^-22*I,-1.2276441815612453*^-13+2.8989119520023768*^-22*I,-1.2276441824553905*^-13-2.89892726802455*^-22*I
0.00007455341646128957,2.6448453447147155*^-13+0.*I,2.644845345677892*^-13+0.*I,2.644845340714869*^-13+0.*I,-1.3224226748388693*^-13-3.161992972406534*^-22*I,-1.3224226698758462*^-13+3.161662006394203*^-22*I,-1.3224226708390226*^-13-3.1616791300623617*^-22*I
0.00007548324574383759,2.8490367401633037*^-13+0.*I,2.8490367412008413*^-13+0.*I,2.849036735854657*^-13+0.*I,-1.424518372754744*^-13-3.448596947020525*^-22*I,-1.42451836740856*^-13+3.448226922675327*^-22*I,-1.4245183684460973*^-13-3.448246067067838*^-22*I
0.00007642467184562907,3.0689923735110946*^-13+0.*I,3.0689923746287335*^-13+0.*I,3.0689923688698076*^-13+0.*I,-1.5344961896350103*^-13-3.761178882935418*^-22*I,-1.5344961838760843*^-13+3.760765190564577*^-22*I,-1.534496184993723*^-13-3.760786594581169*^-22*I
0.00007737783940204917,3.3059292889462414*^-13+0.*I,3.3059292901501663*^-13+0.*I,3.305929283946634*^-13+0.*I,-1.652964647574887*^-13-4.102093449054371*^-22*I,-1.6529646413713545*^-13+4.1016309359121696*^-22*I,-1.6529646425752791*^-13-4.101654865036014*^-22*I
0.00007834289485237426,3.5611584893084026*^-13+0.*I,3.5611584906052753*^-13+0.*I,3.5611584839228106*^-13+0.*I,-1.7805792479954337*^-13-4.473908745798304*^-22*I,-1.7805792413129692*^-13+4.473391650176601*^-22*I,-1.7805792426098416*^-13-4.473418403703416*^-22*I
0.00007931998646226905,3.8360921898493663*^-13+0.*I,3.8360921912463625*^-13+0.*I,3.8360921840479913*^-13+0.*I,-1.9180460985238687*^-13-4.879425650786088*^-22*I,-1.9180460913254978*^-13+4.878847531050459*^-22*I,-1.9180460927224938*^-13-4.8788774413960115*^-22*I
0.00008030926434656595,4.132251631989326*^-13+0.*I,4.1322516334941754*^-13+0.*I,4.1322516257400685*^-13+0.*I,-2.0661258198717165*^-13-5.321698916494443*^-22*I,-2.0661258121176099*^-13+5.321052571439836*^-22*I,-2.0661258136224589*^-13-5.321086012176342*^-22*I
0.0000813108804923277,4.4512755002994763*^-13+0.*I,4.4512755019205054*^-13+0.*I,4.451275493567759*^-13+0.*I,-2.2256377543261114*^-13-5.804060185061437*^-22*I,-2.225637745973365*^-13+5.803337562582503*^-22*I,-2.2256377475943937*^-13-5.803374949434257*^-22*I
0.00008232498878219777,4.794928989279831*^-13+0.*I,4.794928991026009*^-13+0.*I,4.794928982028406*^-13+0.*I,-2.3974644991387167*^-13-6.330143084539468*^-22*I,-2.3974644901411136*^-13+6.329335183473147*^-22*I,-2.397464491887292*^-13-6.329376982363572*^-22*I
0.00008335174501804188,5.165113570095773*^-13+0.*I,5.165113571976763*^-13+0.*I,5.165113562284519*^-13+0.*I,-2.5825567898940084*^-13-6.903910600317684*^-22*I,-2.582556780201765*^-13+6.903007357184096*^-22*I,-2.582556782082754*^-13-6.903054088633572*^-22*I
0.00008439130694488521,5.563877511309872*^-13+0.*I,5.56387751333608*^-13+0.*I,5.563877502895568*^-13+0.*I,-2.7819387608751917*^-13-7.529684934226285*^-22*I,-2.7819387504346794*^-13+7.528675096014089*^-22*I,-2.781938752460888*^-13-7.5287273423876465*^-22*I
0.00008544383427514624,5.99342721181547*^-13+0.*I,5.993427213998109*^-13+0.*I,5.993427202751561*^-13+0.*I,-2.996713611531009*^-13-8.212180056046232*^-22*I,-2.9967136002844603*^-13+8.2110510440400685*^-22*I,-2.9967136024671*^-13-8.2111094569105025*^-22*I
0.00008650948871317542,6.45613940867473*^-13+0.*I,6.456139411025877*^-13+0.*I,6.456139398911064*^-13+0.*I,-3.228069710394772*^-13-8.956537223076333*^-22*I,-3.2280696982799585*^-13+8.955274974157313*^-22*I,-3.2280697006311053*^-13-8.955340280534184*^-22*I
0.00008758843398009736,6.954574327400523*^-13+0.*I,6.954574329933187*^-13+0.*I,6.954574316883077*^-13+0.*I,-3.4772871702253163*^-13-9.768363708506943*^-22*I,-3.4772871571752063*^-13+9.766952498309629*^-22*I,-3.4772871597078703*^-13-9.767025511078575*^-22*I
0.00008868083583896464,7.491489847439095*^-13+0.*I,7.491489850167289*^-13+0.*I,7.491489836109676*^-13+0.*I,-3.7457449307483544*^-13-1.0653775039407982*^-21*I,-3.7457449166907405*^-13+1.0652197286625825*^-21*I,-3.745744919418935*^-13-1.0652278915567334*^-21*I
0.00008978686212022457,8.069856761224274*^-13+0.*I,8.069856764163095*^-13+0.*I,8.069856749020196*^-13+0.*I,-4.0349283881835864*^-13-1.161944106510369*^-21*I,-4.0349283730406876*^-13+1.1617677119726446*^-21*I,-4.0349283759795083*^-13-1.1617768382481768*^-21*I
0.00009090668274750374,8.692875211225243*^-13+0.*I,8.692875214390951*^-13+0.*I,8.692875198078982*^-13+0.*I,-4.3464376137686064*^-13-1.2672636213610088*^-21*I,-4.346437597456637*^-13+1.267066409946931*^-21*I,-4.346437600622344*^-13-1.2670766132374849*^-21*I
0.00009204046976371388,9.363992395926475*^-13+0.*I,9.363992399336586*^-13+0.*I,9.36399238176529*^-13+0.*I,-4.681996206748884*^-13-1.3821294279040152*^-21*I,-4.68199618917759*^-13+1.3819089430326934*^-21*I,-4.6819961925877*^-13-1.381920350514974*^-21*I
0.00009318839735748438,1.008692164269935*^-12+0.*I,1.0086921646372734*^-12+0.*I,1.008692162744489*^-12+0.*I,-5.043460830813596*^-13-1.507406819629944*^-21*I,-5.043460811885753*^-13+1.5071603150215319*^-21*I,-5.043460815559138*^-13-1.5071730685948872*^-21*I
0.00009435064188992221,1.0865662953084385*^-12+0.*I,1.0865662957041366*^-12+0.*I,1.0865662936652247*^-12+0.*I,-5.432831486736751*^-13-1.6440395229083742*^-21*I,-5.432831466347633*^-13+1.64376392758713*^-21*I,-5.432831470304614*^-13-1.6437781862321243*^-21*I
0.00009552738192170874,1.170452513415374*^-12+0.*I,1.1704525138416215*^-12+0.*I,1.1704525116453006*^-12+0.*I,-5.852262578058474*^-13-1.793056805524276*^-21*I,-5.852262556095266*^-13+1.792748686244875*^-21*I,-5.85226256035774*^-13-1.7927646278111007*^-21*I
0.00009671879824053128,1.2608149638391236*^-12+0.*I,1.2608149642982787*^-12+0.*I,1.2608149619323968*^-12+0.*I,-6.304074831025028*^-13-1.955581231014131*^-21*I,-6.304074807366208*^-13+1.955236749970166*^-21*I,-6.304074811957759*^-13-1.9552545727378896*^-21*I
0.00009792507388885915,1.358153624398615*^-12+0.*I,1.3581536248932185*^-12+0.*I,1.358153622344685*^-12+0.*I,-6.790768134735743*^-13-2.1328371157754402*^-21*I,-6.790768109250408*^-13+2.132451981642658*^-21*I,-6.790768114196442*^-13-2.1324719078024244*^-21*I
0.00009914639419206509,1.4630070717612924*^-12+0.*I,1.463007072294081*^-12+0.*I,1.463007069548795*^-12+0.*I,-7.315035372532893*^-13-2.3261597514530277*^-21*I,-7.315035345080032*^-13+2.3257291669021448*^-21*I,-7.315035350407916*^-13-2.325751444249781*^-21*I
0.00010038294678689742,1.5759554612738985*^-12+0.*I,1.5759554618478199*^-12+0.*I,1.5759554588905918*^-12+0.*I,-7.879777321155633*^-13-2.5370054650172694*^-21*I,-7.879777291583351*^-13+2.5365240662690583*^-21*I,-7.879777297322566*^-13-2.5365489726669287*^-21*I
0.00010163492165030793,1.6976237368316786*^-12+0.*I,1.6976237374499088*^-12+0.*I,1.6976237342643761*^-12+0.*I,-8.488118700086056*^-13-2.7669625894755423*^-21*I,-8.48811866823073*^-13+2.7664243796775026*^-21*I,-8.488118674413032*^-13-2.7664522252960853*^-21*I
0.00010290251112863853,1.8286850885440243*^-12+0.*I,1.828685089209984*^-12+0.*I,1.8286850857785216*^-12+0.*I,-9.143425459877433*^-13-3.017763429331596*^-21*I,-9.14342542556281*^-13+3.0171617038463412*^-21*I,-9.143425432222404*^-13-3.0171928360133214*^-21*I
0.00010418590996717204,1.9698646773255748*^-12+0.*I,1.9698646780429484*^-12+0.*I,1.9698646743465703*^-12+0.*I,-9.849323405109765*^-13-3.2912973111004753*^-21*I,-9.849323368145981*^-13+3.2906245747852603*^-21*I,-9.84932337531972*^-13-3.2906593809588315*^-21*I
0.00010548531534005231,2.1219436470184257*^-12+0.*I,2.121943647791183*^-12+0.*I,2.1219436438094367*^-12+0.*I,-1.060971825500086*^-12-3.589624816656719*^-21*I,-1.0609718215183398*^-12+3.588872689689351*^-21*I,-1.060971822291097*^-12-3.588911603077767*^-21*I
0.00010680092688057669,2.2857634462414845*^-12+0.*I,2.2857634470739012*^-12+0.*I,2.2857634427847565*^-12+0.*I,-1.1428817252653144*^-12-3.914993307077226*^-21*I,-1.1428817209761699*^-12+3.91415241964307*^-21*I,-1.1428817218085866*^-12-3.9141959253501545*^-21*I
0.0001081329467118663,2.4622304838765995*^-12+0.*I,2.4622304847732815*^-12+0.*I,2.462230480153007*^-12+0.*I,-1.231115244248437*^-12-4.2698538508739465*^-21*I,-1.2311152396281624*^-12+4.268913728306899*^-21*I,-1.2311152405248444*^-12-4.268962368336593*^-21*I
0.0001094815794779194,2.652321143946762*^-12+0.*I,2.6523211449126704*^-12+0.*I,2.6523211399357024*^-12+0.*I,-1.3261605744618649*^-12-4.65687969217144*^-21*I,-1.326160569484897*^-12+4.6558286239303*^-21*I,-1.3261605704508053*^-12-4.6558830040409994*^-21*I
0.00011084703237505147,2.85708718762955*^-12+0.*I,2.85708718867003*^-12+0.*I,2.8570871833088312*^-12+0.*I,-1.4285435964953744*^-12-5.078986387886336*^-21*I,-1.4285435911341758*^-12+5.0778112815196774*^-21*I,-1.4285435921746553*^-12-5.0778720787099986*^-21*I
0.0001122295151837285,3.077661572290923*^-12+0.*I,3.0776615734117306*^-12+0.*I,3.0776615676366387*^-12+0.*I,-1.5388307890330075*^-12-5.539353773931388*^-21*I,-1.5388307832579154*^-12+5.5380399904799195*^-21*I,-1.538830784378723*^-12-5.5381079630512124*^-21*I
0.00011362924030079516,3.3152647197306144*^-12+0.*I,3.3152647209379515*^-12+0.*I,3.315264714717013*^-12+0.*I,-1.6576323629757765*^-12-6.041449917857132*^-21*I,-1.6576323567548377*^-12+6.03998109267529*^-21*I,-1.6576323579621752*^-12-6.040057086647981*^-21*I
0.00011504642277210707,3.571211268316405*^-12+0.*I,3.571211269616952*^-12+0.*I,3.5712112629157475*^-12+0.*I,-1.7856056375088046*^-12-6.589057250138102*^-21*I,-1.7856056308076*^-12+6.5874150850797085*^-21*I,-1.7856056321081476*^-12-6.587500047804634*^-21*I
0.00011648128032556941,3.846917346360298*^-12+0.*I,3.846917347761251*^-12+0.*I,3.8469173405427035*^-12+0.*I,-1.9234586767894227*^-12-7.186301054983843*^-21*I,-1.9234586695708748*^-12+7.1844650960538*^-21*I,-1.9234586709718283*^-12-7.184560084907919*^-21*I
0.00011793403340458662,4.143908406973144*^-12+0.*I,4.1439084084822555*^-12+0.*I,4.143908400706426*^-12+0.*I,-2.0719542073744863*^-12-7.83768055315212*^-21*I,-2.0719541995986573*^-12+7.835627929540045*^-21*I,-2.0719542011077684*^-12-7.835734127620675*^-21*I
0.000119404905201931,4.463827667740853*^-12+0.*I,4.463827669366472*^-12+0.*I,4.463827660990339*^-12+0.*I,-2.2319138380584932*^-12-8.548102795840843*^-21*I,-2.2319138296823598*^-12+8.54580793787832*^-21*I,-2.2319138313079785*^-12-8.545926669430636*^-21*I
0.00012089412169403199,4.808445201909715*^-12+0.*I,4.808445203660837*^-12+0.*I,4.808445194638055*^-12+0.*I,-2.4042226054662485*^-12-9.322919631709138*^-21*I,-2.4042225964434666*^-12+9.320353954145496*^-21*I,-2.404222598194588*^-12-9.320486695811222*^-21*I
0.00012240191167569412,5.179667731373411*^-12+0.*I,5.179667733259724*^-12+0.*I,5.1796677235403725*^-12+0.*I,-2.5898338705463807*^-12-1.0167968029339793*^-20*I,-2.58983386082703*^-12+1.0165099571882398*^-20*I,-2.5898338627133426*^-12-1.0165247979648332*^-20*I
0.0001239285067952486,5.579549175635742*^-12+0.*I,5.579549177667683*^-12+0.*I,5.579549167197988*^-12+0.*I,-2.7897745930527184*^-12-1.1089614047772817*^-20*I,-2.789774582583023*^-12+1.1086407078275646*^-20*I,-2.7897745846149644*^-12-1.108657300108872*^-20*I
0.00012547414159014102,6.010302015104002*^-12+0.*I,6.0103020172928144*^-12+0.*I,6.010302006014848*^-12+0.*I,-3.005151013190984*^-12-1.2094800801590569*^-20*I,-3.0051510019130173*^-12+1.2091215373501013*^-20*I,-3.00515100410183*^-12-1.2091400875572144*^-20*I
0.0001270390535229653,6.474309531574183*^-12+0.*I,6.474309533931978*^-12+0.*I,6.474309521783342*^-12+0.*I,-3.237154771861409*^-12-1.3191100765345355*^-20*I,-3.2371547597127734*^-12+1.3187092216301842*^-20*I,-3.237154762070568*^-12-1.3187299610515226*^-20*I
0.00012862348301794575,6.9741389936192405*^-12+0.*I,6.974138996159063*^-12+0.*I,6.974138983072542*^-12+0.*I,-3.48706950335288*^-12-1.4386772827823*^-20*I,-3.4870694902663595*^-12+1.4382291222643973*^-20*I,-3.4870694928061824*^-12-1.438252309080748*^-20*I
0.0001302276734978749,7.512555859819512*^-12+0.*I,7.512555862555415*^-12+0.*I,7.512555848458604*^-12+0.*I,-3.75627793695816*^-12-1.569082450325826*^-20*I,-3.756277922861351*^-12+1.5685814019770247*^-20*I,-3.756277925597254*^-12-1.568607325151195*^-20*I
0.0001318518714215113,8.092539078403566*^-12+0.*I,8.092539081350688*^-12+0.*I,8.092539066165596*^-12+0.*I,-4.046269546794329*^-12-1.7113079811803344*^-20*I,-4.046269531609236*^-12+1.7107478032753878*^-20*I,-4.046269534556359*^-12-1.7107767857060324*^-20*I
0.0001334963263214437,8.717297567932407*^-12+0.*I,8.717297571107055*^-12+0.*I,8.717297554749665*^-12+0.*I,-4.3586487921448986*^-12-1.866425327154365*^-20*I,-4.358648775787508*^-12+1.8657990420347765*^-20*I,-4.358648778962157*^-12-1.8658314447086252*^-20*I
0.00013516129084242855,9.390287970193289*^-12+0.*I,9.390287973613027*^-12+0.*I,9.390287955992839*^-12+0.*I,-4.6951439939067384*^-12-2.0356030636640385*^-20*I,-4.69514397628655*^-12+2.0349028699382598*^-20*I,-4.695143979706288*^-12-2.034939096393694*^-20*I
0.00013684702078020457,1.0115233773504287*^-11+0.*I,1.0115233777188037*^-11+0.*I,1.0115233758207564*^-11+0.*I,-5.05761689624238*^-12-2.2201156931118156*^-20*I,-5.057616877261906*^-12+2.2193328688905945*^-20*I,-5.057616880945656*^-12-2.2193733704281128*^-20*I
0.00013855377512079153,1.089614591221222*^-11+0.*I,1.0896145916180364*^-11+0.*I,1.0896145895734592*^-11+0.*I,-5.448072966328995*^-12-2.4213532475487718*^-20*I,-5.448072945883223*^-12+2.420478041027075*^-20*I,-5.448072949851368*^-12-2.420523322491097*^-20*I
0.00014028181608027965,1.1737344956330704*^-11+0.*I,1.1737344960605199*^-11+0.*I,1.173734493858101*^-11+0.*I,-5.868672489177446*^-12-2.6408317602924495*^-20*I,-5.8686724671532566*^-12+2.6398532700822775*^-20*I,-5.868672471427752*^-12-2.6399038952156917*^-20*I
0.00014203140914511493,1.2643485014059731*^-11+0.*I,1.2643485018664227*^-11+0.*I,1.264348499493977*^-11+0.*I,-6.3217425188920934*^-12-2.880204689460241*^-20*I,-6.321742495167636*^-12+2.879110726496844*^-20*I,-6.321742499772131*^-12-2.879167325886567*^-20*I
0.0001438028231128873,1.3619579479402482*^-11+0.*I,1.3619579484362454*^-11+0.*I,1.3619579458806469*^-11+0.*I,-6.8097897524792324*^-12-3.141275373194892*^-20*I,-6.8097897269232475*^-12+3.1400523113829115*^-20*I,-6.8097897318832195*^-12-3.140115589691635*^-20*I
0.00014559633013362674,1.467102876729893*^-11+0.*I,1.467102877264182*^-11+0.*I,1.4671028745112917*^-11+0.*I,-7.335514397413915*^-12-3.426010618888121*^-20*I,-7.335514369885011*^-12+3.424643222333281*^-20*I,-7.335514375227905*^-12-3.4247139684028364*^-20*I
0.00014741220575161478,1.5803650189689203*^-11+0.*I,1.580365019544458*^-11+0.*I,1.5803650165790453*^-11+0.*I,-7.901825109671664*^-12-3.7365555190889634*^-20*I,-7.901825080017538*^-12+3.7350267549962143*^-20*I,-7.901825085772912*^-12-3.735105850054961*^-20*I
0.00014925072894771813,1.7023710137760626*^-11+0.*I,1.7023710143960325*^-11+0.*I,1.7023710112016914*^-11+0.*I,-8.511855084852019*^-12-4.075249614548529*^-20*I,-8.511855052908604*^-12+4.0735404397545014*^-20*I,-8.511855059108305*^-12-4.073628869120229*^-20*I
0.00015111218218224942,1.8337958748384982*^-11+0.*I,1.8337958755063316*^-11+0.*I,1.8337958720653885*^-11+0.*I,-9.168979391397205*^-12-4.444644520821511*^-20*I,-9.168979356987776*^-12+4.442733645992679*^-20*I,-9.168979363666107*^-12-4.4428325103811746*^-20*I
0.0001529968514383625,1.97536672464935*^-11+0.*I,1.975366725368741*^-11+0.*I,1.9753667216621597*^-11+0.*I,-9.876833641779657*^-12-4.847523153141221*^-20*I,-9.876833604713839*^-12+4.845386775250948*^-20*I,-9.876833611907751*^-12-4.84549730649221*^-20*I
0.00015490502626598968,2.1278668169935726*^-11+0.*I,2.1278668177685023*^-11+0.*I,2.1278668137757754*^-11+0.*I,-1.0639334104931497*^-11-5.2869206927576803*^-20*I,-1.0639334065004226*^-11+5.2845321999420913*^-20*I,-1.0639334072753522*^-11-5.284655775377806*^-20*I
0.0001568369998263263,2.2921398699308593*^-11+0.*I,2.2921398707656144*^-11+0.*I,2.2921398664646527*^-11+0.*I,-1.1460699371159104*^-11-5.766147456617275*^-20*I,-1.1460699328149483*^-11+5.763477097304283*^-20*I,-1.1460699336497037*^-11-5.763615255754213*^-20*I
0.00015879306893687076,2.4690947332415077*^-11+0.*I,2.4690947341407077*^-11+0.*I,2.4690947295077156*^-11+0.*I,-1.2345473689372496*^-11-6.288813838941638*^-20*I,-1.2345473643042575*^-11+6.285828349826318*^-20*I,-1.2345473652034576*^-11-6.285982812096835*^-20*I
0.00016077353411702563,2.659710416150646*^-11+0.*I,2.6597104171192656*^-11+0.*I,2.659710412128612*^-11+0.*I,-1.3298552105706496*^-11-6.858857512102777*^-20*I,-1.3298552055799957*^-11+6.855519704556827*^-20*I,-1.3298552065486154*^-11-6.855692395640481*^-20*I
0.00016277869963426725,2.8650415031387436*^-11+0.*I,2.865041504182142*^-11+0.*I,2.8650414988062165*^-11+0.*I,-1.4325207542573343*^-11-7.480573095620559*^-20*I,-1.4325207488814085*^-11+7.476841392844523*^-20*I,-1.4325207499248072*^-11-7.477034463717816*^-20*I
0.0001648088735508928,3.0862239877926434*^-11+0.*I,3.0862239889165945*^-11+0.*I,3.086223983125655*^-11+0.*I,-1.5431119967917912*^-11-8.158644515475732*^-20*I,-1.5431119910008516*^-11+8.154472435690689*^-20*I,-1.5431119921248023*^-11-8.154688290114206*^-20*I
0.00016686436777134787,3.324481556962498*^-11+0.*I,3.3244815581732195*^-11+0.*I,3.324481551935228*^-11+0.*I,-1.662240781600244*^-11-8.898180296418809*^-20*I,-1.662240775362253*^-11+8.893515869692572*^-20*I,-1.6622407765729743*^-11-8.893757197708318*^-20*I
0.0001689454980901472,3.581132359981118*^-11+0.*I,3.581132361285309*^-11+0.*I,3.581132354565756*^-11+0.*I,-1.7905661833503354*^-11-9.704752048903156*^-20*I,-1.7905661766307818*^-11+9.699537175397148*^-20*I,-1.7905661779349726*^-11-9.699806982465239*^-20*I
0.00017105258424039016,3.8575963003834*^-11+0.*I,3.8575963017882766*^-11+0.*I,3.857596294549986*^-11+0.*I,-1.9287981538108447*^-11-1.0584436455249676*^-19*I,-1.9287981465725542*^-11+1.0578606175642932*^-19*I,-1.9287981479774303*^-11-1.0578907822647914*^-19*I
0.00017318594994288346,4.155402890453861*^-11+0.*I,4.155402891967195*^-11+0.*I,4.155402884170123*^-11+0.*I,-2.0777014491254653*^-11-1.154386105299676*^-19*I,-2.0777014413283936*^-11+1.1537342745220568*^-19*I,-2.0777014428417276*^-11-1.153767998817852*^-19*I
0.00017534592295587596,4.476199712041867*^-11+0.*I,4.476199713672032*^-11+0.*I,4.4761997052730436*^-11+0.*I,-2.2380998602204268*^-11-1.259025416858532*^-19*I,-2.238099851821438*^-11+1.258296663988544*^-19*I,-2.2380998534516033*^-11-1.2583343680791037*^-19*I
0.00017753283512541334,4.821761530436651*^-11+0.*I,4.821761532192667*^-11+0.*I,4.821761523145296*^-11+0.*I,-2.41088076974201*^-11-1.373149939211573*^-19*I,-2.4108807606946386*^-11+1.3723351867340767*^-19*I,-2.4108807624506548*^-11-1.3723773403685032*^-19*I
0.0001797470224363207,5.1940001117054016*^-11+0.*I,5.1940001135969834*^-11+0.*I,5.1940001038511776*^-11+0.*I,-2.597000060725602*^-11-1.4976194970371555*^-19*I,-2.5970000509797963*^-11+1.496708596275345*^-19*I,-2.5970000528713784*^-11-1.496755724387122*^-19*I
0.00018198882506382169,5.594974797787501*^-11+0.*I,5.594974799825114*^-11+0.*I,5.5949747893269585*^-11+0.*I,-2.7974874041428266*^-11-1.6333718600492413*^-19*I,-2.7974873936446706*^-11+1.6323534645829135*^-19*I,-2.7974873956822843*^-11-1.632406154189685*^-19*I
0.00018425858742580144,6.026903897827557*^-11+0.*I,6.026903900022477*^-11+0.*I,6.026903888713893*^-11+0.*I,-3.0134519545680686*^-11-1.7814298080804844*^-19*I,-3.0134519432594853*^-11+1.7802912329685946*^-19*I,-3.0134519454544046*^-11-1.780350140405042*^-19*I
0.00018655665823572073,6.492176958743044*^-11+0.*I,6.492176961107413*^-11+0.*I,6.492176948925841*^-11+0.*I,-3.2460884854623056*^-11-1.9429088397708127*^-19*I,-3.246088473280734*^-11+1.9416359027964173*^-19*I,-3.2460884756451025*^-11-1.9417017619456665*^-19*I
0.00018888339055618983,6.993367982883722*^-11+0.*I,6.993367985430621*^-11+0.*I,6.993367972308671*^-11+0.*I,-3.496683998002833*^-11-2.1190255760797744*^-19*I,-3.4966839848808834*^-11+2.1176024213744298*^-19*I,-3.496683987427783*^-11-2.1176760526308044*^-19*I
0.00019123914185321158,7.53324966587677*^-11+0.*I,7.533249668620292*^-11+0.*I,7.533249654485373*^-11+0.*I,-3.7666248400058416*^-11-2.3111069290660983*^-19*I,-3.7666248258709225*^-11+2.309515829739963*^-19*I,-3.766624828614444*^-11-2.309598150064977*^-19*I
0.00019362427405110068,8.114808733391485*^-11+0.*I,8.114808736346809*^-11+0.*I,8.114808721120724*^-11+0.*I,-4.057404374308781*^-11-2.5206000997547776*^-19*I,-4.057404359082697*^-11+2.5188212374699753*^-19*I,-4.0574043620380195*^-11-2.518913272044601*^-19*I
0.00019603915358808738,8.741262461633092*^-11+0.*I,8.741262464816568*^-11+0.*I,8.741262448415087*^-11+0.*I,-4.370631239017282*^-11-2.749083484308652*^-19*I,-4.370631222615802*^-11+2.747094701383576*^-19*I,-4.370631225799277*^-11-2.747197596847825*^-19*I
0.00019848415147261464,9.416076472919846*^-11+0.*I,9.416076476349086*^-11+0.*I,9.416076458681476*^-11+0.*I,-4.708038245293723*^-11-2.9982785664944627*^-19*I,-4.7080382276261136*^-11+2.9960550908485637*^-19*I,-4.708038231055354*^-11-2.9961701289866876*^-19*I
0.00020095964334033807,1.0142983904746986*^-10+0.*I,1.0142983908440964*^-10+0.*I,1.0142983889409491*^-10+0.*I,-5.0714919618892245*^-11-3.270062891066822*^-19*I,-5.071491942857751*^-11+3.267577027760275*^-19*I,-5.071491946551729*^-11-3.267705641054944*^-19*I
0.00020346600951183687,1.0926006058333867*^-10+0.*I,1.0926006062313019*^-10+0.*I,1.0926006041812401*^-10+0.*I,-5.463003039417236*^-11-3.566484212419932*^-19*I,-5.463003018916617*^-11+3.563704997601639*^-19*I,-5.46300302289577*^-11-3.563848788212829*^-19*I
0.0002060036350510438,1.1769474640829516*^-10+0.*I,1.176947464511586*^-10+0.*I,1.1769474623032689*^-10+0.*I,-5.884737331456337*^-11-3.8897759245271706*^-19*I,-5.884737309373165*^-11+3.8866687404492406*^-19*I,-5.884737313659509*^-11-3.886829499628655*^-19*I
0.00020857290982440385,1.2678055724162057*^-10+0.*I,1.2678055728779305*^-10+0.*I,1.267805570499142*^-10+0.*I,-6.339027873974962*^-11-4.242373890902175*^-19*I,-6.339027850187078*^-11+4.2389000359934455*^-19*I,-6.339027854804326*^-11-4.2390797656462573*^-19*I
0.00021117422856077136,1.3656775553007233*^-10+0.*I,1.365677555798093*^-10+0.*I,1.3656775532356744*^-10+0.*I,-6.8283877893157*^-11-4.626934803642925*^-19*I,-6.828387763691513*^-11+4.62305100765658*^-19*I,-6.82838776866521*^-11-4.62325194697351*^-19*I
0.00021380799091205474,1.4711048344572676*^-10+0.*I,1.471104834993034*^-10+0.*I,1.4711048322328104*^-10+0.*I,-7.355524186087445*^-11-5.046356199524076*^-19*I,-7.355524158485207*^-11+5.04201408746094*^-19*I,-7.355524163842873*^-11-5.0422387394640055*^-19*I
0.0002164746015146151,1.5846706233903543*^-10+0.*I,1.584670623967482*^-10+0.*I,1.5846706209941842*^-10+0.*I,-7.923353131818246*^-11-5.503798299456987*^-19*I,-7.92335310208527*^-11+5.498943787570507*^-19*I,-7.923353107856546*^-11-5.499194949241159*^-19*I
0.00021917447005143415,1.7070031530278093*^-10+0.*I,1.7070031536494906*^-10+0.*I,1.7070031504466718*^-10+0.*I,-8.535015781153125*^-11-6.002707821799307*^-19*I,-8.535015749124936*^-11+5.997280443754981*^-19*I,-8.535015755341751*^-11-5.997561244404153*^-19*I
0.00022190801131505376,1.8387791463031125*^-10+0.*I,1.8387791469727873*^-10+0.*I,1.8387791435227302*^-10+0.*I,-9.193895748765829*^-11-6.546843958439281*^-19*I,-9.193895714265259*^-11+6.540776112425365*^-19*I,-9.193895720962007*^-11-6.541090049937815*^-19*I
0.0002246756452713038,1.9807275608908586*^-10+0.*I,1.9807275616122314*^-10+0.*I,1.9807275578958522*^-10+0.*I,-9.903637823036169*^-11-7.140306703729448*^-19*I,-9.903637785872375*^-11+7.13352281162165*^-19*I,-9.903637793086104*^-11-7.133873796101471*^-19*I
0.0002274777971238229,2.133633620787284*^-10+0.*I,2.1336336215643463*^-10+0.*I,2.133633617561087*^-10+0.*I,-1.0668168123952692*^-10-7.78756775377572*^-19*I,-1.06681680839201*^-10+7.779983318649922*^-19*I,-1.0668168091690722*^-10-7.780375720984307*^-19*I
0.00023031489737938363,2.2983431590245282*^-10+0.*I,2.298343159861579*^-10+0.*I,2.2983431555492956*^-10+0.*I,-1.149171581668403*^-10-8.493504206611679*^-19*I,-1.1491715773561196*^-10+8.485024760812997*^-19*I,-1.1491715781931703*^-10-8.485463469041573*^-19*I
0.0002331873819140339,2.475767295526905*^-10+0.*I,2.475767296428575*^-10+0.*I,2.4757672917834144*^-10+0.*I,-1.2378836500860294*^-10-9.263435317447886*^-19*I,-1.237883645440869*^-10+9.253955246100307*^-19*I,-1.2378836463425387*^-10-9.254445724783056*^-19*I
0.000236095692040062,2.6668874759694375*^-10+0.*I,2.666887476940715*^-10+0.*I,2.6668874719369827*^-10+0.*I,-1.333443740486581*^-10-1.0103162591575901*^-18*I,-1.3334437354828487*^-10+1.0092563815209933*^-18*I,-1.3334437364541262*^-10-1.0093112172393893*^-18*I
0.00023904027457379818,2.8727608994942863*^-10+0.*I,2.872760900540545*^-10+0.*I,2.8727608951505634*^-10+0.*I,-1.4363804524421294*^-10-1.101901349934753*^-18*I,-1.4363804470521479*^-10+1.1007164008660074*^-18*I,-1.4363804480984065*^-10-1.1007777076501006*^-18*I
0.00024202158190426027,3.0945263652893154*^-10+0.*I,3.0945263664163433*^-10+0.*I,3.094526360610299*^-10+0.*I,-1.5472631855476747*^-10-1.2017889178021562*^-18*I,-1.5472631797416304*^-10+1.2004641382203763*^-18*I,-1.547263180868658*^-10-1.2005326795019623*^-18*I
0.0002450400720626557,3.3334105703479927*^-10+0.*I,3.3334105715620256*^-10+0.*I,3.333410565307803*^-10+0.*I,-1.6667052883011018*^-10-1.3107316428589121*^-18*I,-1.666705282046879*^-10+1.3092505324497983*^-18*I,-1.6667052832609114*^-10-1.3093271618257917*^-18*I
0.000248096208792752,3.5907348932231095*^-10+0.*I,3.5907348945308624*^-10+0.*I,3.590734887793868*^-10+0.*I,-1.795367449980045*^-10-1.4295504460732102*^-18*I,-1.7953674432430504*^-10+1.4278945571048578*^-18*I,-1.7953674445508036*^-10-1.427980229245106*^-18*I
0.00025119046162212343,3.8679227012718243*^-10+0.*I,3.867922702680533*^-10+0.*I,3.867922695423504*^-10+0.*I,-1.9339613542644185*^-10-1.5591406753481477*^-18*I,-1.9339613470073892*^-10+1.5572893834671746*^-18*I,-1.933961348416098*^-10-1.557385165465286*^-18*I
0.00025432330593428554,4.1665072217826124*^-10+0.*I,4.16650722330007*^-10+0.*I,4.166507215482866*^-10+0.*I,-2.0832536147998987*^-10-1.7004788548875716*^-18*I,-2.0832536069826948*^-10+1.6984091019677355*^-18*I,-2.0832536085001525*^-10-1.6985161865915686*^-18*I
0.0002574952230417317,4.4881400204903076*^-10+0.*I,4.488140022124909*^-10+0.*I,4.488140013704293*^-10+0.*I,-2.244070014455451*^-10-1.854630044587744*^-18*I,-2.2440700060348347*^-10+1.8523160518182434*^-18*I,-2.2440700076694364*^-10-1.8524357727343813*^-18*I
0.00026070670025987784,4.834600134340938*^-10+0.*I,4.834600136101727*^-10+0.*I,4.834600127031123*^-10+0.*I,-2.417300071705758*^-10-2.0227558684117922*^-18*I,-2.4173000626351546*^-10+2.0201688148760346*^-18*I,-2.4173000643959435*^-10-2.0203026637027455*^-18*I
0.0002639582309819337,5.207803908983682*^-10+0.*I,5.207803910880399*^-10+0.*I,5.20780390110964*^-10+0.*I,-2.603901959377206*^-10-2.2061232705045976*^-18*I,-2.603901949606447*^-10+2.203230934448607*^-18*I,-2.603901951503163*^-10-2.203380577928856*^-18*I
0.000267250314754701,5.609815595359075*^-10+0.*I,5.609815597402212*^-10+0.*I,5.609815586877256*^-10+0.*I,-2.8049078029419986*^-10-2.406114063882288*^-18*I,-2.8049077924170424*^-10+2.4028804217520922*^-18*I,-2.8049077944601795*^-10-2.403047723507877*^-18*I
0.0002705834573553235,6.042858763948618*^-10+0.*I,6.042858766149478*^-10+0.*I,6.042858754812113*^-10+0.*I,-3.021429387642972*^-10-2.624235346895633*^-18*I,-3.0214293763056065*^-10+2.620620124078345*^-18*I,-3.021429378506467*^-10-2.6208071679312566*^-18*I
0.0002739581708689917,6.509328599765914*^-10+0.*I,6.509328602136673*^-10+0.*I,6.509328589924195*^-10+0.*I,-3.2546643059891737*^-10-2.8621308637238517*^-18*I,-3.2546642937766946*^-10+2.858089032995812*^-18*I,-3.254664296147454*^-10-2.858298148754377*^-18*I
0.000277374973767616,7.011805146035635*^-10+0.*I,7.011805148589409*^-10+0.*I,7.011805135434272*^-10+0.*I,-3.5059025795953594*^-10-3.12159339427005*^-18*I,-3.505902566440223*^-10+3.1170746159545958*^-18*I,-3.505902568993996*^-10-3.1173084082006332*^-18*I
0.00028083439098948183,7.553067569747144*^-10+0.*I,7.553067572498059*^-10+0.*I,7.553067558327509*^-10+0.*I,-3.7765337919588164*^-10-3.4045782691220274*^-18*I,-3.776533777788266*^-10+3.399526263726029*^-18*I,-3.776533780539181*^-10-3.3997876438150123*^-18*I
0.0002843369540198984,8.136109527914032*^-10+0.*I,8.136109530877307*^-10+0.*I,8.136109515612972*^-10+0.*I,-4.068054771589148*^-10-3.7132181090534235*^-18*I,-4.068054756324813*^-10+3.707569955043801*^-18*I,-4.068054759288087*^-10-3.707862178667912*^-18*I
0.0002878832009728525,8.764155719450035*^-10+0.*I,8.764155722642062*^-10+0.*I,8.764155706199522*^-10+0.*I,-4.382077867946247*^-10-4.049838901218447*^-18*I,-4.3820778515037056*^-10+4.04352425351569*^-18*I,-4.3820778546957326*^-10-4.043850960239673*^-18*I
0.00029147367667368377,9.440679714121285*^-10+0.*I,9.440679717559722*^-10+0.*I,9.440679699848042*^-10+0.*I,-4.720339865916434*^-10-4.416977534116069*^-18*I,-4.720339848204754*^-10+4.4099177467714374*^-18*I,-4.720339851643191*^-10-4.410283005388644*^-18*I
0.0002951089327427849,1.0169423157085589*^-9+0.*I,1.0169423160789455*^-9+0.*I,1.0169423141710683*^-9+0.*I,-5.084711588082123*^-10-4.817400923249153*^-18*I,-5.084711569003352*^-10+4.809508070514139*^-18*I,-5.084711572707219*^-10-4.809916430340253*^-18*I
0.00029878952768035144,1.0954416455129892*^-9+0.*I,1.095441645911968*^-9+0.*I,1.0954416438568305*^-9+0.*I,-5.477208237840568*^-10-5.254126867556244*^-18*I,-5.477208217289193*^-10+5.245302649902151*^-18*I,-5.477208221278981*^-10-5.24575919656184*^-18*I
0.0003025160269521875,1.1800001058896683*^-9+0.*I,1.1800001063194461*^-9+0.*I,1.180000104105683*^-9+0.*I,-5.900000540517082*^-10-5.7304468053177214*^-18*I,-5.90000051837945*^-10+5.720581323193732*^-18*I,-5.900000522677228*^-10-5.721091742658642*^-18*I
0.0003062890030765783,1.271085346420349*^-9+0.*I,1.2710853468833036*^-9+0.*I,1.2710853444986721*^-9+0.*I,-6.355426744024815*^-10-6.2499506251467184*^-18*I,-6.355426720178501*^-10+6.2389210111175775*^-18*I,-6.355426724808046*^-10-6.2394916604664724*^-18*I
0.0003101090357122512,1.3692011065054884*^-9+0.*I,1.3692011070041805*^-9+0.*I,1.3692011044354937*^-9+0.*I,-6.846005545370775*^-10-6.8165537323316175*^-18*I,-6.846005519683907*^-10+6.804222622459777*^-18*I,-6.846005524670827*^-10-6.804860608029361*^-18*I
0.0003139767117474293,1.4748900001166212*^-9+0.*I,1.4748900006538092*^-9+0.*I,1.4748899978868623*^-9+0.*I,-7.374450014417722*^-10-7.434526568828556*^-18*I,-7.374449986748253*^-10+7.420740390424335*^-18*I,-7.374449992120134*^-10-7.421453658041544*^-18*I
0.0003178926253899978,1.588736515383465*^-9+0.*I,1.5887365159621206*^-9+0.*I,1.5887365129816126*^-9+0.*I,-7.943682591819728*^-10-8.108526812577291*^-18*I,-7.943682562014647*^-10+8.093113872292724*^-18*I,-7.943682567801204*^-10-8.09391130474653*^-18*I
0.0003218573782587971,1.7113702455852193*^-9+0.*I,1.7113702462085436*^-9+0.*I,1.7113702429979928*^-9+0.*I,-8.556851243978691*^-10-8.84363449243033*^-18*I,-8.556851211873183*^-10+8.826402839979015*^-18*I,-8.556851218106426*^-10-8.827294368868813*^-18*I
0.00032587157947604856,1.8434693693927714*^-9+0.*I,1.843469370064212*^-9+0.*I,1.843469366605865*^-9+0.*I,-9.217346864255408*^-10-9.645390295479793*^-18*I,-9.217346829671937*^-10+9.626125328850751*^-18*I,-9.217346836386344*^-10-9.627122057107669*^-18*I
0.0003299358457609389,1.98576439958508*^-9+0.*I,1.985764400308351*^-9+0.*I,1.9857643965830845*^-9+0.*I,-9.92882201655152*^-10-1.0519837340425427*^-17*I,-9.928821979298853*^-10+1.0498299141092031*^-17*I,-9.928821986531563*^-10-1.0499413480941064*^-17*I
0.0003340508015243684,2.139042220944303*^-9+0.*I,2.1390422217234052*^-9+0.*I,2.1390422177106197*^-9+0.*I,-1.0695211124785193*^-9-1.1473566751070896*^-17*I,-1.0695211084657336*^-9+1.1449487086376455*^-17*I,-1.0695211092448362*^-9-1.145073291710065*^-17*I
0.0003382170789648831,2.3041504396308914*^-9+0.*I,2.3041504404701344*^-9+0.*I,2.3041504361476417*^-9+0.*I,-1.1520752219766633*^-9-1.251376734894278*^-17*I,-1.1520752176541704*^-9+1.2486846343969681*^-17*I,-1.1520752184934136*^-9-1.2488239179832127*^-17*I
0.00034243531816580147,2.4820020680586814*^-9+0.*I,2.482002068962708*^-9+0.*I,2.482002064306607*^-9+0.*I,-1.2410010363573578*^-9-1.3648279874428743*^-17*I,-1.2410010317012568*^-9+1.3618182265765746*^-17*I,-1.241001032605283*^-9-1.3619739453166447*^-17*I
0.0003467061671935521,2.6735805711418228*^-9+0.*I,2.6735805721156327*^-9+0.*I,2.673580567100179*^-9+0.*I,-1.3367902880785996*^-9-1.4885656097002636*^-17*I,-1.3367902830631457*^-9+1.4852007069374116*^-17*I,-1.3367902840369556*^-9-1.4853747998420054*^-17*I
0.000351030282197241,2.8799453017797187*^-9+0.*I,2.8799453028286983*^-9+0.*I,2.8799452974261604*^-9+0.*I,-1.4399726535910832*^-9-1.6235223322155393*^-17*I,-1.4399726481885456*^-9+1.6197603834387314*^-17*I,-1.439972649237525*^-9-1.6199550186180012*^-17*I
0.0003554083275094577,3.102237355593689*^-9+0.*I,3.1022373567236406*^-9+0.*I,3.1022373509041483*^-9+0.*I,-1.5511186807065388*^-9-1.770715472410909*^-17*I,-1.5511186748870461*^-9+1.7665096290054074*^-17*I,-1.5511186760169976*^-9-1.7667272304487805*^-17*I
0.0003598409757483389,3.341685877242779*^-9+0.*I,3.3416858784599524*^-9+0.*I,3.3416858721913295*^-9+0.*I,-1.6708429417556405*^-9-1.931254606746597*^-17*I,-1.6708429354870172*^-9+1.926552493058856*^-17*I,-1.6708429367041907*^-9-1.9267957704514557*^-17*I
0.0003643289079209066,3.5996148531376264*^-9+0.*I,3.5996148544487544*^-9+0.*I,3.5996148476963426*^-9+0.*I,-1.799807429944949*^-9-2.106349938973895*^-17*I,-1.7998074231925368*^-9+2.1010929994855632*^-17*I,-1.7998074245036648*^-9-2.1013649825328558*^-17*I
0.0003688728135276935,3.8774504280546066*^-9+0.*I,3.8774504294669406*^-9+0.*I,3.8774504221934074*^-9+0.*I,-1.9387252176639884*^-9-2.297321428036938*^-17*I,-1.938725210390455*^-9+2.291444198532084*^-17*I,-1.9387252118027892*^-9-2.2917482740915567*^-17*I
0.0003734733906686752,4.176728786042927*^-9+0.*I,4.1767287875642795*^-9+0.*I,4.1767287797294125*^-9+0.*I,-2.0883643969388024*^-9-2.5056087430570142*^-17*I,-2.0883643891039354*^-9+2.4990380355649674*^-17*I,-2.0883643906252873*^-9-2.4993779900234737*^-17*I
0.00037813134615052147,4.499104639129742*^-9+0.*I,4.499104640768527*^-9+0.*I,4.4991046323290114*^-9+0.*I,-2.2495523237845196*^-9-2.7327821221708896*^-17*I,-2.2495523153450034*^-9+2.7254361135257716*^-17*I,-2.2495523169837876*^-9-2.7258161806595495*^-17*I
0.00038284739559518494,4.846360370681054*^-9+0.*I,4.846360372446334*^-9+0.*I,4.8463603633555125*^-9+0.*I,-2.42318018988581*^-9-2.980554216369381*^-17*I,-2.4231801807949887*^-9+2.972341430286885*^-17*I,-2.4231801825602686*^-9-2.97276634260995*^-17*I
0.00038762226354984786,5.220415883887206*^-9+0.*I,5.220415885788746*^-9+0.*I,5.220415875996363*^-9+0.*I,-2.610207946839647*^-9-3.2507930089980686*^-17*I,-2.610207937047263*^-9+3.241611175781506*^-17*I,-2.6102079389488033*^-9-3.242086224430158*^-17*I
0.00039245668359823435,5.623339209729295*^-9+0.*I,5.6233392117776125*^-9+0.*I,5.623339201229533*^-9+0.*I,-2.8116696101385157*^-9-3.5455359051739855*^-17*I,-2.811669599590436*^-9+3.535270689297237*^-17*I,-2.8116696016387535*^-9-3.5358017898902286*^-17*I
0.0003973513984733172,6.057357932972627*^-9+0.*I,6.057357935179049*^-9+0.*I,6.057357923816965*^-9+0.*I,-3.0286789721671566*^-9-3.8670051015747426*^-17*I,-3.028678960805072*^-9+3.8555286785761653*^-17*I,-3.0286789630114944*^-9-3.85612244482125*^-17*I
0.0004023071601714245,6.524871499242005*^-9+0.*I,6.5248715016187355*^-9+0.*I,6.524871489379838*^-9+0.*I,-3.2624357557402207*^-9-4.217624351334486*^-17*I,-3.2624357435013226*^-9+4.204793815053103*^-17*I,-3.2624357458780528*^-9-4.2054576400162357*^-17*I
0.0004073247300677729,7.028464471093226*^-9+0.*I,7.028464473653409*^-9+0.*I,7.028464460470045*^-9+0.*I,-3.5142322421380276*^-9-4.6000372456513836*^-17*I,-3.5142322289546625*^-9+4.585692830988982*^-17*I,-3.5142322315148456*^-9-4.5864349806258646*^-17*I
0.0004124048790334425,7.570920806225851*^-9+0.*I,7.570920808983646*^-9+0.*I,7.570920794782944*^-9+0.*I,-3.7854604102129666*^-9-5.017127163145441*^-17*I,-3.785460396012262*^-9+5.0010902559079533*^-17*I,-3.785460398770058*^-9-5.0019199714553917*^-17*I
0.0004175483875538076,8.155239236616906*^-9+0.*I,8.155239239587565*^-9+0.*I,8.15523922429103*^-9+0.*I,-4.077619625956361*^-9-5.472039019970329*^-17*I,-4.077619610659823*^-9+5.4541099324256116*^-17*I,-4.077619613630483*^-9-5.455037545821991*^-17*I
0.00042275604584844563,8.784649833423794*^-9+0.*I,8.784649836623746*^-9+0.*I,8.784649820146829*^-9+0.*I,-4.392324924949938*^-9-5.968202999058531*^-17*I,-4.392324908473019*^-9+5.94815848639919*^-17*I,-4.392324911672971*^-9-5.94919554740847*^-17*I
0.00042802865399254285,9.462631849039881*^-9+0.*I,9.462631852486822*^-9+0.*I,9.462631834738453*^-9+0.*I,-4.73131593339364*^-9-6.509360433648345*^-17*I,-4.731315915645269*^-9+6.486950911930117*^-17*I,-4.73131591909221*^-9-6.488110333191048*^-17*I
0.000433367022039814,1.0192932934724178*^-8+0.*I,1.019293293843717*^-8+0.*I,1.0192932919319254*^-8+0.*I,-5.0964664769204834*^-9-7.099592034221501*^-17*I,-5.096466457802566*^-9+7.074538476260236*^-17*I,-5.096466461515558*^-9-7.075834694610052*^-17*I
0.00043877197014695384,1.097958983980615*^-8+0.*I,1.0979589843805726*^-8+0.*I,1.0979589823212602*^-8+0.*I,-5.4897949301989834*^-9-7.743348684410136*^-17*I,-5.489794909605857*^-9+7.715339144712149*^-17*I,-5.489794913605434*^-9-7.716788299875931*^-17*I
0.0004442443286996402,1.1826950706630185*^-8+0.*I,1.1826950710938463*^-8+0.*I,1.1826950688756319*^-8+0.*I,-5.913475364405406*^-9-8.445485027512586*^-17*I,-5.91347534222326*^-9+8.414170759167816*^-17*I,-5.913475346531538*^-9-8.415790892922709*^-17*I
0.0004497849384401108,1.2739699084195416*^-8+0.*I,1.2739699088836222*^-8+0.*I,1.2739699064942466*^-8+0.*I,-6.369849554043705*^-9-9.211296101241329*^-17*I,-6.369849530149948*^-9+9.17628721453944*^-17*I,-6.3698495347907535*^-9-9.17809850050653*^-17*I
0.00045539465059633096,1.3722879792913674*^-8+0.*I,1.372287979791267*^-8+0.*I,1.3722879772175262*^-8+0.*I,-6.861439909324521*^-9-1.0046557299925978*^-16*I,-6.8614398835871086*^-9+1.0007417909956582*^-16*I,-6.861439888586105*^-9-1.0009442899644914*^-16*I
0.00046107432701277066,1.478192678310374*^-8+0.*I,1.478192678848857*^-8+0.*I,1.4781926760765276*^-8+0.*I,-7.390963405412332*^-9-1.0957567962459735*^-16*I,-7.390963377689036*^-9+1.0913810765022514*^-16*I,-7.390963383073865*^-9-1.0916074668737959*^-16*I
0.0004668248402828124,1.5922693140820767*^-8+0.*I,1.5922693146621206*^-8+0.*I,1.592269311675883*^-8+0.*I,-7.961346585340196*^-9-1.1951198920229077*^-16*I,-7.961346555477816*^-9+1.1902279118761237*^-16*I,-7.961346561278257*^-9-1.1904810126880004*^-16*I
0.0004726470738828126,1.71514834064443*^-8+0.*I,1.7151483412692423*^-8+0.*I,1.715148338052595*^-8+0.*I,-8.575741719303792*^-9-1.3034944350081308*^-16*I,-8.575741687137314*^-9+1.2980252886515367*^-16*I,-8.575741693385438*^-9-1.2983082507774856*^-16*I
0.00047854192230783457,1.8475088384181494*^-8+0.*I,1.8475088390911853*^-8+0.*I,1.8475088356263543*^-8+0.*I,-9.23754420941305*^-9-1.4216978354351575*^-16*I,-9.237544174764736*^-9+1.4155834317859985*^-16*I,-9.237544181495093*^-9-1.4158997781975977*^-16*I
0.00048451029120907314,1.99008226343551*^-8+0.*I,1.9900822641604905*^-8+0.*I,1.990082260428331*^-8+0.*I,-9.950411335836199*^-9-1.5506216656322622*^-16*I,-9.950411298514599*^-9+1.5437858814752862*^-16*I,-9.950411305764405*^-9-1.544139550577765*^-16*I
0.0004905530975329923,2.1436564855113607*^-8+0.*I,2.1436564862922943*^-8+0.*I,2.1436564822721856*^-8+0.*I,-1.0718282447654854*^-8-1.6912383912232322*^-16*I,-1.071828240745376*^-8+1.6835961233670255*^-16*I,-1.07182824152631*^-8-1.6839915180977487*^-16*I
0.0004966712696622014,2.3090801376104596*^-8+0.*I,2.3090801384516652*^-8+0.*I,2.3090801341213956*^-8+0.*I,-1.1545400709700753*^-8-1.8446087123757922*^-16*I,-1.1545400666398053*^-8+1.8360648184287737*^-16*I,-1.1545400674810106*^-8-1.8365068614114734*^-16*I
0.0005028657475580871,2.487267300377593*^-8+0.*I,2.487267301283721*^-8+0.*I,2.487267296619367*^-8+0.*I,-1.2436336525206378*^-8-2.0118895722500847*^-16*I,-1.2436336478562833*^-8+2.0023376869246454*^-16*I,-1.243633648762411*^-8-2.0028318813159006*^-16*I
0.0005091374829052211,2.6792025476410644*^-8+0.*I,2.6792025486171247*^-8+0.*I,2.6792025435929173*^-8+0.*I,-1.3396012763322463*^-8-2.194342892552753*^-16*I,-1.3396012713080383*^-8+2.183664103843136*^-16*I,-1.3396012722840985*^-8-2.1842166020109394*^-16*I
0.0005154874392575752,2.8859463806864503*^-8+0.*I,2.8859463817378396*^-8+0.*I,2.885946376326023*^-8+0.*I,-1.4429731930486813*^-8-2.393345102237177*^-16*I,-1.442973187636864*^-8+2.381406471171632*^-16*I,-1.4429731886882533*^-8-2.382024150744749*^-16*I
0.0005219165921865523,3.108641081235323*^-8+0.*I,3.1086410823678544*^-8+0.*I,3.1086410765385333*^-8+0.*I,-1.554320543531798*^-8-2.610397530654769*^-16*I,-1.5543205377024756*^-8+2.597050437004204*^-16*I,-1.554320538835007*^-8-2.5977409876694964*^-16*I
0.0005284259294308718,3.348517015367325*^-8+0.*I,3.3485170165872596*^-8+0.*I,3.348517010308232*^-8+0.*I,-1.6742585108225674*^-8-2.8471377460585665*^-16*I,-1.6742585045435393*^-8+2.832216039475248*^-16*I,-1.6742585057634735*^-8-2.832988057313789*^-16*I
0.0005350164510483158,3.606899423102744*^-8+0.*I,3.606899424416826*^-8+0.*I,3.6068994176534095*^-8+0.*I,-1.8034497149323737*^-8-3.105351922958969*^-16*I,-1.8034497081689562*^-8+3.0886698539935485*^-16*I,-1.8034497094830382*^-8-3.089532949174692*^-16*I
0.0005416891695693766,3.885215731034144*^-8+0.*I,3.885215732449639*^-8+0.*I,3.885215725164476*^-8+0.*I,-1.9426078691588346*^-8-3.38698833182049*^-16*I,-1.9426078618736696*^-8+3.3683382416832613*^-16*I,-1.9426078632891646*^-8-3.3693031581016777*^-16*I
0.0005484451101528139,4.1850034282697754*^-8+0.*I,4.1850034297945075*^-8+0.*I,4.1850034219473594*^-8+0.*I,-2.0925017180575105*^-8-3.6941720547997133*^-16*I,-2.092501710210361*^-8+3.6733217916188405*^-16*I,-2.0925017117350935*^-8-3.674400540149133*^-16*I
0.0005552853107431537,4.507918549048484*^-8+0.*I,4.5079185506908845*^-8+0.*I,4.507918542238412*^-8+0.*I,-2.2539592787493752*^-8-4.0292210394883236*^-16*I,-2.2539592702969012*^-8+4.005911068191413*^-16*I,-2.2539592719393007*^-8-4.0071170767631583*^-16*I
0.0005622108222301532,4.855744808719604*^-8+0.*I,4.8557448104887494*^-8+0.*I,4.855744801384272*^-8+0.*I,-2.4278724089107605*^-8-4.394663607234097*^-16*I,-2.4278723998062812*^-8+4.368603781702712*^-16*I,-2.4278724015754267*^-8-4.36995206219644*^-16*I
0.0005692227086102553,5.2304034433711184*^-8+0.*I,5.2304034452767903*^-8+0.*I,5.230403435470029*^-8+0.*I,-2.6152017265874543*^-8-4.793257557469672*^-16*I,-2.6152017167806912*^-8+4.764123508154666*^-16*I,-2.6152017186863624*^-8-4.765630842107417*^-16*I
0.000576322047150051,5.633963807254514*^-8+0.*I,5.6339638093072454*^-8+0.*I,5.633963798744046*^-8+0.*I,-2.816981908907133*^-8-5.228010997584456*^-16*I,-2.816981898343931*^-8+5.195440098783128*^-16*I,-2.816981900396662*^-8-5.197125248741457*^-16*I
0.0005835099285517886,6.068654786318199*^-8+0.*I,6.068654788529336*^-8+0.*I,6.068654777151369*^-8+0.*I,-3.0343273988460834*^-8-5.702205078320645*^-16*I,-3.034327387468113*^-8+5.665791935707208*^-16*I,-3.03432738967925*^-8-5.66767587529206*^-16*I
0.000590787457120941,6.536877090641364*^-8+0.*I,6.536877093023131*^-8+0.*I,6.53687708076757*^-8+0.*I,-3.268438551446141*^-8-6.219418786658396*^-16*I,-3.268438539190578*^-8+6.178710190101434*^-16*I,-3.268438541572344*^-8-6.180816367246969*^-16*I
0.0005981557509358646,7.04121649338699*^-8+0.*I,7.04121649595255*^-8+0.*I,7.041216482751729*^-8+0.*I,-3.520608253291212*^-8-6.783555986638299*^-16*I,-3.520608240090388*^-8+6.738045277514832*^-16*I,-3.5206082426559477*^-8-6.740399905643567*^-16*I
0.0006056159420195744,7.584458089087999*^-8+0.*I,7.584458091851533*^-8+0.*I,7.584458077632571*^-8+0.*I,-3.792229051650356*^-8-7.398874931754684*^-16*I,-3.792229037431389*^-8+7.34799569450127*^-16*I,-3.792229040194923*^-8-7.350628079076295*^-16*I
0.0006131691765136649,8.169601649675167*^-8+0.*I,8.169601652651948*^-8+0.*I,8.169601637336344*^-8+0.*I,-4.0848008324917596*^-8-8.070020443386374*^-16*I,-4.084800817176151*^-8+8.013139463657312*^-16*I,-4.084800820152932*^-8-8.016082365119258*^-16*I
0.0006208166148543914,8.79987816267789*^-8+0.*I,8.799878165884371*^-8+0.*I,8.799878149387577*^-8+0.*I,-4.3999390895831344*^-8-8.802059023784744*^-16*I,-4.399939073086335*^-8+8.738468409592114*^-16*I,-4.399939076292817*^-8-8.741758453494382*^-16*I
0.0006285594319509584,9.478767642516333*^-8+0.*I,9.478767645970237*^-8+0.*I,9.478767628201188*^-8+0.*I,-4.739383830137809*^-8-9.600517158130746*^-16*I,-4.7393838123687545*^-8+9.52942553031344*^-16*I,-4.739383815822658*^-8-9.53310366219423*^-16*I
0.0006363988173660207,1.0210018312783278*^-7+0.*I,1.0210018316503692*^-7+0.*I,1.0210018297364307*^-7+0.*I,-5.1050091659556667*^-8-1.0471423090149816*^-15*I,-5.105009146816276*^-8+1.0391945746958744*^-15*I,-5.1050091505366885*^-8-1.0396057736901098*^-15*I
0.0006443359754984459,1.0997667264934972*^-7+0.*I,1.0997667268942454*^-7+0.*I,1.0997667248327096*^-7+0.*I,-5.498833642768592*^-8-1.1421352405839349*^-15*I,-5.498833622153226*^-8+1.1332500313897682*^-15*I,-5.498833626160709*^-8-1.1337097333038221*^-15*I
0.0006523721257683492,1.1846062706901502*^-7+0.*I,1.1846062711218201*^-7+0.*I,1.184606268901309*^-7+0.*I,-5.923031364545679*^-8-1.2457477755624361*^-15*I,-5.9230313423405604*^-8+1.235814524521832*^-15*I,-5.9230313466572587*^-8-1.236328449970621*^-15*I
0.0006605085028044368,1.275988792384341*^-7+0.*I,1.2759887928493179*^-7+0.*I,1.2759887904575771*^-7+0.*I,-6.379943973871558*^-8-1.358762309371039*^-15*I,-6.379943949954142*^-8+1.3476574113024137*^-15*I,-6.37994395460391*^-8-1.3482319553459367*^-15*I
0.000668746356633689,1.3744187082663107*^-7+0.*I,1.374418708767164*^-7+0.*I,1.374418706190995*^-7+0.*I,-6.87209355420213*^-8-1.4820322850501608*^-15*I,-6.87209352844043*^-8+1.4696175590863571*^-15*I,-6.872093533448962*^-8-1.4702598708082655*^-15*I
0.0006770869528734089,1.4804393021979894*^-7+0.*I,1.4804393027374867*^-7+0.*I,1.480439299962674*^-7+0.*I,-7.402196524852095*^-8-1.616488648757455*^-15*I,-7.402196497103956*^-8+1.6026096199911818*^-15*I,-7.402196502498929*^-8-1.6033276917360578*^-15*I
0.0006855315729256603,1.5946357180150745*^-7+0.*I,1.5946357185961965*^-7+0.*I,1.59463571560743*^-7+0.*I,-7.97317860500538*^-8-1.7631468919623913*^-15*I,-7.973178575117701*^-8+1.7476308699410362*^-15*I,-7.973178580928922*^-8-1.7484336361592722*^-15*I
0.0006940815141741403,1.7176381825629338*^-7+0.*I,1.7176381831888917*^-7+0.*I,1.7176381799696813*^-7+0.*I,-8.588190928894679*^-8-1.923114733551047*^-15*I,-8.58819089670256*^-8+1.9057686651919993*^-15*I,-8.588190902962138*^-8-1.9066661142081254*^-15*I
0.0007027380901834964,1.850125476655388*^-7+0.*I,1.85012547732964*^-7+0.*I,1.8501254738622258*^-7+0.*I,-9.250627400595396*^-8-2.0976005013531823*^-15*I,-9.250627365921238*^-8+2.0782085706011674*^-15*I,-9.250627372663757*^-8-2.079211868173131*^-15*I
0.000711502630901141,1.9928286730027857*^-7+0.*I,1.9928286737290572*^-7+0.*I,1.9928286699943116*^-7+0.*I,-9.96414338366606*^-8-2.287922275527286*^-15*I,-9.964143346318584*^-8+2.2662432196741667*^-15*I,-9.964143353581296*^-8-2.267364848270756*^-15*I
0.0007203764828615712,2.146535161615772*^-7+0.*I,2.146535162398075*^-7+0.*I,2.146535158375397*^-7+0.*I,-1.0732675828167191*^-7-2.4955178629843483*^-15*I,-1.073267578794039*^-7+2.4712819724537994*^-15*I,-1.0732675795763415*^-7-2.472535886400321*^-15*I
0.0007293610093932485,2.3120929847641758*^-7+0.*I,2.312092985606832*^-7+0.*I,2.312092981274034*^-7+0.*I,-1.1560464945455793*^-7-2.7219556803683158*^-15*I,-1.1560464902127787*^-7+2.694861446108115*^-15*I,-1.1560464910554347*^-7-2.696263244729777*^-15*I
0.0007384575908280478,2.4904155052622814*^-7+0.*I,2.490415506169946*^-7+0.*I,2.4904155015031317*^-7+0.*I,-1.245207754961174*^-7-2.96894662579945*^-15*I,-1.245207750294357*^-7+2.9386569902169956*^-15*I,-1.2452077512020214*^-7-2.940224112333816*^-15*I
0.0007476676247133259,2.6824864336745606*^-7+0.*I,2.6824864346522473*^-7+0.*I,2.682486429625681*^-7+0.*I,-1.341243219346649*^-7-3.238357031414182*^-15*I,-1.3412432143200794*^-7+3.2044951985571474*^-15*I,-1.341243215297766*^-7-3.2062471383094834*^-15*I
0.0007569925260266352,2.8893652419967445*^-7+0.*I,2.8893652430498537*^-7+0.*I,2.889365237635817*^-7+0.*I,-1.4446826237008483*^-7-3.5322227929440596*^-15*I,-1.4446826182868083*^-7+3.494367544017154*^-15*I,-1.4446826193399172*^-7-3.496326094859005*^-15*I
0.0007664337273931075,3.1121929934783673*^-7+0.*I,3.112192994612716*^-7+0.*I,3.1121929887813573*^-7+0.*I,-1.5560964996495926*^-7-3.852764788152451*^-15*I,-1.55609649381823*^-7+3.810445246248801*^-15*I,-1.5560964949525783*^-7-3.812634769898798*^-15*I
0.0007759926793055603,3.352198620525999*^-7+0.*I,3.352198621747852*^-7+0.*I,3.352198615467021*^-7+0.*I,-1.6760993133972995*^-7-4.20240569368576*^-15*I,-1.6760993071164644*^-7+4.155095470280917*^-15*I,-1.676099308338317*^-7-4.15754320189891*^-15*I
0.000785670850347336,3.6107056850716536*^-7+0.*I,3.6107056863877596*^-7+0.*I,3.610705679622832*^-7+0.*I,-1.8053528459111954*^-7-4.583788337882114*^-15*I,-1.8053528391462625*^-7+4.530898990213227*^-15*I,-1.805352840462368*^-7-4.5336353735069065*^-15*I
0.0007954697274179351,3.8891396584249956*^-7+0.*I,3.8891396598426223*^-7+0.*I,3.889139652556307*^-7+0.*I,-1.9445698328474225*^-7-4.999795717032362*^-15*I,-1.9445698255611018*^-7+4.94066943589459*^-15*I,-1.944569826978728*^-7-4.943728505214914*^-15*I
0.0008053908159614459,4.1890357604604257*^-7+0.*I,4.189035761987402*^-7+0.*I,4.1890357541395387*^-7+0.*I,-2.0945178841445922*^-7-5.453572843008684*^-15*I,-2.094517876296722*^-7+5.387474275393652*^-15*I,-2.0945178778236983*^-7-5.3908940762965114*^-15*I
0.0008154356401978372,4.512047401042186*^-7+0.*I,4.512047402686945*^-7+0.*I,4.5120473942342817*^-7+0.*I,-2.2560237047363412*^-7-5.948550569368406*^-15*I,-2.2560236962836708*^-7+5.874657682178753*^-15*I,-2.2560236979284285*^-7-5.878480744248971*^-15*I
0.0008256057433571328,4.859955269872349*^-7+0.*I,4.859955271643971*^-7+0.*I,4.859955262539927*^-7+0.*I,-2.429977639475336*^-7-6.488471594874686*^-15*I,-2.429977630371284*^-7+6.40586545881471*^-15*I,-2.429977632142906*^-7-6.410139326700458*^-15*I
0.0008359026879164989,5.234677124480288*^-7+0.*I,5.234677126388556*^-7+0.*I,5.234677116582968*^-7+0.*I,-2.617338567128017*^-7-7.077418829900911*^-15*I,-2.617338557322419*^-7+6.985072203179588*^-15*I,-2.6173385592306867*^-7-6.989850023186265*^-15*I
0.0008463280558403006,5.638278329876031*^-7+0.*I,5.638278331931481*^-7+0.*I,5.638278321370323*^-7+0.*I,-2.819139170201282*^-7-7.719846350073*^-15*I,-2.819139159640113*^-7+7.61661091306819*^-15*I,-2.8191391616955623*^-7-7.621952096565554*^-15*I
0.0008568834488231398,6.072983207481231*^-7+0.*I,6.07298320969521*^-7+0.*I,6.072983198320301*^-7+0.*I,-3.036491609407983*^-7-8.420613163371194*^-15*I,-3.036491598033061*^-7+8.3052052520773*^-15*I,-3.0364916002470395*^-7-8.311176215150447*^-15*I
0.0008675704885359368,6.541187255358079*^-7+0.*I,6.54118725774281*^-7+0.*I,6.541187245491492*^-7+0.*I,-3.2705936337813916*^-7-9.185020059191785*^-15*I,-3.270593621530059*^-7+9.056004722242256*^-15*I,-3.2705936239147897*^-7-9.062679704022607*^-15*I
0.0008783908168750688,7.045470306494835*^-7+0.*I,7.045470309063484*^-7+0.*I,7.045470295868277*^-7+0.*I,-3.522735159817978*^-7-1.0018849808864526*^-14*I,-3.5227351466227564*^-7+9.874622977772477*^-15*I,-3.522735149191403*^-7-9.88208497042831*^-15*I
0.0008893460962146244,7.588610697009862*^-7+0.*I,7.588610699776605*^-7+0.*I,7.588610685564844*^-7+0.*I,-3.7943053555794355*^-7-1.0928411035162654*^-14*I,-3.794305341367656*^-7+1.0767179600470997*^-14*I,-3.7943053441343973*^-7-1.0775521374550383*^-14*I
0.0009004380096618036,8.173600521624637*^-7+0.*I,8.173600524604746*^-7+0.*I,8.173600509298171*^-7+0.*I,-4.0868002684292004*^-7-1.1920586070304243*^-14*I,-4.086800253122605*^-7+1.174034561130897*^-14*I,-4.086800256102713*^-7-1.1749670873283668*^-14*I
0.000911668261315495,8.803662059663468*^-7+0.*I,8.803662062873391*^-7+0.*I,8.803662046387726*^-7+0.*I,-4.4018310380323266*^-7-1.3002883182153376*^-14*I,-4.4018310215466387*^-7+1.2801393071531535*^-14*I,-4.4018310247565605*^-7-1.2811817746831446*^-14*I
0.0009230385765280907,9.482265461196213*^-7+0.*I,9.482265464653666*^-7+0.*I,9.482265446898153*^-7+0.*I,-4.7411327394268543*^-7-1.4183493555903365*^-14*I,-4.741132721671315*^-7+1.395824914169983*^-14*I,-4.741132725128766*^-7-1.3969902812115919*^-14*I
0.0009345507021705532,1.0213147789778041*^-6+0.*I,1.0213147793502102*^-6+0.*I,1.0213147774379006*^-6+0.*I,-5.106573904393706*^-7-1.5471353477873533*^-14*I,-5.10657388527058*^-7+1.5219554970245153*^-14*I,-5.106573888994639*^-7-1.5232582494442482*^-14*I
0.0009462064069008002,1.1000333525603484*^-6+0.*I,1.1000333529614704*^-6+0.*I,1.1000333509018776*^-6+0.*I,-5.500166773033731*^-7-1.687621217796255*^-14*I,-5.500166752437769*^-7+1.65947298919702*^-14*I,-5.500166756448987*^-7-1.66092931923943*^-14*I
0.0009580074814354292,1.1848156640808956*^-6+0.*I,1.1848156645129466*^-6+0.*I,1.184815662294736*^-6+0.*I,-5.924078331418982*^-7-1.840870586126047*^-14*I,-5.92407830923684*^-7+1.8094041361770365*^-14*I,-5.924078313557347*^-7-1.811032144184847*^-14*I
0.0009699557388248298,1.2761284367180501*^-6+0.*I,1.276128437183414*^-6+0.*I,1.2761284347943807*^-6+0.*I,-6.380642195446603*^-7-2.0080438495715177*^-14*I,-6.380642171556227*^-7+1.9728681161502978*^-14*I,-6.380642176209863*^-7-1.9746880345472616*^-14*I
0.0009820530147317376,1.3744742785692186*^-6+0.*I,1.3744742790704627*^-6+0.*I,1.3744742764974629*^-6+0.*I,-6.872371405608046*^-7-2.1904069961360797*^-14*I,-6.872371379878*^-7+2.15108484434922*^-14*I,-6.872371384890437*^-7-2.15311928974246*^-14*I
0.000994301167713247,1.480394437716151*^-6+0.*I,1.4803944382560403*^-6+0.*I,1.4803944354849203*^-6+0.*I,-7.401972202316797*^-7-2.3893412240877394*^-14*I,-7.401972174605542*^-7+2.3453840206586175*^-14*I,-7.401972180004431*^-7-2.3476582737600394*^-14*I
0.0010067020795063574,1.5944717683924562*^-6+0.*I,1.594471768973969*^-6+0.*I,1.5944717659894873*^-6+0.*I,-7.972358856745975*^-7-2.606353439808051*^-14*I,-7.972358826901096*^-7+2.5572149877685542*^-14*I,-7.972358832716218*^-7-2.559757307591298*^-14*I
0.0010192576553170643,1.7173339243845374*^-6+0.*I,1.7173339250108805*^-6+0.*I,1.717333921796625*^-6+0.*I,-8.586669637833023*^-7-2.843087710792066*^-14*I,-8.586669605690396*^-7+2.7881574719301745*^-14*I,-8.586669611953824*^-7-2.7909994466103482*^-14*I
0.001031969824113073,1.8496567970260932*^-6+0.*I,1.8496567977007213*^-6+0.*I,1.8496567942390183*^-6+0.*I,-9.248284002252252*^-7-3.101337766865877*^-14*I,-9.248283967635142*^-7+3.0399332850481174*^-14*I,-9.248283974381418*^-7-3.0431102235776237*^-14*I
0.0010448405389201468,1.99216821646702*^-6+0.*I,1.9921682171936533*^-6+0.*I,1.992168213465472*^-6+0.*I,-9.960841100759361*^-7-3.3830606404563974*^-14*I,-9.960841063477456*^-7+3.314419074630334*^-14*I,-9.960841070743785*^-7-3.317970444734052*^-14*I
0.0010578717771221624,2.1456519363192956*^-6+0.*I,2.145651937101941*^-6+0.*I,2.1456519330867883*^-6+0.*I,-1.0728259701420882*^-6-3.6903915529434853*^-14*I,-1.0728259661269256*^-6+3.613660212732848*^-14*I,-1.0728259669095703*^-6-3.6176301304584434*^-14*I
0.0010710655407649063,2.3109519233109278*^-6+0.*I,2.3109519241539*^-6+0.*I,2.31095191982971*^-6+0.*I,-1.155475963788396*^-6-4.025660159681981*^-14*I,-1.1554759594641943*^-6+3.9398859269748164*^-14*I,-1.1554759603071662*^-6-3.9443237049283736*^-14*I
0.001084423856863651,2.488976975223408*^-6+0.*I,2.488976976131355*^-6+0.*I,2.488976971474366*^-6+0.*I,-1.2444884899063633*^-6-4.391408278935074*^-14*I,-1.2444884852493614*^-6+4.295525786454903*^-14*I,-1.2444884861573076*^-6-4.3004865447415413*^-14*I
0.0010979487777145827,2.680705692157352*^-6+0.*I,2.680705693135279*^-6+0.*I,2.6807056881199055*^-6+0.*I,-1.340352848547107*^-6-4.7904092397918485*^-14*I,-1.340352843531719*^-6+4.6832276572953804*^-14*I,-1.3403528445096448*^-6-4.6887730067806206*^-14*I
0.0011116423812100955,2.88719182807255*^-6+0.*I,2.887191829125847*^-6+0.*I,2.88719182372454*^-6+0.*I,-1.4435959166913843*^-6-5.2256889974762094*^-14*I,-1.4435959112900604*^-6+5.1058772649303686*^-14*I,-1.4435959123433563*^-6-5.112076071926066*^-14*I
0.0011255067711580364,3.109570051595677*^-6+0.*I,3.1095700527301492*^-6+0.*I,3.1095700469132436*^-6+0.*I,-1.5547850286534508*^-6-5.700549178028962*^-14*I,-1.5547850228365264*^-6+5.566619500225307*^-14*I,-1.5547850239709972*^-6-5.5735487395820996*^-14*I
0.0011395440776049142,3.349062147288261*^-6+0.*I,3.34906214851016*^-6+0.*I,3.3490621422457145*^-6+0.*I,-1.6745310767150477*^-6-6.218592229307853*^-14*I,-1.6745310704505812*^-6+6.068881629616107*^-14*I,-1.6745310716724791*^-6-6.076627340088706*^-14*I
0.0011537564571631497,3.6069836909348053*^-6+0.*I,3.606983692250865*^-6+0.*I,3.606983685504488*^-6+0.*I,-1.8034918487694657*^-6-6.783748869625819*^-14*I,-1.8034918420230647*^-6+6.616398574483115*^-14*I,-1.8034918433391227*^-6-6.625056926563722*^-14*I
0.0011681460933424144,3.884751234955346*^-6+0.*I,3.884751236372817*^-6+0.*I,3.884751229107477*^-6+0.*I,-1.9423756210278244*^-6-7.400308048416343*^-14*I,-1.9423756137624573*^-6+7.213240448106124*^-14*I,-1.9423756151799263*^-6-7.22291893173477*^-14*I
0.0011827151968850768,4.183890042782481*^-6+0.*I,4.183890044309173*^-6+0.*I,4.183890036484998*^-6+0.*I,-2.0919450252075917*^-6-8.072949642746363*^-14*I,-2.0919450173833866*^-6+7.86384253948196*^-14*I,-2.0919450189100754*^-6-7.874661300676828*^-14*I
0.0011974660061058629,4.506042413986993*^-6+0.*I,4.506042415631314*^-6+0.*I,4.506042407205374*^-6+0.*I,-2.2530212110953956*^-6-8.806780143150079*^-14*I,-2.2530212026694215*^-6+8.573037979385594*^-14*I,-2.2530212043137403*^-6-8.585131306412573*^-14*I
0.0012124007872357269,4.8529766450978245*^-6+0.*I,4.852976646868832*^-6+0.*I,4.852976637794905*^-6+0.*I,-2.4264883269570157*^-6-9.607371615059307*^-14*I,-2.4264883178830495*^-6+9.346093306866705*^-14*I,-2.4264883196540543*^-6-9.359611296671287*^-14*I
0.0012275218347700327,5.2265966744658585*^-6+0.*I,5.2265966763733055*^-6+0.*I,5.2265966666016226*^-6+0.*I,-2.613298341969272*^-6-1.0480804206548965*^-13*I,-2.613298332197545*^-6+1.0188747207215978*^-13*I,-2.613298334104989*^-6-1.0203857621760448*^-13*I
0.0012428314718210577,5.628952463176156*^-6+0.*I,5.628952465230545*^-6+0.*I,5.628952454707525*^-6+0.*I,-2.8144762366761463*^-6-1.143371256334434*^-13*I,-2.814476226153076*^-6+1.1107252695767923*^-13*I,-2.8144762282074626*^-6-1.1124143041985752*^-13*I
0.0012583320504749066,6.062251167946724*^-6+0.*I,6.062251170159367*^-6+0.*I,6.0622511588273196*^-6+0.*I,-3.0311255894381672*^-6-1.2473336479436735*^-13*I,-3.031125578106063*^-6+1.210842304915665*^-13*I,-3.0311255803187026*^-6-1.212730290247437*^-13*I
0.0012740259521528772,6.528869166177449*^-6+0.*I,6.528869168560526*^-6+0.*I,6.52886915635734*^-6+0.*I,-3.264434588956875*^-6-1.3607576193427146*^-13*I,-3.264434576753625*^-6+1.3199681830024382*^-13*I,-3.2644345791366978*^-6-1.3220785424750979*^-13*I
0.001289915587977318,7.031364997856065*^-6+0.*I,7.031365000422693*^-6+0.*I,7.0313649872814964*^-6+0.*I,-3.5156825052278053*^-6-1.48450527468819*^-13*I,-3.515682492086536*^-6+1.4389117340112604*^-13*I,-3.5156824946531593*^-6-1.441270647863946*^-13*I
0.0013060033991420718,7.5724932939132905*^-6+0.*I,7.572493296677596*^-6+0.*I,7.572493282526394*^-6+0.*I,-3.7862466537180527*^-6-1.6195173868678383*^-13*I,-3.7862466395667685*^-6+1.5685541930162436*^-13*I,-3.7862466423310686*^-6-1.5711909213885909*^-13*I
0.0013222918572875142,8.155219765866039*^-6+0.*I,8.15521976884323*^-6+0.*I,8.155219753604513*^-6+0.*I,-4.077609890187873*^-6-1.7668205888138084*^-13*I,-4.077609874949064*^-6+1.7098556551107743*^-13*I,-4.07760987792625*^-6-1.712802900960419*^-13*I
0.001338783464880295,8.782737337232223*^-6+0.*I,8.782737340438684*^-6+0.*I,8.782737324029006*^-6+0.*I,-4.391368676398082*^-6-1.9275352262700106*^-13*I,-4.391368659988299*^-6+1.8638621051927226*^-13*I,-4.391368663194753*^-6-1.8671564183596954*^-13*I
0.001355480755597792,9.458483503260832*^-6+0.*I,9.458483506714199*^-6+0.*I,9.458483489043723*^-6+0.*I,-4.729241759975078*^-6-2.1028839272813527*^-13*I,-4.729241742304485*^-6+2.031713069213038*^-13*I,-4.7292417457578434*^-6-2.0353952994679499*^-13*I
0.0013723862947173772,0.000010186159012039691+0.*I,0.000010186159015758957+0.*I,0.000010186158996730972+0.*I,-5.093079514964717*^-6-2.2942009599072156*^-13*I,-5.093079495936599*^-6+2.2146499446448278*^-13*I,-5.093079499655857*^-6-2.218765746664525*^-13*I
0.001389502679510531,0.000010969747967043087+0.*I,0.000010969747971048706+0.*I,0.000010969747950559096+0.*I,-5.4848739931061135*^-6-2.502942445948831*^-13*I,-5.484873972616351*^-6+2.4140250675401885*^-13*I,-5.4848739766219604*^-6-2.4186254658091957*^-13*I
0.0014068325396418716,0.00001181353945870562+0.*I,0.000011813539463019617+0.*I,0.000011813539440956294+0.*I,-5.906769739618536*^-6-2.730697513685253*^-13*I,-5.906769717555043*^-6+2.631311584739978*^-13*I,-5.906769721869028*^-6-2.6364536034872117*^-13*I
0.001424378537573162,0.000012722150840692477+0.*I,0.000012722150845338568+0.*I,0.000012722150821580872+0.*I,-6.361075431336535*^-6-2.9792004714858926*^-13*I,-6.361075407578648*^-6+2.8681141934578625*^-13*I,-6.361075412224726*^-6-2.8738615637385904*^-13*I
0.001442143368972351,0.000013700552775220202+0.*I,0.000013700552780223922+0.*I,0.000013700552754641966+0.*I,-6.850276399370291*^-6-3.2503441026256197*^-13*I,-6.850276373788117*^-6+3.126180836700744*^-13*I,-6.8502763787918224*^-6-3.1326047827246594*^-13*I
0.001460129763127731,0.000014754096181113754+0.*I,0.000014754096186502602+0.*I,0.000014754096158956557+0.*I,-7.377048103134112*^-6-3.5461941744161305*^-13*I,-7.377048075587821*^-6+3.4074154269291407*^-13*I,-7.3770480809766525*^-6-3.4145955474778713*^-13*I
0.0014783404833672391,0.0000158885412283046+0.*I,0.00001588854123410818+0.*I,0.00001588854120444753+0.*I,-7.944270627595436*^-6-3.869005286404671*^-13*I,-7.944270597934507*^-6+3.713891696318648*^-13*I,-7.944270603738074*^-6-3.721916946800601*^-13*I
0.0014967783274830039,0.00001711008853324406+0.*I,0.000017110088539494262+0.*I,0.00001711008850755698+0.*I,-8.555044280981454*^-6-4.2212381704538806*^-13*I,-8.55504424904386*^-6+4.0478682637510494*^-13*I,-8.555044255294042*^-6-4.056838058046504*^-13*I
0.0015154461281611871,0.000018425412721265977+0.*I,0.000018425412727997125+0.*I,0.00001842541269360881+0.*I,-9.21270637596038*^-6-4.605578580651694*^-13*I,-9.212706341571712*^-6+4.411805036735348*^-13*I,-9.212706348302835*^-6-4.4218304721633204*^-13*I
0.0015343467534171718,0.000019841698534350218+0.*I,0.000019841698541599268+0.*I,0.000019841698504572185+0.*I,-9.920849283523131*^-6-5.024957920112702*^-13*I,-9.920849246495645*^-6+4.808381050145208*^-13*I,-9.92084925374467*^-6-4.819586281872193*^-13*I
0.001553483107036198,0.000021366679676077496+0.*I,0.000021366679683884253+0.*I,0.000021366679644016317+0.*I,-0.000010683339855460645-5.482575763759605*^-13*I,-0.000010683339815592258+5.240513881335768*^-13*I,-0.000010683339823398986-5.253037653655287*^-13*I
0.001572858129019474,0.000023008680599880128+0.*I,0.00002300868060828744+0.*I,0.000023008680565361144+0.*I,-0.000011504340318489156-5.981924454067406*^-13*I,-0.000011504340275562351+5.711380768413745*^-13*I,-0.000011504340283969629-5.725378128990546*^-13*I
0.0015924747960358726,0.000024776661462074528+0.*I,0.00002477666147112853+0.*I,0.000024776661424909754+0.*I,-0.000012388330750766311-6.526815956358379*^-13*I,-0.000012388330704546957+6.224441585573833*^-13*I,-0.000012388330713600923-6.240085798859491*^-13*I
0.0016123361218792387,0.000026680266477661052+0.*I,0.00002668026648741142+0.*I,0.000026680266437648168+0.*I,-0.000013340133259790946-7.121411185009788*^-13*I,-0.000013340133210027042+6.783463836722113*^-13*I,-0.000013340133219777367-6.800948521390382*^-13*I
0.0016324451579314166,0.00002872987593460403+0.*I,0.000028729875945104244+0.*I,0.000028729875891525293+0.*I,-0.000014364937989542913-7.77025203692234*^-13*I,-0.000014364937935963226+7.392549838194483*^-13*I,-0.000014364937946463392-7.412091355742481*^-13*I
0.0016528049936310521,0.00003093666214132172+0.*I,0.00003093666215262936+0.*I,0.000030936662094942785+0.*I,-0.00001546833109422787-8.47829636247435*^-13*I,-0.00001546833103654046+8.056166287470663*^-13*I,-0.00001546833104784805-8.078006409072835*^-13*I
0.0016734187569482232,0.00003331264960253075+0.*I,0.00003331264961470781+0.*I,0.00003331264955259943+0.*I,-0.000016656324826199217-9.250956167874365*^-13*I,-0.000016656324764089893+8.779176416915697*^-13*I,-0.000016656324776266896-8.803585308596466*^-13*I
0.001694289614865023,0.00003587077974050809+0.*I,0.00003587077975362132+0.*I,0.00003587077968675296+0.*I,-0.00001793538989658883-1.0094139332690896*^-12*I,-0.00001793538982971942+9.56687496212371*^-13*I,-0.00001793538984283258-9.594154511804566*^-13*I
0.001715420773862094,0.00003862498050233179+0.*I,0.000038624980516453026+0.*I,0.00003862498044446078+0.*I,-0.000019312490278927046-1.1014295172345692*^-12*I,-0.000019312490206933606+1.0425026191765862*^-12*I,-0.000019312490221054774-1.0455513729642777*^-12*I
0.001736815480411275,0.000041590241218908976+0.*I,0.000041590241234115596+0.*I,0.000041590241156607785+0.*I,-0.000020795120638656295-1.2018464202437714*^-12*I,-0.000020795120561147132+1.1359905244059993*^-12*I,-0.00002079512057635367-1.139397769995425*^-12*I
0.0017584770214743549,0.000044782693108647386+0.*I,0.00004478269312502267+0.*I,0.00004478269304157777+0.*I,-0.000022391346584966347-1.3114332497069875*^-12*I,-0.000022391346501519927+1.2378343081860369*^-12*I,-0.000022391346517895113-1.2416421626682828*^-12*I
0.0017804087250080692,0.000048219695847680034+0.*I,0.000048219695865313634+0.*I,0.000048219695775478024+0.*I,-0.000024109847955906127-1.4310291056136482*^-12*I,-0.0000241098478660688+1.348777535961576*^-12*I,-0.00002410984788370229-1.3530330592004188*^-12*I
0.0018026139604753945,0.000051919930659689655+0.*I,0.00005191993067867808+0.*I,0.00005191993058196359+0.*I,-0.000025959965363295257-1.5615500655344507*^-12*I,-0.00002595996526657883+1.469629553852977*^-12*I,-0.000025959965285567132-1.4743853277714247*^-12*I
0.0018250961393631996,0.00005590350041178342+0.*I,0.00005590350043223057+0.*I,0.000055903500328111864+0.*I,-0.000027951750240660667-1.7039962683375873*^-12*I,-0.000027951750136539772+1.6012712632030296*^-12*I,-0.000027951750156986788-1.6065860389273572*^-12*I
0.001847858715706383,0.00006019203723870301+0.*I,0.00006019203726072074+0.*I,0.00006019203714863249+0.*I,-0.000030096018655340735-1.8594596529184435*^-12*I,-0.000030096018543250012+1.7446613945007142*^-12*I,-0.000030096018565267587-1.7506008150356025*^-12*I
0.0018709051866185157,0.00006480881825604865+0.*I,0.00006480881827975736+0.*I,0.00006480881815909122+0.*I,-0.000032404409165096224-2.0291324107790843*^-12*I,-0.00003240440904442731+1.9008433284719453*^-12*I,-0.00003240440906813584-1.9074807357039387*^-12*I
0.0018942390928291337,0.00006977888996439948+0.*I,0.00006977888998992877+0.*I,0.00006977888986003015+0.*I,-0.00003488944502016931-2.2143162203026877*^-12*I,-0.000034889444890267554+2.0709525042618643*^-12*I,-0.00003488944491579664-2.0783698413738977*^-12*I
0.0019178640192277015,0.00007512920199033675+0.*I,0.00007512920201782611+0.*I,0.00007512920187799062+0.*I,-0.0000375646010337937-2.416432336417065*^-12*I,-0.000037564600893954665+2.25622447220004*^-12*I,-0.00003756460092144381-2.2645132902717464*^-12*I
0.0019417835954143802,0.00008088875085771569+0.*I,0.0000808887508873153+0.*I,0.00008088875073678501+0.*I,-0.00004044437546782892-2.6370326119192*^-12*I,-0.00004044437531729463+2.458003640028741*^-12*I,-0.000040444375346893995-2.4672662225504784*^-12*I
0.001966001496257666,0.00008708873453323022+0.*I,0.00008708873456510172+0.*I,0.0000870887344030611+0.*I,-0.000043544367305540755-2.8778115389526935*^-12*I,-0.00004354436714349563+2.6777527747526435*^-12*I,-0.00004354436717536684-2.688103394702325*^-12*I
0.001990521442458959,0.00009376271854465008+0.*I,0.00009376271857896743+0.*I,0.000093762718404539+0.*I,-0.00004688135931071751-3.1406194056753965*^-12*I,-0.00004688135913628399+2.917063323411349*^-12*I,-0.00004688135917060104-2.9286296452827073*^-12*I
0.002015347201124212,0.00010094681452834858+0.*I,0.00010094681456529903+0.*I,0.00010094681437753869+0.*I,-0.000050473407301431293-3.427476673432477*^-12*I,-0.00005047340711366522+3.1776666220914066*^-12*I,-0.000050473407150615315-3.1905912691837595*^-12*I
0.002040482586342664,0.00010867987212506954+0.*I,0.00010867987216485465+0.*I,0.0001086798719627466+0.*I,-0.00005433993609791841-3.740589681730732*^-12*I,-0.000054339935895803885+3.4614460666972353*^-12*I,-0.0000543399359355886-3.4758883705473335*^-12*I
0.002065931459772842,0.00011700368520972169+0.*I,0.00011700368525255834+0.*I,0.0001170036850350097+0.*I,-0.00005850184263747297-4.082367813468719*^-12*I,-0.000058501842419917035+3.770450329994849*^-12*I,-0.00005850184246275325-3.7865882852949475*^-12*I
0.0020916977312358193,0.00012596321351246337+0.*I,0.00012596321355858503+0.*I,0.00012596321332442002+0.*I,-0.00006298160678498514-4.455442249051397*^-12*I,-0.00006298160655081191+4.106907710183747*^-12*I,-0.00006298160659693307-4.124940154972103*^-12*I
0.002117785359315909,0.00013560682076498996+0.*I,0.00013560682081464786+0.*I,0.0001356068205626015+0.*I,-0.00006780341040607998-4.8626864629132956*^-12*I,-0.00006780341015402438+4.473241706015227*^-12*I,-0.00006780341020368173-4.49339075953559*^-12*I
0.0021441983519688464,0.0001459865305878788+0.*I,0.00014598653064134333+0.*I,0.0001459865303700548+0.*I,-0.00007299326531078434-5.307238618243071*^-12*I,-0.00007299326503948536+4.872087923329879*^-12*I,-0.00007299326509294928-4.894601706015502*^-12*I
0.0021709407671375316,0.00015715830142261442+0.*I,0.00015715830148017656+0.*I,0.00015715830118818186+0.*I,-0.00007857915071953286-5.792526047881888*^-12*I,-0.0000785791504275264+5.306312419505421*^-12*I,-0.00007857915048508785-5.331468091557008*^-12*I
0.0021980167133754864,0.0001691823219058514+0.*I,0.0001691823219678243+0.*I,0.00016918232165354853+0.*I,-0.00008459116095029194-6.322292000563925*^-12*I,-0.00008459116063600293+5.77903161491991*^-12*I,-0.00008459116069797502-5.807138766537868*^-12*I
0.0022254303504780533,0.00018212332818390856+0.*I,0.00018212332825062912+0.*I,0.00018212332791237812+0.*I,-0.00009106166407579792-6.900624882839036*^-12*I,-0.000091061663737532+6.29363389019602*^-12*I,-0.00009106166380425167-6.3250383290422565*^-12*I
0.0022531858901214986,0.00019605094477302416+0.*I,0.00019605094484485497+0.*I,0.00019605094448080638+0.*I,-0.00009802547235367447-7.531990209755546*^-12*I,-0.00009802547198960906+6.853803014698532*^-12*I,-0.00009802547206143886-6.888890995580647*^-12*I
0.002281287596510056,0.00021104005068580742+0.*I,0.00021104005076313863+0.*I,0.0002110400503713321+0.*I,-0.00010552002528964651-8.22126553578973*^-12*I,-0.00010552002489782103+7.463543562271638*^-12*I,-0.0001055200249751511-7.502746505811847*^-12*I
0.0023097397870310613,0.00022717117266729637+0.*I,0.00022717117275054772+0.*I,0.00022717117232887466+0.*I,-0.00011358558625555523-8.973778630783146*^-12*I,-0.00011358558583386084+8.127208470449951*^-12*I,-0.00011358558591711094-8.171008232461494*^-12*I
0.002338546832918259,0.0002445309075154165+0.*I,0.0002445309076050397+0.*I,0.000244530907151232+0.*I,-0.0001222654536495715-9.795349211754598*^-12*I,-0.00012226545319573982+8.849528918676468*^-12*I,-0.0001222654532853616-8.898463674931727*^-12*I
0.002367713159923356,0.0002632123756010845+0.*I,0.0002632123756975655+0.*I,0.00026321237520918374+0.*I,-0.000131606187656229-1.0692334565337468*^-11*I,-0.0001316061871678202+9.63564672697282*^-12*I,-0.00013160618726429962-9.690317537708817*^-12*I
0.0023972432489959895,0.00028331570785335413+0.*I,0.00028331570795721577+0.*I,0.00028331570743163613+0.*I,-0.0001416578537389757-1.1671679413027715*^-11*I,-0.00014165785321336563+1.0491149468547*^-11*I,-0.00014165785331722548-1.0552227609632252*^-11*I
0.0024271416369721333,0.0003049485686352603+0.*I,0.000304948568747065+0.*I,0.0003049485681814654+0.*I,-0.00015247428407807074-1.2740970430937228*^-11*I,-0.0001524742835124369+1.1422108515644923*^-11*I,-0.00015247428362423964-1.1490343662539706*^-11*I
0.0024574129172711397,0.0003282267171074025+0.*I,0.00032822671722775536+0.*I,0.0003282267166191008+0.*I,-0.00016411335825234708-1.3908495860074255*^-11*I,-0.000164113357643654+1.243512028179998*^-11*I,-0.0001641133577640046-1.2511349641713501*^-11*I
0.0024880617406014146,0.0003532746098590462+0.*I,0.0003532746099885981+0.*I,0.0003532746093336244+0.*I,-0.0001766373045547285-1.5183310661641032*^-11*I,-0.00017663730389971146+1.3537350880127382*^-11*I,-0.00017663730402926094-1.3622509384726189*^-11*I
0.0025190928156749444,0.0003802260477819104+0.*I,0.0003802260479213616+0.*I,0.0003802260472165584+0.*I,-0.0001901130234290843-1.65753077754086*^-11*I,-0.00019011302272423233+1.4736584501440482*^-11*I,-0.00019011302286368078-1.483171618401441*^-11*I
0.00255051090993072,0.00040922487037004635+0.*I,0.0004092248705201501+0.*I,0.0004092248697617421+0.*I,-0.0002046124346201232-1.809529601336293*^-11*I,-0.0002046124338616604+1.6041275812347357*^-11*I,-0.000204612434011761-1.6147546504594962*^-11*I
0.002582320850267163,0.00044042570085154947+0.*I,0.0004404257010131157+0.*I,0.0004404257001970433+0.*I,-0.0002202128497391966-1.9755085243549354*^-11*I,-0.00022021284892306253+1.746060666072255*^-11*I,-0.00022021284908462532-1.7579318169439557*^-11*I
0.0026145275237837206,0.0004739947457950266+0.*I,0.00047399474596892665+0.*I,0.000473994745090824+0.*I,-0.00023699737206747153-2.1567579545522688*^-11*I,-0.0002369973711892996+1.900454748616951*^-11*I,-0.00023699737136319583-1.9137153388619914*^-11*I
0.0026471358785316746,0.0005101106530864745+0.*I,0.0005101106532736455+0.*I,0.0005101106523288181+0.*I,-0.00025505532554429884-2.3546879047319985*^-11*I,-0.0002550553245993935+2.0683923755086813*^-11*I,-0.00025505532478656024-2.0832047058808124*^-11*I
0.0026801509242743503,0.0005489654324418766+0.*I,0.0005489654326433262+0.*I,0.0005489654316267259+0.*I,-0.00027448271502342967-2.5708391319965303*^-11*I,-0.0002744827140067418+2.2510487846983845*^-11*I,-0.0002744827142081867-2.267594066549213*^-11*I
0.0027135777332567717,0.0005907654429079086+0.*I,0.0005907654431247209+0.*I,0.0005907654420309194+0.*I,-0.00029538272002327355-2.806895319440388*^-11*I,-0.0002953827189293738+2.4496996815926565*^-11*I,-0.00029538271914618055-2.4681802348115218*^-11*I
0.002747421440984939,0.000635732452109236+0.*I,0.000635732452342576+0.*I,0.0006357324511657368+0.*I,-0.0003178662243504362-3.064696395655584*^-11*I,-0.0003178662231734866+2.6657296485517895*^-11*I,-0.00031786622340682064-2.6863713514685234*^-11*I
0.002781687247014828,0.0006841047723266378+0.*I,0.0006841047725777587+0.*I,0.0006841047713116061+0.*I,-0.00034205238413865483-3.346253108021519*^-11*I,-0.00034205238287237836+2.90064123653863*^-11*I,-0.00034205238312349265-2.923696260316895*^-11*I
0.0028163804157512007,0.0007361384788370124+0.*I,0.0007361384791072615+0.*I,0.000736138477745048+0.*I,-0.00036806923701865254-3.653762954340069*^-11*I,-0.00036806923565629987+3.156064792016884*^-11*I,-0.00036806923592654165-3.1818146515080045*^-11*I
0.0028515062772564203,0.0007921087163155542+0.*I,0.0007921087166063801+0.*I,0.0007921087151408508+0.*I,-0.0003960543553190552-3.9896276155735215*^-11*I,-0.0003960543538533698+3.433769075928526*^-11*I,-0.00039605435414418746-3.46252803145415*^-11*I
0.0028870702280693115,0.0008523110994927838+0.*I,0.0008523110998057439+0.*I,0.0008523110982290987+0.*I,-0.00042615554639470845-4.356472019445137*^-11*I,-0.00042615554481788823+3.735672734215047*^-11*I,-0.0004261555451308391-3.7677915886315804*^-11*I
0.002923077732034275,0.0009170632146768083+0.*I,0.0009170632150135766+0.*I,0.0009170632133174296+0.*I,-0.0004585316033875776-4.7571651929770176*^-11*I,-0.0004585316016912344+4.063856689062819*^-11*I,-0.00045853160202799243-4.099727018339001*^-11*I
0.0029595343211407015,0.0009867062291946179+0.*I,0.0009867062295569936+0.*I,0.0009867062277323293+0.*I,-0.0004933531099471297-5.194843077348902*^-11*I,-0.0004933531081222452+4.420577509899561*^-11*I,-0.0004933531084846097-4.460636388348537*^-11*I
0.0029964455963728824,0.0010616066162778043+0.*I,0.001061606616667722+0.*I,0.0010616066147048474+0.*I,-0.0005308033026728842-5.672933479313219*^-11*I,-0.000530803300709763+4.808281853195373*^-11*I,-0.0005308033010996681-4.8530171170856683*^-11*I
0.003033817228570533,0.0011421580034185089+0.*I,0.0011421580038380472+0.*I,0.0011421580017265424+0.*I,-0.0005710789952920296-6.195183371834375*^-11*I,-0.0005710789931802486+5.229622034820856*^-11*I,-0.000571078993599773-5.2795781553940453*^-11*I
0.0030716549592999898,0.0012287831527524736+0.*I,0.0012287831532038667+0.*I,0.0012287831509325297+0.*I,-0.0006143915688505357-6.765688760602055*^-11*I,-0.0006143915665788893+5.687472830481229*^-11*I,-0.0006143915670302671-5.743257464798328*^-11*I
0.003109964601736349,0.0013219360825900868+0.*I,0.0013219360830757354+0.*I,0.001321936080632524+0.*I,-0.0006609680324781968-7.38892735559498*^-11*I,-0.0006609680300346388+6.18494959105085*^-11*I,-0.0006609680305202704-6.247240879167343*^-11*I
0.0031487520415565415,0.0014221043398132648+0.*I,0.0014221043403357485+0.*I,0.001422104337707717+0.*I,-0.000711052159586518-8.069794317531509*^-11*I,-0.0007110521569580987+6.72542776074219*^-11*I,-0.0007110521574805637-6.794982472303007*^-11*I
0.0031880232378436,0.001529811433489813+0.*I,0.0015298114340519032+0.*I,0.0015298114312251357+0.*I,-0.0007649057046752542-8.813641376293401*^-11*I,-0.0007649057018480527+7.312563915256012*^-11*I,-0.0007649057024101225-7.390226521438017*^-11*I
0.003227784224002158,0.0016456194407270701+0.*I,0.0016456194413317449+0.*I,0.0016456194382912818+0.*I,-0.0008228097062584882-9.626319612549506*^-11*I,-0.0008228097032175398+7.950318411259271*^-11*I,-0.0008228097038221919-8.037031205867333*^-11*I
0.0032680411086853955,0.001770131796496963+0.*I,0.0017701317971474209+0.*I,0.0017701317938771815+0.*I,-0.000885065881776298-1.0514226294718558*^-10*I,-0.0008850658785055163+8.642979773596024*^-11*I,-0.000885065879155949-8.739794153176793*^-11*I
0.003308800076733549,0.0019039962799153008+0.*I,0.0019039962806149775+0.*I,0.001903996277097676+0.*I,-0.0009519981207334081-1.1484356100524628*^-10*I,-0.0009519981172155006+9.395190937823142*^-11*I,-0.0009519981179151496-9.503279973856746*^-11*I
0.0033500673901240927,0.002047908210251971+0.*I,0.002047908211004556+0.*I,0.0020479082072216116+0.*I,-0.001023954082703135-1.254435718570995*^-10*I,-0.0010239540789195134+1.021197747807542*^-10*I,-0.0010239540796720685-1.0332649927151152*^-10*I
0.003391849388933819,0.0022026138667877284+0.*I,0.0022026138675971855+0.*I,0.002202613863528624+0.*I,-0.0011013069072544482-1.3702592529762205*^-10*I,-0.0011013069031851313+1.1098777947753726*^-10*I,-0.0011013069039945552-1.1233493870223268*^-10*I
0.003434152492312865,0.002368914147518061+0.*I,0.002368914148388644+0.*I,0.002368914144012996+0.*I,-0.00118445704330236-1.4968207057319567*^-10*I,-0.0011844570389258691+1.2061476492122202*^-10*I,-0.0011844570397964165-1.221186465502427*^-10*I
0.0034769831994709436,0.002547668482639251+0.*I,0.0025476684835755298+0.*I,0.0025476684788697168+0.*I,-0.001273834205849171-1.6351201114248312*^-10*I,-0.0012738342011424178+1.3106437869078713*^-10*I,-0.0012738342020786574-1.3274315136932042*^-10*I
0.0035203480906758193,0.0027397990197354496+0.*I,0.0027397990207423287+0.*I,0.0027397990156815427+0.*I,-0.0013698994685759406-1.7862510838623172*^-10*I,-0.0013698994635141072+1.4240545045638452*^-10*I,-0.0013698994645209434-1.442793798805687*^-10*I
0.0035642538282642695,0.0029462950986229846+0.*I,0.0029462950997057283+0.*I,0.0029462950942633036+0.*I,-0.0014731475012622534-1.9514096153681749*^-10*I,-0.001473147495818662+1.5471239539995526*^-10*I,-0.0014731474969013592-1.5680408493354055*^-10*I
0.003608707157665677,0.0031682180348988334+0.*I,0.003168218036063092+0.*I,0.0031682180302103633+0.*I,-0.0015841089615576916-2.1319037025860515*^-10*I,-0.0015841089557036643+1.6806564658667268*^-10*I,-0.0015841089568678728-1.704003055332341*^-10*I
0.0036537149084383083,0.0034067062323864463+0.*I,0.003406706233638284+0.*I,0.0034067062273444378+0.*I,-0.00170335305120155-2.3291638838835113*^-10*I,-0.00170335304490626+1.8255211861748392*^-10*I,-0.0017033530461580434-1.8515786076263423*^-10*I
0.0036992839953186155,0.0036629806458779494+0.*I,0.0036629806472238727+0.*I,0.003662980640455787+0.*I,-0.0018314902473902418-2.544754770330128*^-10*I,-0.001831490240620551+1.982657038954605*^-10*I,-0.001831490241966416-2.0117388019214395*^-10*I
0.003745421419283541,0.003938350616833613+0.*I,0.003938350618280601+0.*I,0.0039383506110026705+0.*I,-0.001969175220622758-2.7803876644015865*^-10*I,-0.0019691752133430434+2.1530780379414086*^-10*I,-0.0019691752147899698-2.185533728492809*^-10*I
0.003792134268626142,0.0042342201060254145+0.*I,0.004234220107580957+0.*I,0.004234220099754902+0.*I,-0.002117109951017507-3.0379343710910164*^-10*I,-0.0021171099431894743+2.3378789694515234*^-10*I,-0.0021171099447449496-2.374098374943508*^-10*I
0.0038394297200445657,0.004552094348496096+0.*I,0.004552094350168221+0.*I,0.0045520943417528955+0.*I,-0.0022760470557861333-3.3194423131000885*^-10*I,-0.002276047047368613+2.538241462372388*^-10*I,-0.002276047049040668-2.578659164285597*^-10*I
0.003887315039744649,0.004893586957655572+0.*I,0.004893586959452891+0.*I,0.004893586950404057+0.*I,-0.002446793341275113-3.6271510731503873*^-10*I,-0.002446793332223847+2.755440472263702*^-10*I,-0.002446793334021092-2.800540960440924*^-10*I
0.00393579758455627,0.005260427506848619+0.*I,0.005260427508780367+0.*I,0.005260427499050462+0.*I,-0.0026302135937419672-3.963510497157074*^-10*I,-0.0026302135840093727+2.9908511994268163*^-10*I,-0.002630213585941042-3.0411745631292244*^-10*I
0.003984884803063581,0.005654469618304909+0.*I,0.005654469620380979+0.*I,0.005654469609918874+0.*I,-0.0028272346238214564-4.331200508533989*^-10*I,-0.0028272346133563758+3.245956463771622*^-10*I,-0.002827234615432366-3.3021047282183946*^-10*I
0.0040345842367494,0.006077699591025342+0.*I,0.006077699593256344+0.*I,0.006077699582007059+0.*I,-0.0030388495804585546-4.733152791381921*^-10*I,-0.0030388495692059837+3.5223545605898137*^-10*I,-0.003038849571436903-3.5849987374545023*^-10*I
0.004084903521153809,0.006532245600863093+0.*I,0.006532245603260391+0.*I,0.0065322455911648114+0.*I,-0.003266122550937188-5.17257452213731*^-10*I,-0.003266122538837983+3.8217676178535816*^-10*I,-0.003266122541235199-3.891655552438099*^-10*I
0.004135850387047266,0.007020387507829742+0.*I,0.007020387510405514+0.*I,0.007020387497400075+0.*I,-0.003510193464519695-5.652974339673369*^-10*I,-0.00351019345151026+4.146050483674993*^-10*I,-0.0035101934540859507-4.224015584492773*^-10*I
0.004187432661618289,0.007544567307487347+0.*I,0.007544567310254636+0.*I,0.007544567296270979+0.*I,-0.003772283318127138-6.178190766199471*^-10*I,-0.0037722833041390854+4.497200158970296*^-10*I,-0.0037722833069062946-4.5841711118820287*^-10*I
0.004239658269675997,0.00810740026518248+0.*I,0.008107400268155254+0.*I,0.008107400253119868+0.*I,-0.004053699743438166-6.752423311667268*^-10*I,-0.004053699728397949+4.87736580671953*^-10*I,-0.004053699731370647-4.974377378538446*^-10*I
0.004292535234867639,0.008711686773829053+0.*I,0.008711686777022262+0.*I,0.008711686760856078+0.*I,-0.004355842935759452-7.380266508748176*^-10*I,-0.004355842919587968+5.288859351599188*^-10*I,-0.0043558429227811115-5.397064405197327*^-10*I
0.0043460716809112735,0.009360424977953318+0.*I,0.009360424981382972+0.*I,0.009360424964000944+0.*I,-0.004680211966023979-8.066747156958083*^-10*I,-0.004680211948636148+5.734166694085148*^-10*I,-0.004680211952065746-5.854849553833887*^-10*I
0.004400275832843898,0.010056824208774726+0.*I,0.01005682421245795+0.*I,0.010056824193768597+0.*I,-0.005028411498303501-8.817365080372501*^-10*I,-0.005028411479607803+6.215959561801496*^-10*I,-0.005028411483290989-6.350550872205041*^-10*I
0.004455156018285041,0.010804319277196453+0.*I,0.010804319281151572+0.*I,0.010804319261056475+0.*I,-0.005402158936271537-9.638137718201398*^-10*I,-0.005402158916169517+6.737108005490276*^-10*I,-0.005402158920124618-6.887201250504411*^-10*I
0.004510720668716218,0.011606585673728607+0.*I,0.011606585677975215+0.*I,0.011606585656368481+0.*I,-0.0058032920231276975-1.0535648921544085*^-9*I,-0.0058032920015134255+7.300693560293031*^-10*I,-0.005803292005760048-7.468063426346028*^-10*I
0.004566978320776264,0.012467555726537965+0.*I,0.01246755573109702+0.*I,0.0124675557078647+0.*I,-0.006233776920579563-1.1517102336136501*^-9*I,-0.006233776897339059+7.910023090520987*^-10*I,-0.006233776901898164-8.096645875648994*^-10*I
0.0046239376175728686,0.01339143577102246+0.*I,0.013391435775916354+0.*I,0.013391435750935822+0.*I,-0.006695716793580293-1.2590379806188836*^-9*I,-0.006695716768590896+8.568643306860212*^-10*I,-0.00669571677348489-8.776719598569664*^-10*I
0.004681607310010464,0.014382724386519052+0.*I,0.014382724391771719+0.*I,0.014382724364910985+0.*I,-0.007191360928625306-1.3764105268202033*^-9*I,-0.007191360901754999+9.280355972050989*^-10*I,-0.007191360907007825-9.512335850030301*^-10*I
0.004739996258134639,0.015446231757967561+0.*I,0.015446231763604561+0.*I,0.015446231734721542+0.*I,-0.007723114414518142-1.5047714641858018*^-9*I,-0.0077231143856248165+1.004923379674802*^-9*I,-0.0077231143912620545-1.030784482010041*^-9*I
0.004799113432493377,0.01658710022255635+0.*I,0.01658710022860498+0.*I,0.016587100197546695+0.*I,-0.008293548415617115-1.6451532286736347*^-9*I,-0.00829354838454778+1.0879636990665018*^-9*I,-0.008293548390596745-1.1167915292431982*^-9*I
0.004858967915515205,0.01781082606354329+0.*I,0.017810826070032683+0.*I,0.017810826036634406+0.*I,-0.008905411068657934-1.7986854606107618*^-9*I,-0.008905411035247859+1.1776230490754843*^-9*I,-0.008905411041737704-1.2097555301533238*^-9*I
0.004919568902904606,0.019123282615574014+0.*I,0.019123282622535254+0.*I,0.019123282586619567+0.*I,-0.009561639035311507-1.9666041511312517*^-9*I,-0.00956163899938328+1.2744001790631884*^-9*I,-0.009561639006345123-1.3102133773847493*^-9*I
0.00498092570505476,0.02053074474786875+0.*I,0.020530744755334993+0.*I,0.020530744716710774+0.*I,-0.010265369743660572-2.150261640312202*^-9*I,-0.010265369705023102+1.3788279380890074*^-9*I,-0.010265369712490124-1.4187403190282725*^-9*I
0.005043047748477953,0.02203991479361576+0.*I,0.02203991480162235+0.*I,0.02203991476008368+0.*I,-0.011019954352761763-2.351137553094615*^-9*I,-0.011019954311209185+1.4914751709882055*^-9*I,-0.01101995431921677-1.5359523215846312*^-9*I
0.005105944577253834,0.023657949995747593+0.*I,0.02365795000433219+0.*I,0.023657949959657157+0.*I,-0.011828971475378602-2.570850753594392*^-9*I,-0.011828971430689079+1.61294866333108*^-9*I,-0.011828971439274936-1.6625085338212966*^-9*I
0.005169625854495671,0.02539249154096593+0.*I,0.025392491550168646+0.*I,0.025392491502118045+0.*I,-0.012696241694815114-2.8111724132087644*^-9*I,-0.01269624164674956+1.7438951240886883*^-9*I,-0.012696241655953856-1.7991138418494658*^-9*I
0.005234101363834977,0.02725169525539092+0.*I,0.027251695265254457+0.*I,0.02725169521357039+0.*I,-0.01362584291253456-3.074040296912776*^-9*I,-0.013625842860835236+1.8850031975604663*^-9*I,-0.013625842870700736-1.9465215168601524*^-9*I
0.00529938101092459,0.02924426403648532+0.*I,0.02924426404705511+0.*I,0.029244263991459445+0.*I,-0.014622126563884256-3.361574374526611*^-9*I,-0.01462212650827325+2.037005492503331*^-9*I,-0.014622126518845462-2.1055359469773494*^-9*I
0.005365474824960532,0.03137948209692394+0.*I,0.031379482108248286+0.*I,0.031379482048441015+0.*I,-0.015689734739757124-3.676093881373105*^-9*I,-0.0156897346799347+2.2006806113216836*^-9*I,-0.01568973469126202-2.2770154440098387*^-9*I
0.005432392960222823,0.033667251096775+0.*I,0.03366725110890524+0.*I,0.03366725104456263+0.*I,-0.016833618252367833-4.020135958179427*^-9*I,-0.016833618188010626+2.3768551666538573*^-9*I,-0.016833618200144503-2.461875119534014*^-9*I
0.005500145697635538,0.03611812824069394+0.*I,0.036118128253684594+0.*I,0.036118128184457234+0.*I,-0.018059055683487642-4.3964760139360615*^-9*I,-0.018059055614246713+2.566405757099142*^-9*I,-0.01805905562724179-2.6610898126401295*^-9*I
0.005568743446346323,0.038743366416734704+0.*I,0.03874336643064362+0.*I,0.03874336635615429+0.*I,-0.019371673453433397-4.808149965657393*^-9*I,-0.019371673378932086+2.7702608842747053*^-9*I,-0.019371673392846372-2.8756970587543996*^-9*I
0.005638196745325563,0.04155495645279269+0.*I,0.04155495646768124+0.*I,0.04155495638752251+0.*I,-0.020777466948809543-5.258478527045658*^-9*I,-0.020777466868641164+2.989402780302765*^-9*I,-0.020777466883536197-3.10680007760126*^-9*I
0.0057085162649855746,0.044565671565552155+0.*I,0.044565671581485354+0.*I,0.044565671495217084+0.*I,-0.022282822746430377-5.751093725061834*^-9*I,-0.022282822660155674+3.2248691092559484*^-9*I,-0.02228282267609669-3.3555707616670885*^-9*I
0.005779712808819898,0.047789114075004004+0.*I,0.0477891140920507+0.*I,0.04778911399919719+0.*I,-0.023894541969944675-6.289967846214123*^-9*I,-0.023894541877089063+3.4777545129843137*^-9*I,-0.023894541894145152-3.62325263485906*^-9*I
0.005851797315063138,0.05123976445509245+0.*I,0.05123976447332549+0.*I,0.05123976437337248+0.*I,-0.02561986481442978-6.879445028078646*^-9*I,-0.025619864714480346+3.7492119437873234*^-9*I,-0.025619864732724637-3.911163755604342*^-9*I
0.005924780858371402,0.054933032787686416+0.*I,0.05493303280718278+0.*I,0.054933032699574065+0.*I,-0.027466496272539068-7.524275727014377*^-9*I,-0.027466496164941255+4.040453747762384*^-9*I,-0.027466496184451065-4.220699524929598*^-9*I
0.005998674651523776,0.05888531268281151+0.*I,0.05888531270365246+0.*I,0.05888531258778627+0.*I,-0.029442633093654587-8.229654320004032*^-9*I,-0.029442632977808626+4.352752431778376*^-9*I,-0.02944263299866563-4.5533353582249005*^-9*I
0.006073490047145001,0.06311403772275374+0.*I,0.06311403774502501+0.*I,0.06311403762025002+0.*I,-0.0315569920048322-9.001260107744501*^-9*I,-0.03155699188008916+4.687441049170472*^-9*I,-0.03155699190237956-4.910629175638588*^-9*I
0.006149238539449591,0.06763774048116701+0.*I,0.06763774050495892+0.*I,0.06763774037056984+0.*I,-0.033818839219084136-9.845302023309819*^-9*I,-0.03381883908474164+5.045913131755363*^-9*I,-0.03381883910855629-5.294223648862967*^-9*I
0.0062259317660077855,0.07247611416055198+0.*I,0.07247611418595956+0.*I,0.07247611404119236+0.*I,-0.036238021252658764-1.0768567356023743*^-8*I,-0.036238021107956285+5.429622087420226*^-9*I,-0.03623802113339085-5.705848149154694*^-9*I
0.006303581509533421,0.07765007688223706+0.*I,0.07765007690936017+0.*I,0.07765007675338684+0.*I,-0.03882499706835557-1.177847485274937*^-8*I,-0.038824996912469274+5.840079956999804*^-9*I,-0.038824996939624365-6.147320318478716*^-9*I
0.00638219969969424,0.08318183865220614+0.*I,0.08318183868114955+0.*I,0.08318183851307233+0.*I,-0.041590871556516175-1.288313254594644*^-8*I,-0.04159087138855328+6.278855430592225*^-9*I,-0.04159087141753455-6.62054718122552*^-9*I
0.006461798414944616,0.08909497101350353+0.*I,0.08909497104437701+0.*I,0.08909497086322206+0.*I,-0.04454743035902086-1.4091400729348671*^-8*I,-0.044547430178013485+6.747571005170479*^-9*I,-0.04454743020893172-7.127525700029782*^-9*I
0.006542389884381261,0.09541447938146137+0.*I,0.09541447941437971+0.*I,0.09541447921909017+0.*I,-0.04770717603437243-1.5412960516004872*^-8*I,-0.04770717583927079+7.247899136848443*^-9*I,-0.047707175872241984-7.670342684813813*^-9*I
0.006623986489622045,0.10216687804130356+0.*I,0.10216687807638664+0.*I,0.10216687786581498+0.*I,-0.05108336555359768-1.6858388414577413*^-8*I,-0.05108336534326264+7.781557247487012*^-9*I,-0.05108336537840803-8.251173907869905*^-9*I
0.006706600766708201,0.10938026776867872+0.*I,0.10938026780605135+0.*I,0.10938026757895104+0.*I,-0.054690049107189526-1.8439237471283888*^-8*I,-0.0546900488803845+8.350301409014621*^-9*I,-0.05469004891783056-8.872282318122277*^-9*I
0.0067902454080303355,0.11708441601211567+0.*I,0.11708441605190767+0.*I,0.11708441580692389+0.*I,-0.05854211019252622-2.016812546636361*^-8*I,-0.05854210994790819+8.95591852296979*^-9*I,-0.05854210998778658-9.536015185059667*^-9*I
0.006874933264278368,0.1253108395519949+0.*I,0.12531083959434083+0.*I,0.1253108393300004+0.*I,-0.06265530693899501-2.2058830769681413*^-8*I,-0.06265530667510469+9.600216778033679*^-9*I,-0.06265530671755218-1.0244800008999266*^-8*I
0.006960677346415887,0.13409288952323892+0.*I,0.13409288956827797+0.*I,0.13409288928297808+0.*I,-0.06704631461434338-2.412639646146277*^-8*I,-0.0670463143295944+1.0285014153400167*^-8*I,-0.06704631437475271-1.1001139014850491*^-8*I
0.007047490827679039,0.14346583865816173+0.*I,0.14346583870603735+0.*I,0.14346583839803345+0.*I,-0.07173276924038845-2.6387243380913355*^-8*I,-0.07173276893305558+1.1012124730742015*^-8*I,-0.07173276898107114-1.1807602001208064*^-8*I
0.007135387045600407,0.15346697057163117+0.*I,0.15346697062249082+0.*I,0.15346697028988293+0.*I,-0.07673331222906007-2.8859292788295938*^-8*I,-0.07673331189726608+1.1783342480631998*^-8*I,-0.07673331194828978-1.266681733733971*^-8*I
0.007224379504058137,0.1641356708724949+0.*I,0.16413567092648942+0.*I,0.16413567056720735+0.*I,-0.08206763593063705-3.156209941328108*^-8*I,-0.08206763557233843+1.26004222783727*^-8*I,-0.08206763562652511-1.3581460829183958*^-8*I
0.007314481875350542,0.1755135198428509+0.*I,0.17551351990013409+0.*I,0.17551351951192087+0.*I,-0.08775652996483643-3.451699565446178*^-8*I,-0.0877565295778076+1.346505773949419*^-8*I,-0.0877565296353157-1.4554242158608002*^-8*I
0.007405708002296704,0.18764438637993486+0.*I,0.1876443864406626+0.*I,0.18764438602105651+0.*I,-0.09382192818199274-3.774724779261626*^-8*I,-0.09382192776380872+1.4378855532925955*^-8*I,-0.09382192782479956-1.5587888622717832*^-8*I
0.007498071900363141,0.20057452284369243+0.*I,0.20057452290802197+0.*I,0.20057452245433652+0.*I,-0.10028695607569292-4.127822512512409*^-8*I,-0.1002869556237103+1.5343305741766576*^-8*I,-0.1002869556883473-1.6685125765214935*^-8*I
0.007591587759817123,0.21435266039637957+0.*I,0.21435266046446833+0.*I,0.2143526599737703+0.*I,-0.10717597843984707-4.513758290176665*^-8*I,-0.10717597795118294+1.6359747821589498*^-8*I,-0.10717597801963077-1.7848654576816495*^-8*I
0.0076862699479067365,0.22903010435822038+0.*I,0.22903010443022473+0.*I,0.22903010389930983+0.*I,-0.11451464703199359-4.935546013746239*^-8*I,-0.11451464650350254+1.7429331661404952*^-8*I,-0.11451464657592593-1.9081124782162552*^-8*I
0.007782133011068198,0.24466082903513647+0.*I,0.2446608291112103+0.*I,0.24466082853657647+0.*I,-0.12232994797060089-5.3964693286482*^-8*I,-0.12232994739884955+1.8552973195746408*^-8*I,-0.12232994747541208-2.0385103816856386*^-8*I
0.007879191677160745,0.26130157140033583+0.*I,0.2613015714806287+0.*I,0.26130157085844663+0.*I,-0.13065024855698287-5.900104688783622*^-8*I,-0.13065024793822202+1.9731303982025836*^-8*I,-0.13065024801908448-2.1763040956463897*^-8*I
0.007977460857729232,0.2790119229308155+0.*I,0.2790119230154708+0.*I,0.27901192234155114+0.*I,-0.13950534317204305-6.450346231591174*^-8*I,-0.13950534250217678+2.096461412737363*^-8*I,-0.13950534258749547-2.3217226044279975*^-8*I
0.00807695565029516,0.29785441881243974+0.*I,0.29785441890159203+0.*I,0.2978544181713498+0.*I,-0.14892649785432543-7.051432584627138*^-8*I,-0.14892649712887737+2.2252787841139966*^-8*I,-0.1489264972188019-2.474974226972177*^-8*I
0.008177691340676098,0.3178946236325072+0.*I,0.31789462372627986+0.*I,0.31789462293469445+0.*I,-0.15894649311843176-7.707975723844706*^-8*I,-0.15894649233250782+2.3595230902505828*^-8*I,-0.15894649242717884-2.636241228810352*^-8*I
0.00827968340533417,0.33920121257682256+0.*I,0.33920121267532427+0.*I,0.339201211816896+0.*I,-0.16959966452186515-8.424992007149751*^-8*I,-0.16959966367011267+2.499078922299525*^-8*I,-0.16959966376965885-2.805673710490346*^-8*I
0.008382947513753722,0.36184604703848444+0.*I,0.3618460471418059+0.*I,0.36184604621050764+0.*I,-0.1809219404334029-9.207935522276193*^-8*I,-0.18092193950996552+2.643765766577655*^-8*I,-0.1809219396145005-2.983382679835654*^-8*I
0.008487499530848713,0.3859042434280963+0.*I,0.38590424353630587+0.*I,0.38590424252552996+0.*I,-0.19295087639728617-1.0062733866463008*^-7*I,-0.1929508753957543+2.7933278165782644*^-8*I,-0.19295087550537313-3.169432249868855*^-8*I
0.008593355519400136,0.41145423384937146+0.*I,0.41145423396251046+0.*I,0.4114542328650102+0.*I,-0.20572568542457734-1.0995826506288093*^-7*I,-0.20572568433793395+2.9474226286193863*^-8*I,-0.20572568445270856-3.3638308571976136*^-8*I
0.008700531742523755,0.4385778171702234+0.*I,0.438577817288301+0.*I,0.4385778160961256+0.*I,-0.21928726347601918-1.2014205837114767*^-7*I,-0.2192872622965798+3.105608497269063*^-8*I,-0.21928726241655463-3.5665214240092704*^-8*I
0.008809044666168745,0.4673601988773499+0.*I,0.4673601990003367+0.*I,0.46736019770476067+0.*I,-0.23367820932960348-1.3125461080238595*^-7*I,-0.23367820804895068+3.267330467550297*^-8*I,-0.23367820817413698-3.7773703586864666*^-8*I
0.008918910961647365,0.497890017951833+0.*I,0.49789001807965444+0.*I,0.49789001667109867+0.*I,-0.24894283795071961-1.4337825152594098*^-7*I,-0.24894283655963081+3.431904844495643*^-8*I,-0.24894283669000075-3.996155295797338*^-8*I
0.009030147508196298,0.5302593588449122+0.*I,0.5302593589774406+0.*I,0.5302593574453861+0.*I,-0.2651271864034675-1.5660224611607343*^-7*I,-0.26512718489183584+3.5985020995684266*^-8*I,-0.2651271850273156-4.2225514657925286*^-8*I
0.009142771395569838,0.5645637464666023+0.*I,0.5645637466036485+0.*I,0.5645637449365413+0.*I,-0.2822790112583625-1.7102332823531865*^-7*I,-0.28227900961511015+3.7661280282923926*^-8*I,-0.2822790097555722-4.456116585265818*^-8*I
0.009256799926665471,0.6009021219260848+0.*I,0.6009021220673875+0.*I,0.6009021202525342+0.*I,-0.3004477763646626-1.8674626424155032*^-7*I,-0.3004477745776456+3.933603054148875*^-8*I,-0.3004477747228998-4.696274147037876*^-8*I
0.009372250620182262,0.6393767965819306+0.*I,0.639376796727146+0.*I,0.6393767947505985+0.*I,-0.31968462976497736-2.0388445197046052*^-7*I,-0.31968462782088153+4.0995395142550815*^-8*I,-0.31968462797066566-4.9422949832757476*^-8*I
0.009489141213312203,0.680093381773067+0.*I,0.6800933819217564+0.*I,0.6800933797681854+0.*I,-0.3400423684360946-2.225605542329463*^-7*I,-0.3400423663203211+4.2623168270046436*^-8*I,-0.34004236647429004-5.193276990629286*^-8*I
0.009607489664465374,0.7231606914091988+0.*I,0.7231606915608143+0.*I,0.7231606892133704+0.*I,-0.36157538944369627-2.429071676091823*^-7*I,-0.36157538714023707+4.4200543661829276*^-8*I,-0.36157538729795036-5.448122871612418*^-8*I
0.009727314156028883,0.7686906144024969+0.*I,0.7686906145563667+0.*I,0.7686906119965278+0.*I,-0.38433962600001376-2.650675268689283*^-7*I,-0.38433962349131506+4.570581931747108*^-8*I,-0.38433962365222374-5.705515780841738*^-8*I
0.009848633097160386,0.8167979537232396+0.*I,0.8167979538785499+0.*I,0.8167979510859542+0.*I,-0.40839246681371444-2.8919624492103367*^-7*I,-0.4083924640805281+4.7114076695274235*^-8*I,-0.4083924642439593-5.963892722766727*^-8*I
0.00997146512661629,0.8676002286613467+0.*I,0.8676002288171232+0.*I,0.8676002257693853+0.*I,-0.4337926570207388-3.1546008778162257*^-7*I,-0.433792654041959+4.8396833077318514*^-8*I,-0.4337926542070999-6.221415605834748*^-8*I
0.01009582911561534,0.9212174366763921+0.*I,0.9212174368314785+0.*I,0.9212174335039891+0.*I,-0.46060017888490834-3.4403878384176036*^-7*I,-0.460600175637395+4.952166583319361*^-8*I,-0.4606001758032739-6.475939799460471*^-8*I
0.010221744170737922,0.9777717710222851+0.*I,0.9777717711753197+0.*I,0.977771767541025+0.*I,-0.48887611035869777-3.7512586583097276*^-7*I,-0.48887610681708316+5.045180756359325*^-8*I,-0.48887610698254935-6.724980089355426*^-8*I
0.010349229636861409,1.0373872901426655+0.*I,1.0373872902920547+0.*I,1.037387286321217+0.*I,-0.5186824594992465-4.089295435514844*^-7*I,-0.5186824556357258+5.1145710804041096*^-8*I,-0.5186824557994271-6.965673928001356*^-8*I
0.010478305100132285,1.1001895346523674+0.*I,1.1001895347962576+0.*I,1.100189530456192+0.*I,-0.5500819726440832-4.4567360442531863*^-7*I,-0.550081968428186+5.155658180776117*^-8*I,-0.5500819685885442-7.194741876171133*^-8*I
0.010608990390975171,1.1663050875522887+0.*I,1.1663050876885344+0.*I,1.1663050829433226+0.*I,-0.5831379141667612-4.855983385361841*^-7*I,-0.5831379095651045+5.1631882403981185*^-8*I,-0.5831379097202882-7.408445155342169*^-8*I
0.01074130558713954,1.2358610731747264+0.*I,1.2358610733008544+0.*I,1.2358610681110336+0.*I,-0.6179138155571913-5.289614831950491*^-7*I,-0.6179138105332116+5.131279983728103*^-8*I,-0.6179138106811064-7.60254026132747*^-8*I
0.010875271016784267,1.3089845902274646+0.*I,1.3089845903406372+0.*I,1.3089845846628592+0.*I,-0.654473191506796-5.76039181800471*^-7*I,-0.654473186020459+5.053368447416433*^-8*I,-0.6544731861586354-7.772230602378619*^-8*I
0.011010907261600781,1.385802074204132+0.*I,1.3858020743011035+0.*I,1.3858020680877658+0.*I,-0.6928792206279413-6.271269495583779*^-7*I,-0.6928792146354292+4.922145559509747*^-8*I,-0.6928792147611069-7.912115155817773*^-8*I
0.011148235159975138,1.4664385843605596+0.*I,1.466438584437631+0.*I,1.4664385776364774+0.*I,-0.7331943884029472-6.82540638304288*^-7*I,-0.7331943818563215+4.729497662500117*^-8*I,-0.7331943819663308-8.01613420308122*^-8*I
0.01128727581018943,1.5510170104294954+0.*I,1.5510170104824643+0.*I,1.5510170030361492+0.*I,-0.7754800899440236-7.426173900687977*^-7*I,-0.7754800827908614+4.466440040593719*^-8*I,-0.7754800828816016-8.077512203074633*^-8*I
0.011428050573663343,1.6396571942665188+0.*I,1.639657194290624+0.*I,1.6396571861362432+0.*I,-0.8197961901554949-8.077165679612175*^-7*I,-0.8197961823384992+4.123048754893515*^-8*I,-0.8197961824058928-8.088697926033025*^-8*I
0.011570581078235838,1.732474961695534+0.*I,1.7324749616853965+0.*I,1.7324749527539802+0.*I,-0.866200538927233-8.782206508549821*^-7*I,-0.8662005303838148+3.688389996758615*^-8*I,-0.8662005304232591-8.041302144682835*^-8*I
0.011714889221488079,1.8295810599637055+0.*I,1.829581059913263+0.*I,1.829581050129228+0.*I,-0.9147484390588125-9.545360755794135*^-7*I,-0.914748429720644+3.150447404763687*^-8*I,-0.9147484297269571-7.926033024770345*^-8*I
0.011860997174107551,1.9310799964302598+0.*I,1.931079996332698+0.*I,1.9310799856132594+0.*I,-0.965492064721079-1.0370940092743652*^-6*I,-0.9654920545136169+2.4960477269378202*^-8*I,-0.9654920544809822-7.732629659852545*^-8*I
0.012008927383294276,2.037068774414457+0.*I,2.0370687742621323+0.*I,2.037068762516672+0.*I,-1.0184798284122494-1.1263510299528077*^-6*I,-1.0184798172542286+1.710785567448156*^-8*I,-1.0184798171761327-7.449794207086975*^-8*I
0.012158702576209516,2.147635522524303+0.*I,2.147635522308662+0.*I,2.1476355094380524+0.*I,-1.073755694563888-1.2227896928790979*^-6*I,-1.0737556823667842+7.789477875442936*^-9*I,-1.0737556822359517-7.065123153605493*^-8*I
0.01231034576346735,2.262858014292476+0.*I,2.2628580140039682+0.*I,2.262857999899847+0.*I,-1.131358438204756-1.32691895461204*^-6*I,-1.1313584248722177-3.1656145258817985*^-9*I,-1.1313584246805424-6.565038411026221*^-8*I
0.01246388024267001,2.382802075572379+0.*I,2.3828020752003614+0.*I,2.3828020597443627+0.*I,-1.1913208474041428-1.4392744251997107*^-6*I,-1.1913208328313933-1.5942940211198735*^-8*I,-1.191320832569864-5.9347191043649117*^-8*I
0.012619329601987068,2.507519877907189+0.*I,2.5075198774398277+0.*I,2.507519860502764+0.*I,-1.253668868596819-1.5604184148127633*^-6*I,-1.2536688526700297-3.074328269353861*^-8*I,-1.2536688523286517-5.158034986265513*^-8*I
0.012776717723779517,2.6370481169945275+0.*I,2.63704811641869+0.*I,2.637048097859683+0.*I,-1.318420694347436-1.6909397366004226*^-6*I,-1.31842067694307-4.778335226675029*^-8*I,-1.318420676510784-4.217482661238473*^-8*I
0.012936068788268817,2.771406076440533+0.*I,2.771406075741674+0.*I,2.7714060554072435+0.*I,-1.3855857936488583-1.8314532239339851*^-6*I,-1.3855857746329903-6.72963884736847*^-8*I,-1.3855857740975854-3.0941259404440966*^-8*I
0.013097407277251845,2.91059357824714+0.*I,2.9105935774091836+0.*I,2.9105935551322837+0.*I,-1.4551638854753368-1.982598916258401*^-6*I,-1.45516386470295-8.953268484629642*^-8*I,-1.4551638640509736-1.7675419052584658*^-8*I
0.013260757977862189,3.054588822917603+0.*I,3.054588821922816+0.*I,3.05458879752183+0.*I,-1.527143857033854-2.1450408622493784*^-6*I,-1.5271438343481152-1.1476001352087845*^-7*I,-1.527143833564781-2.1577439678664937*^-9*I
0.0134261459863782,3.2033461237136165+0.*I,3.203346122542474+0.*I,3.2033460958201694+0.*I,-1.6015026289833925-2.3194654859581785*^-6*I,-1.6015026042149167-1.4326392717009468*^-7*I,-1.6015026032840063+1.5847029920694604*^-8*I
0.013593596712078746,3.356793541467017+0.*I,3.356793540098069+0.*I,3.3567935108405087+0.*I,-1.6782039708294922-2.5065794542254802*^-6*I,-1.6782039437955962-1.7534790908738114*^-7*I,-1.678203942699362+3.659012291427964*^-8*I
0.01376313588114689,3.514830428451762+0.*I,3.514830426861488+0.*I,3.514830394836917+0.*I,-1.757197270756217-2.707106982266004*^-6*I,-1.7571972412601715-2.1133334342810745*^-7*I,-1.7571972399792373+6.033882163999326*^-8*I
0.013934789540622342,3.677324892171819+0.*I,3.6773248903344817+0.*I,3.6773248552921873+0.*I,-1.8384162653367284-2.921786506457879*^-6*I,-1.8384162331670202-2.5155927000061374*^-7*I,-1.838416231680279+8.737641925438742*^-8*I
0.01410858406240314,3.844111192526195+0.*I,3.8441111904136904+0.*I,3.844111152082844+0.*I,-1.9217777358713675-3.1513666512621684*^-6*I,-1.9217777008009762-2.963818883571689*^-7*I,-1.9217776990854907+1.1800195361508466*^-7*I
0.014284546147297308,4.014987088682991+0.*I,4.014987086264697+0.*I,4.014987044353197+0.*I,-2.0071801795432638-3.396601411887242*^-6*I,-2.0071801413289725-3.461737700847549*^-7*I,-2.0071801393598765+1.525297100751728*^-7*I
0.014462702829125058,4.189711155134496+0.*I,4.189711152377119+0.*I,4.18971110657044+0.*I,-2.0945024651583637-3.6582444690865242*^-6*I,-2.094502423540109-4.013227365297963*^-7*I,-2.0945024212905134+1.912884505774181*^-7*I
0.014643081478872009,4.368000089816719+0.*I,4.368000086684143+0.*I,4.3680000366442115+0.*I,-2.1836024849503595-3.937042553455145*^-6*I,-2.1836024396506484-4.6223035392523133*^-7*I,-2.1836024370915506+2.34620330659627*^-7*I
0.014825709808894435,4.549526040857549+0.*I,4.549526037310691+0.*I,4.549525982674808+0.*I,-2.274315815780562-4.233727769869129*^-6*I,-2.2743157665039626-5.293099967689809*^-7*I,-2.274315763604165+2.8287945975071053*^-7*I
0.015010615877176713,4.733913982457753+0.*I,4.7339139784544155+0.*I,4.733913918834249+0.*I,-2.3664544050431906-4.549008792769067*^-6*I,-2.366454351475928-6.029844258547978*^-7*I,-2.366454348201965+3.364300606414391*^-7*I
0.015197828091642112,4.920739174597278+0.*I,4.920739170092024+0.*I,4.920739105072686+0.*I,-2.459805298692635-4.88356084583831*^-6*I,-2.459805240502311-6.836828274566242*^-7*I,-2.459805236818389+3.956441792054826*^-7*I
0.015387375214517121,5.109524745670748+0.*I,5.109524740614776+0.*I,5.10952466975404+0.*I,-2.5541294310283384-5.238014376491562*^-6*I,-2.554129367863804-7.718372517357826*^-7*I,-2.5541293637317586+4.60898894290425*^-7*I
0.015579286366750359,5.299739441764587+0.*I,5.299739436105633+0.*I,5.299739358933301+0.*I,-2.6491604981922645-5.612942344854562*^-6*I,-2.6491604296836733-8.678783974184817*^-7*I,-2.649160425062943+5.325729770174238*^-7*I
0.0157735910324866,5.490795591051354+0.*I,5.490795584733605+0.*I,5.490795500751074+0.*I,-2.7446039397321313-6.008846046763855*^-6*I,-2.7446038654912113-9.722306794167067*^-7*I,-2.744603860338835+6.110429481254623*^-7*I
0.015970319063596444,5.682047336646575+0.*I,5.682047329610621+0.*I,5.682047238290698+0.*I,-2.8401360550367665-6.426139407162854*^-6*I,-2.8401359746573434-1.0853065232247912*^-6*I,-2.8401359689279886+6.96678479426798*^-7*I
0.016169500684262712,5.872789196187624+0.*I,5.872789188370429+0.*I,5.872789089157435+0.*I,-2.935403283926948-6.865131685704879*^-6*I,-2.9354031969857637-1.2074998294964037*^-6*I,-2.9354031906317792+7.898370917312723*^-7*I
0.016371166495623778,6.062255011275547+0.*I,6.062255002610469+0.*I,6.062254894920699+0.*I,-3.030021683147209-7.326008556471716*^-6*I,-3.030021589205069-1.3391785562074724*^-6*I,-3.0300215821765843+8.908580994772661*^-7*I
0.016575347480475143,6.24961735468293+0.*I,6.249617345099782+0.*I,6.249617228322367+0.*I,-3.1235766329078314-7.808811544660629*^-6*I,-3.123576531511139-1.480676372899105*^-6*I,-3.1235765237561965+1.0000557608276346*^-6*I
0.01678207500802925,6.43398746776363+0.*I,6.433987457188799+0.*I,6.433987330687049+0.*I,-3.2156228099163724-8.313415827406152*^-6*I,-3.2156227005990927-1.632283347064922*^-6*I,-3.215622692063834+1.1177115941547002*^-6*I
0.016991380838735,6.61441580468624+0.*I,6.614415793042861+0.*I,6.614415656156164+0.*I,-3.3056844654553554-8.83950643830216*^-6*I,-3.3056843477414573-1.7942356378754635*^-6*I,-3.3056843383703627+1.2440658368506822*^-6*I
0.017203297129157243,6.789893263806705+0.*I,6.789893251014916+0.*I,6.789893103061254+0.*I,-3.3932560489338375-9.38655295420053*^-6*I,-3.393255922340269-1.966704179165625*^-6*I,-3.3932559120764556+1.379308022728281*^-6*I
0.017417856436917057,6.959353189541787+0.*I,6.959353175519058+0.*I,6.959353015798243+0.*I,-3.477803218887236-9.953782785879295*^-6*I,-3.47780308292749-2.149782360789317*^-6*I,-3.477803071713077+1.5235666828480123*^-6*I
0.017635091725693827,7.121674230324253+0.*I,7.121674214985809+0.*I,7.1216740427835195+0.*I,-3.5587642845312044-0.00001054015324953559*I,-3.5587641387195217-2.343472727446298*^-6*I,-3.558764126496072+1.676898178135154*^-6*I
0.017855036370289467,7.275684139414793+0.*I,7.2756841226741455+0.*I,7.275683937266851+0.*I,-3.635552121591206-0.00001114432265467141*I,-3.6355519654474726-2.5476727510428613*^-6*I,-3.63555195215651+1.8392747027189157*^-6*I
0.01807772416175608,7.420164605301338+0.*I,7.4201645870709205+0.*I,7.420164387731794+0.*I,-3.707556606121554-0.000011764620714191637*I,-3.70755643917694-2.7621597523359944*^-6*I,-3.7075564247605532+2.010571517632208*^-6*I
0.01830318931258729,7.553857196896627+0.*I,7.553857177088567+0.*I,7.553856963094483+0.*I,-3.7741476092756447-0.000012399018665512127*I,-3.7741474310790317-2.98657509258668*^-6*I,-3.7741474154805745+2.190553504405259*^-6*I
0.01853146646197452,7.675470505502947+0.*I,7.675470484029965+0.*I,7.675470254669672+0.*I,-3.8346785943673125-0.000013045099575289154*I,-3.8346784044925495-3.2204077874500202*^-6*I,-3.83467838765743+2.3788611665601003*^-6*I
0.018762590681128816,7.783688560282313+0.*I,7.783688537058776+0.*I,7.783688291642335+0.*I,-3.88849085493565-0.000013700029400452809*I,-3.8884906529896632-3.4629777542441464*^-6*I,-3.8884906348662396+2.5749962366463635*^-6*I
0.01899659747866885,7.877180586478764+0.*I,7.877180561421897+0.*I,7.877180299291481+0.*I,-3.934918428752986-0.000014360529492509779*I,-3.9349182143847674-3.7134189417235414*^-6*I,-3.9349181949253462+2.778307104988782*^-6*I
0.019233522806076424,7.9546121656063855+0.*I,7.954612138637646+0.*I,7.954611859179759+0.*I,-3.973293717653976-0.000015022851339744132*I,-3.9732934905644495-3.970662664094098*^-6*I,-3.9732934697263835+2.987974321007259*^-6*I
0.019473403063219714,8.014657843960775+0.*I,8.01465781500741+0.*I,8.0146575176666+0.*I,-4.002953836567993-0.000015682754481511626*I,-4.002953596520744-4.23342151915067*^-6*I,-4.002953574267643+3.2029964862793297*^-6*I
0.019716275103945604,8.056015219860898+0.*I,8.056015188857682+0.*I,8.056014873151776+0.*I,-4.023247707066318-0.00001633548865241422*I,-4.023247453899149-4.500174341073996*^-6*I,-4.0232474302021854+3.422176909187602*^-6*I
0.019962176241741732,8.077420520722386+0.*I,8.077420487613525+0.*I,8.077420153150424+0.*I,-4.033543900954422-0.000016975781362503216*I,-4.03354363459168-4.769152718205627*^-6*I,-4.033543609430987+3.644111463614703*^-6*I
0.020211144255469073,8.077665658169755+0.*I,8.077665622910995+0.*I,8.077665269406975+0.*I,-4.033239227825649-0.00001759783226074654*I,-4.033238948291207-5.038329684215968*^-6*I,-4.033238921657365+3.867178157312175*^-6*I
0.0204632173951661,8.055616722716863+0.*I,8.055616685277773+0.*I,8.05561631257726+0.*I,-4.021768046940666-0.000018195315778021852*I,-4.021767754371452-5.305411277862398*^-6*I,-4.021767726267046+4.089528989335342*^-6*I
0.020718434387925238,8.01023384893534+0.*I,8.010233809301736+0.*I,8.01023341739846+0.*I,-3.9986122682269203-0.000018761393685776557*I,-3.998611962886802-5.567831751546011*^-6*I,-3.998611933328025+4.309084759351926*^-6*I
0.020976834443842806,7.940592347408675+0.*I,7.940592305585225+0.*I,7.940591894644538+0.*I,-3.96331198955589-0.000019288739343193695*I,-3.963311671849703-5.822753295638168*^-6*I,-3.9633116408679947+4.523533549191415*^-6*I
0.021238457262042886,7.845904961135984+0.*I,7.845904917148906+0.*I,7.845904487531081+0.*I,-3.915476697746157-0.000019769575536984597*I,-3.915476368233601-6.067071231700796*^-6*I,-3.915476335877279+4.73033369041984*^-6*I
0.021503343036776555,7.725545061504568+0.*I,7.72554501540443+0.*I,7.725544567688586+0.*I,-3.8547969390000034-0.000020195727906444517*I,-3.8547965984090786-6.297425703051313*^-6*I,-3.8547965647449307+4.926722087715848*^-6*I
0.021771532463597146,7.579070552715767+0.*I,7.579070504580321+0.*I,7.579070039588575+0.*I,-3.781056340813994-0.00002055869603871726*I,-3.781055990053577-6.510220968202699*^-6*I,-3.7810559551683753+5.109728832333468*^-6*I
0.02204306674561234,7.406248203984991+0.*I,7.406248153921985+0.*I,7.4062476727433095+0.*I,-3.694143841984158-0.00002084974435862302*I,-3.694143482155268-6.701653451480858*^-6*I,-3.6941434461571467+5.276199100207504*^-6*I
0.02231798759981455,7.207078076466381+0.*I,7.207078024616285+0.*I,7.207077528629427+0.*I,-3.594065960410219-0.000021060014918365447*I,-3.5940655928154372-6.867749746610881*^-6*I,-3.5940655558350763+5.422823354729326*^-6*I
0.022596337263489915,6.981817657381902+0.*I,6.9818176039204465+0.*I,6.981817094815124+0.*I,-3.4809589003414345-0.000021180664153379622*I,-3.480958526491878-7.004415789975966*^-6*I,-3.4809584886834295+5.546176897869418*^-6*I
0.022878158500707575,6.7310052581688575+0.*I,6.731005203309295+0.*I,6.731004683104746+0.*I,-3.3551002719518905-0.000021203025519409824*I,-3.35509989357107-7.1074983912090155*^-6*I,-3.3550998551127487+5.642769804170532*^-6*I
0.02316349460888953,6.455482177731082+0.*I,6.455482121726033+0.*I,6.4554815927858265+0.*I,-3.216920167255634-0.000021118799727079362*I,-3.216919786279463-7.1728602671582126*^-6*I,-3.216919747373715+5.7091082306024925*^-6*I
0.023452389425462693,6.15641307744891+0.*I,6.156413020591658+0.*I,6.1564124856335045+0.*I,-3.0670113080618777-0.00002092027396088536*I,-3.0670109266340155-7.196469623765599*^-6*I,-3.067010887507181+5.741768018140293*^-6*I
0.023744887334593894,5.835303963088802+0.*I,5.83530390571387+0.*I,5.8353033678129735+0.*I,-2.9061379547516335-0.000020600571067372656*I,-2.9061375752133145-7.1745051681332*^-6*I,-2.90613753611468+5.737481382373175*^-6*I
0.024041033274008614,5.494017122020287+0.*I,5.494017064503108+0.*I,5.4940165270874255+0.*I,-2.735243240085479-0.000020153929124216538*I,-2.7352428649589275-7.103477234974733*^-6*I,-2.7352428261590713+5.6932373045965354*^-6*I
0.02434087274189526,5.13478232431495+0.*I,5.134782267070426+0.*I,5.134781733905996+0.*I,-2.555454571119897-0.00001957601112634585*I,-2.5554542030844023-6.9803654097204*^-6*I,-2.555454164872723+5.606396014198783*^-6*I
0.024644451803894907,4.760203565734926+0.*I,4.7602035092146355+0.*I,4.760202984378964+0.*I,-2.3680867258432836-0.000018864243672767816*I,-2.3680863677030137-6.802772676294702*^-6*I,-2.3680863303843394+5.474817638332623*^-6*I
0.024951817100178856,4.37326061189+0.*I,4.373260556577815+0.*I,4.373260044419097+0.*I,-2.1746422606856033-0.00001801818252116379*I,-2.1746419153282535-6.569095664310663*^-6*I,-2.174641879218427+5.29700472540861*^-6*I
0.02526301585261397,3.9773045987282876+0.*I,3.977304545134117+0.*I,3.9773040502139407+0.*I,-1.9768088420668604-0.00001703990169749593*I,-1.976808512412312-6.278710014998601*^-6*I,-1.9768084778326591+5.0722578914720205*^-6*I
0.025578095872017644,3.5760469579147145+0.*I,3.5760469065660945+0.*I,3.5760464335831146+0.*I,-1.7764531211615588-0.000015934401479392002*I,-1.7764528100998127-5.9321692559928485*^-6*I,-1.7764527773703986+4.8008432959738015*^-6*I
0.025897105565503276,3.173540969518538+0.*I,3.1735409209497694+0.*I,3.1735404746417526+0.*I,-1.5756107876620238-0.00001471002902624743*I,-1.575610497979835-5.5314148158421025*^-6*I,-1.5756104674114544+4.484170030822315*^-6*I
0.026220093943917073,2.774155301717091+0.*I,2.7741552564556176+0.*I,2.774154841477217+0.*I,-1.3764724671183441-0.000013378903719767472*I,-1.376472201414201-5.079993968985262*^-6*I,-1.3764721732990488+4.124974781259169*^-6*I
0.026547110629368008,2.382538980746971+0.*I,2.382538939296704+0.*I,2.382538560070339+0.*I,-1.1813651689706286-0.000011957337409341822*I,-1.1813649295579824-4.583281554723558*^-6*I,-1.1813649041589924+3.727510334584932*^-6*I
0.02687820586285128,2.0035773466639712+0.*I,2.0035773094852645+0.*I,2.0035769700225923+0.*I,-0.9927290501177635-0.000010466237762090592*I,-0.9927288389167735-4.048700286439154*^-6*I,-0.9927288164556517+3.297733623859072*^-6*I
0.027213430511967257,1.642338693762011+0.*I,1.642338661248026+0.*I,1.6423383649397103+0.*I,-0.813089333043704-8.931480838561879*^-6*I,-0.8130891514621744-3.485933361911266*^-6*I,-0.8130891321061972+2.843488063681636*^-6*I
0.027552836078736306,1.3040114703421568+0.*I,1.304011442791388+0.*I,1.3040111921632038+0.*I,-0.6450233091400885-7.3842368922080575*^-6*I,-0.6450231579447774-2.907121934513623*^-6*I,-0.6450231417924823+2.3746739525124522*^-6*I
0.027896474707511353,0.9938321217304641+0.*I,0.9938320993152533+0.*I,0.9938318957490512+0.*I,-0.49112246753642375-5.861231305145491*^-6*I,-0.49112234671647903-2.327038836799139*^-6*I,-0.4911223337824403+1.9033997118451358*^-6*I
0.028244399192989125,0.717003902881386+0.*I,0.717003885612328+0.*I,0.7170037290310339+0.*I,-0.35394991761730904-4.4049206058146425*^-6*I,-0.3539498262422505-1.7632287955683164*^-6*I,-0.35394981644120693+1.4441057444064875*^-6*I
0.02859666298832104,0.4786072612457233+0.*I,0.47860724893195805+0.*I,0.4786071374486294+0.*I,-0.2359934190098588-3.0635617542937647*^-6*I,-0.23599335508524216-1.2361042983659011*^-6*I,-0.23599334821592308+1.0136517627588016*^-6*I
0.028953320213325674,0.28350269411353807+0.*I,0.2835026863190478+0.*I,0.28350261585105324+0.*I,-0.13961449498946224-1.8911514776002855*^-6*I,-0.13961445531415853-7.689853198216103*^-7*I,-0.13961445104324696+6.313576057382354*^-7*I
0.029314425662803147,0.13622731304717242+0.*I,0.13622730904334251+0.*I,0.1362272728940155+0.*I,-0.0669942819680433-9.472114957804751*^-7*I,-0.06699426199789425-3.880703620984552*^-7*I,-0.06699425984465546+3.1898689747159475*^-7*I
0.02968003481495387,0.04088669518176201+0.*I,0.0408866938966415+0.*I,0.04088668230827524+0.*I,-0.020076956030120365-2.9639518598892027*^-7*I,-0.02007694975358327-1.2232578953179284*^-7*I,-0.020076949075787023+1.0066246756822344*^-7*I
0.030050203839901483,0.0010439590343441889+0.*I,0.00104395899923887+0.*I,0.0010439586830572807+0.*I,-0.0005117733522764213-7.891734746129032*^-9*I,-0.0005117731845138027-3.28032794487512*^-9*I,-0.0005117731663711128+2.7023213251364375*^-9*I
0.03042498960832275,0.0196083609018566+0.*I,0.019608360196118804+0.*I,0.01960835384687293+0.*I,-0.00959495962239465-1.5460532119330983*^-7*I,-0.009594956325056067-6.471195447299823*^-8*I,-0.009594955967982086+5.336520850415329*^-8*I
0.030804449700184894,0.0987260547267128+0.*I,0.09872605092184641+0.*I,0.09872601672693578+0.*I,-0.048212877922540524-8.120895369849659*^-7*I,-0.048212860557178584-3.4221532252773416*^-7*I,-0.04821285867427183+2.8249557274639937*^-7*I
0.031188642413591657,0.23967597918479755+0.*I,0.23967596928927726+0.*I,0.23967588044475777+0.*I,-0.1167880874030247-2.0572212646145843*^-6*I,-0.11678804332662902-8.726394524025306*^-7*I,-0.11678803854181896+7.210589595346426*^-7*I
0.03157762677374012,0.4427741145273411+0.*I,0.4427740949338438+0.*I,0.44277391918231807+0.*I,-0.21523006774502965-3.966603775561725*^-6*I,-0.2152299826564866-1.6933877699607066*^-6*I,-0.2152299734093391+1.4005609042120389*^-6*I
0.03197146254198877,0.7072895705818648+0.*I,0.7072895370189236+0.*I,0.7072892362270566+0.*I,-0.3428925171140149-6.614696015723343*^-6*I,-0.34289237516033555-2.8415757829131363*^-6*I,-0.34289235971751064+2.3523449896955504*^-6*I
0.032370210225039144,1.0313761072958112+0.*I,1.03137605478622+0.*I,1.0313755845824035+0.*I,-0.49853922339695333-0.000010071674023408978*I,-0.4985390073477809-4.353045819725202*^-6*I,-0.4985389838221015+3.6067692204921203*^-6*I
0.03277393108423149,1.4120227306945967+0.*I,1.4120226535231981+0.*I,1.4120219630185995+0.*I,-0.6803205487303404-0.000014401041221010625*I,-0.6803202402284705-6.261243364930328*^-6*I,-0.6803202066064744+5.192264145762074*^-6*I
0.03318268714495675,1.845026930703937+0.*I,1.8450268223977178+0.*I,1.8450258540164575+0.*I,-0.8857625441545097-0.000019657016907182538*I,-0.8857621240488552-8.59596562308833*^-6*I,-0.8857620782275579+7.13428129379971*^-6*I
0.033596541206185875,2.3249939146480405+0.*I,2.324993767971699+0.*I,2.3249924574180594+0.*I,-1.111770613382712-0.000025881746529720384*I,-1.1117700621482438-0.000011381999985965662*I,-1.1117700019816277+9.454146425295962*^-6*I
0.03401555685011764,2.845364825321947+0.*I,2.845364632292285+0.*I,2.845362908684468+0.*I,-1.3546494616596503-0.00003310239299368665*I,-1.3546487599062835-0.000014637677990298178*I,-1.3546486832617417+0.000012167838797832355*I
0.03443979845194737,3.3984764028126726+0.*I,3.3984761547352633+0.*I,3.3984739409360856+0.*I,-1.6101407884912757-0.00004132818498813755*I,-1.6101399175604099-0.000018373378945893072*I,-1.610139822385009+0.000015284724924730905*I
0.03486933118975687,3.9756538470950926+0.*I,3.9756535346266606+0.*I,3.975650747801461+0.*I,-1.8734798048961387-0.00005054751554616525*I,-1.87347874753958-0.00002259002648233863*I,-1.873478631935559+0.000018806283010012668*I
0.0353042210545283,4.567337762661084+0.*I,4.5673373759008955+0.*I,4.567333928331592+0.*I,-2.1394711731189724-0.0000607252011105899*I,-2.1394699142502827-0.000027277630434626527*I,-2.13946977655868+0.00002272486206538311*I
0.03574453486028251,5.16324502372968+0.*I,5.163244552342911+0.*I,5.163240352524318+0.*I,-2.4025843798313895-0.00007180002734996658*I,-2.4025829073344043-0.000032413935374719665*I,-2.4025827462251144+0.00002702252730687289*I
0.03619034025434388,5.7525622049134935+0.*I,5.752561638289019+0.*I,5.752556592328988+0.*I,-2.6570678680452406-0.00008368272183075786*I,-2.657066173618671-0.000037963245154741406*I,-2.657065988184564+0.00003167005035971088*I
0.03664170572773353,6.324168904034384+0.*I,6.32416823147873+0.*I,6.324162244817091+0.*I,-2.8970804794193827-0.0000962545041626235*I,-2.8970785594302737-0.000043875499443293176*I,-2.8970783492823498+0.00003662610852778688*I
0.03709870062569158,6.866886878907668+0.*I,6.866886089875824+0.*I,6.8668790693284505+0.*I,-3.1168379150936234-0.00010936637001901441*I,-3.11683577140625-0.00005008568272620239*I,-3.116835536766067+0.000041836761342919404*I
0.037561395158331304,7.369749477939983+0.*I,7.3697485623025845+0.*I,7.369740418425799+0.*I,-3.310771034585226-0.0001228392651095999*I,-3.3107686753260306-0.00005651364783533901*I,-3.3107684171110145+0.00004723527412869636*I
0.03802986041142544,7.8222844264302145+0.*I,7.8222833747750204+0.*I,7.822274024532171+0.*I,-3.4736919111178586-0.0001364652971660591*I,-3.473689351331845-0.00006306443395332762*I,-3.473689071228466+0.00005274235674446449*I
0.0385041683573278,8.214801708219166+0.*I,8.214800512183038+0.*I,8.214789881879321+0.*I,-3.6009626880351706-0.00015001011696819125*I,-3.600959950185021-0.00006962915251164999*I,-3.6009596507043975+0.00005826688033560473*I
0.038984391866030345,8.538677136106122+0.*I,8.538675788731629+0.*I,8.538663817165336+0.*I,-3.6886614817253855-0.00016321657210070328*I,-3.6886585959822358-0.00007608650262157322*I,-3.6886582804924295+0.00006370712518472861*I
0.03947060471635868,8.786621320261741+0.*I,8.786619816370338+0.*I,8.78660645812908+0.*I,-3.7337389048123204-0.00017580969849713367*I,-3.7337359090870597-0.00008230496020216096*I,-3.7337355818163322+0.00006895259817729754*I
0.03996288160730713,8.952923209367691+0.*I,8.952921545939006+0.*I,8.952906774748616+0.*I,-3.7341582966414184-0.00018750306451806572*I,-3.7341552363081862-0.00008814566130095404*I,-3.734154902313815+0.0000738864385608083*I
0.04046129816951477,9.033657278581725+0.*I,9.033655455126139+0.*I,9.033639267138776+0.*I,-3.689012505661023-0.00019800642029388775*I,-3.6890094329308765-0.00009346597027376303*I,-3.6890090980288104+0.00007838840560075739*I
0.04096593097688526,9.026843846188171+0.*I,9.026841865097516+0.*I,9.026824281984869+0.*I,-3.598610128359269-0.00020703453242581926*I,-3.598607101272233-0.00009812368772826806*I,-3.598606771924048+0.00008233841157343338*I
0.04147685755835083,8.932552974860483+0.*I,8.932550841719575+0.*I,8.932531913418522+0.*I,-3.4645245251482937-0.00021431700257395814*I,-3.4645216061664756-0.00010198181230905282*I,-3.4645212893216715+0.00008562052906434332*I
0.04199415640978379,8.752943987673126+0.*I,8.75294171151314+0.*I,8.752921518456107+0.*I,-3.2895997486496946-0.00021960878109415858*I,-3.2895970028530557-0.00010491372576960235*I,-3.28959670574693+0.00008812736372132864*I
0.04251790700605583,8.492234805611702+0.*I,8.492232399085292+0.*I,8.49221105373764+0.*I,-3.0779087633288817-0.0002227009977552827*I,-3.077906256238331-0.00010680862442756986*I,-3.077905986148179+0.00008976464427911297*I
0.04304818981324825,8.156598056100016+0.*I,8.156595535557734+0.*I,8.156573183081818+0.*I,-2.8346610165447537-0.00022343164609950824*I,-2.8346588116239793-0.00010757697453856659*I,-2.8346585755894274+0.00009045584289885694*I
0.043585086301014535,7.753984130625169+0.*I,7.753981516073495+0.*I,7.753958333945414+0.*I,-2.5660585237832683-0.00022169558276462895*I,-2.56605667970007-0.00010715572766338472*I,-2.566056484216626+0.0000901466034252624*I
0.044128678955096395,7.293874955943445+0.*I,7.293872270866663+0.*I,7.293848467289032+0.*I,-2.2791021089255987-0.00021745324554503666*I,-2.2791006766840765-0.00010551299855410902*I,-2.2791005273824103+0.00008880872635091886*I
0.0446790512899969,6.786976011628218+0.*I,6.786973282659803+0.*I,6.786949093644002+0.*I,-1.981352213496828-0.0002107374623526411*I,-1.9813512335813825-0.00010265188661169836*I,-1.9813511349081665+0.00008644344053562598*I
0.04523628786181077,6.244857856451769+0.*I,6.244855112885901+0.*I,6.24483079792125+0.*I,-1.6806516399159288-0.00020165772592172046*I,-1.680651139614356-0.00009861311705667532*I,-1.6806510945334667+0.00008308368691466927*I
0.045800474281215475,5.679561860613127+0.*I,5.679559133753598+0.*I,5.679534970039583+0.*I,-1.3848205687189632-0.0001904013539930669*I,-1.3848205598118122-0.00009347619371791763*I,-1.384820569546885+0.00007879515209559299*I
0.046371697226623675,5.103187700814595+0.*I,5.103185023166626+0.*I,5.103161298457389+0.*I,-1.1013369997901747-0.00017723104835055053*I,-1.101337476803816-0.00008735879567207312*I,-1.101337540644324+0.00007367582307418517*I
0.046950044457500076,4.527482177650837+0.*I,4.527479581971097+0.*I,4.527456586167514+0.*I,-0.8370181951178775-0.00016247851296589223*I,-0.8370191343360829-0.00008041421731454454*I,-0.837019249528748+0.00006785389059596163*I
0.0475356048278445,3.9634497972578107+0.*I,3.9634473154887804+0.*I,3.9634253312100047+0.*I,-0.5977205085274603-0.00014653399246684372*I,-0.597721867937432-0.00007282674700701587*I,-0.5977220296827013+0.00006148390889716343*I
0.04812846829984256,3.4210051081367854+0.*I,3.4210027702632955+0.*I,3.4209820627321363+0.*I,-0.38807593377579563-0.0001298318439465322*I,-0.38807765408718636-0.00006480500205986988*I,-0.38807785565622055+0.000054741222770211786*I
0.04872872595768731,2.9086848657761215+0.*I,2.908682698653429+0.*I,2.908663505332604+0.*I,-0.21128355636975163-0.00011283254882137636*I,-0.21128556318760267-0.000056573383637635415*I,-0.2112857961687792+0.00004781479598839768*I
0.04933647002157254,2.4334346889521288+0.*I,2.4334327151656794+0.*I,2.4334152356768914+0.*I,-0.06897266085217023-0.0000960018920495183*I,-0.06897486800706087-0.00004836197722847986*I,-0.06897512268223406+0.00004089871219672159*I
0.04995179386186134,2.0004800869884196+0.*I,2.0004783238142454+0.*I,2.0004627107498587+0.*I,0.038848612513441946-0.00007978836177327272*I,0.03884629857016205-0.000040395392168592924*I,0.03884603273014698+0.000034182761670695406*I
0.05057479201343066,1.6132858487893218+0.*I,1.6132843073296987+0.*I,1.6132706586169254+0.*I,0.11374950097039255-0.00006460012522610971*I,0.11374717590707258-0.00003288119351848393*I,0.1137469096503146+0.00002784266321017144*I
0.05120556019019521,1.2736012288364613+0.*I,1.2735999134066878+0.*I,1.273588266895058+0.*I,0.15873393048310824-0.0000507831827119173*I,0.15873168627876438-0.000025998714429692666*I,0.15873142991920772+0.000022030585580127083*I
0.05184419529981277,0.9815817343843368+0.*I,0.981580642222023+0.*I,0.9815709731251178+0.*I,0.1780020635400545-0.0000386024531758778*I,0.17799998254943028-0.000019889127979167484*I,0.17799974530046875+0.000016866711200490363*I
0.05249079545857188,0.7359723280340957+0.*I,0.7359714493909612+0.*I,0.7359636711126362+0.*I,0.1766270904411374-0.00002822756386386682*I,0.17662523984739087-0.000014647684367868672*I,0.17662502919997486+0.000012432609354426637*I
0.05314546000646636,0.5343322965788628+0.*I,0.5343316152358817+0.*I,0.5343255839415587+0.*I,0.16016649622071194-0.000019724967555446678*I,0.16016492344443803-0.000010318963673388289*I,0.16016474465364514+8.767141096316272*^-6*I
0.05380828952245705,0.3732796764153034+0.*I,0.3732791706346353+0.*I,0.3732746936858334+0.*I,0.13423498691298266-0.000013057666516732882*I,0.13423371654961289-6.895840883599083*^-6*I,0.13423357229394386+5.865490378618979*^-6*I
0.05447938583992469,0.2487336315704942+0.*I,0.2487332754622315+0.*I,0.24873012351918117+0.*I,0.10407316010861352-8.093269189186187*^-6*I,0.1040721929011203-4.322600166493246*^-6*I,0.10407208317138401+3.6816982598956035*^-6*I
0.05515885206231433,0.15613698506865317+0.*I,0.15613675030800772+0.*I,0.1561346725301278+0.*I,0.07415099667522876-4.6203500043304675*^-6*I,0.07415031088158312-2.5022703296031696*^-6*I,0.07415023313955486+2.134770106716252*^-6*I
0.055846792578976026,0.09064828449858282+0.*I,0.09064814228180897+0.*I,0.09064688363718033+0.*I,0.04784745638216064-2.3721564788921085*^-6*I,0.04784701165879703-1.3077969423027805*^-6*I,0.04784696127895911+1.1180408402075318*^-6*I
0.05654331308120251,0.04730294313276278+0.*I,0.047302866211019666+0.*I,0.047302185471849195+0.*I,0.027246070759544043-1.0556728479453165*^-6*I,0.02724581435338728-5.961475105724756*^-7*I,0.02724578532400869+5.110446793227932*^-7*I
0.057248520578466876,0.021155185309429697+0.*I,0.021155149893285895+0.*I,0.021154836483225966+0.*I,0.013080802921796458-3.8300020737585307*^-7*I,0.013080677556292344-2.2390978700263943*^-7*I,0.013080663370252623+1.9268164209175276*^-7*I
0.057962523414863396,0.007425192188712259+0.*I,0.00742517947753328+0.*I,0.007425066996803037+0.*I,0.004856231884373879-1.0107487957767308*^-7*I,0.00485618426615244-6.245134801552357*^-8*I,0.004856178880278277+5.405517202874563*^-8*I
0.05868543128575206,0.0016868917354085817+0.*I,0.0016868888017776632+0.*I,0.0016868628433200576+0.*I,0.0011513641493958288-1.507027376651252*^-8*I,0.0011513525550375361-1.0336179171167533*^-8*I,0.0011513512441919808+9.037161724302294*^-9*I
0.059417355254612496,0.0001387496823242687+0.*I,0.00013874943872948319+0.*I,0.00013874728335425411+0.*I,0.00009762913554537914-5.777112904134178*^-10*I,0.00009762812276337662-5.246344374764208*^-10*I,0.00009762800830145868+4.689378539008591*^-10*I
0.060158407770106316,1.4663158708875375*^-8+0.*I,1.4663132872186262*^-8+0.*I,1.4662904273612546*^-8+0.*I,1.0519061931709968*^-8+8.877101014287611*^-15*I,1.0518949228338953*^-8-2.0799182827935236*^-14*I,1.0518936495130175*^-8+2.0329926856010457*^-14*I
0.06090870268335357,0.00006566639121016217+0.*I,0.00006566627570645146+0.*I,0.00006566525379206058+0.*I,0.000047548878706101716+3.4734957346199916*^-10*I,0.00004754835138917969+6.028385876622743*^-11*I,0.00004754829183092648-3.8507063470692157*^-11*I
0.06166835526542403,0.0014329884094398308+0.*I,0.0014329859053568688+0.*I,0.001432963751503424+0.*I,0.0010379474676630626+1.406811841677645*^-8*I,0.0010379355307958223+4.573141740288391*^-9*I,0.0010379341829464413-3.5931871480019543*^-9*I
0.06243748222504673,0.008380606148052333+0.*I,0.008380591660399637+0.*I,0.008380463492122228+0.*I,0.006023511218862189+1.1843054981206241*^-7*I,0.006023439265330621+4.501536224209998*^-8*I,0.006023431142755612-3.646571655887653*^-8*I
0.06321620172654087,0.02933809306659636+0.*I,0.029338043075633802+0.*I,0.02933760083784346+0.*I,0.020775192140557387+5.33666494434448*^-7*I,0.02077493400233168+2.181429670529504*^-7*I,0.020774904868805556-1.7891091599714025*^-7*I
0.06400463340796919,0.07783412983816063+0.*I,0.0778339995096749+0.*I,0.07783284662645722+0.*I,0.05396109284115284+1.709708211084334*^-6*I,0.053960394542188095+7.291633461435486*^-7*I,0.05396031574901709-6.020724691373565*^-7*I
0.064802898399519,0.17325943014872805+0.*I,0.17325914577532614+0.*I,0.17325663032206237+0.*I,0.11694793833459693+4.408476356382333*^-6*I,0.11694636035891917+1.9336437001119436*^-6*I,0.116946182342416-1.6034525537706186*^-6*I
0.0656111193421118,0.34123536146003985+0.*I,0.3412348135537888+0.*I,0.34122996720736914+0.*I,0.22316040469840412+9.766597931961811*^-6*I,0.22315726185624485+4.3707523397462*^-6*I,0.2231569073688722-3.635179825272921*^-6*I
0.066429420406245,0.6133504919085687+0.*I,0.6133495299347456+0.*I,0.6133410214564237+0.*I,0.3869740493144306+0.000019321387892596417*I,0.38696835550985503+8.77929701990738*^-6*I,0.3869677134083514-7.31787261369345*^-6*I
0.06725792731106929,1.0260262971361527+0.*I,1.0260247269843135+0.*I,1.026010839928609+0.*I,0.6221713586452106+0.0000349827721389952*I,0.6221617858369566+0.000016087798962807704*I,0.6221607064741898-0.000013432688581272768*I
0.06809676734370254,1.6183105998198095+0.*I,1.6183081851200303+0.*I,1.6182868295627941+0.*I,0.9400534121887243+0.00005893621293938563*I,0.9400382742221612+0.000027370856562715505*I,0.9400365676448732-0.0000228849914049133*I
0.0689460693787865,2.4284811838867126+0.*I,2.42847765216559+0.*I,2.4284464192386745+0.*I,1.3473658948593568+0.0000934671006405239*I,1.3473431672181393+0.00004376656486445954*I,1.3473406054136392-0.00003663516700542215*I
0.06980596389828542,3.4894758840084483+0.*I,3.489470938417312+0.*I,3.4894272041148833+0.*I,1.8442596323822884+0.00014070566965375235*I,1.8442270178551934+0.00006635387455518147*I,1.8442233421704977-0.00005559558060794428*I
0.07067658301153314,4.823345687791827+0.*I,4.823339024716094+0.*I,4.823280105688236+0.*I,2.4225528906835705+0.00020230300697163405*I,2.4225079381292915+0.00009599438893452573*I,2.422502872668506-0.00008049739282530813*I
0.07155806047552946,6.435141345606264+0.*I,6.435132677884292+0.*I,6.435056036796343+0.*I,3.0645851864743325+0.00027906231118512916*I,3.064525465112192+0.00013314982398460556*I,3.064518736381672-0.0001117366260810273*I
0.0724505317154897,8.306868840304121+0.*I,8.306857925072444+0.*I,8.306761416815714+0.*I,3.742940853680752+0.0003705637705696186*I,3.7428641786957217+0.0001776934996821494*I,3.7428555410183613-0.0001492149080589631*I
0.07335413384565116,10.392352122151893+0.*I,10.392338791542912+0.*I,10.392220934590505+0.*I,4.42126803176907+0.00047483420580148305*I,4.421172728870373+0.00022874079191912685*I,4.421161994172737-0.0001921958764718272*I
0.07426900569033783,12.613982341729786+0.*I,12.613966533855553+0.*I,12.613826784055583+0.*I,5.0563221927888+0.0005881214575671015*I,5.056207380448346+0.00028452821752975846*I,5.056194450021323-0.0002392022671377443*I
0.07519528780528904,14.862367646792663+0.*I,14.862349433756387+0.*I,14.862188431743869+0.*I,5.6012257687556914+0.0007048357051261719*I,5.6010916282980165+0.000342372406399729*I,5.601076523169931-0.0002879800905930018*I
0.07613312249925343,16.99978592039131+0.*I,16.99976552959479+0.*I,16.99958528883177+0.*I,6.009766960959833+0.0008177130253000329*I,6.009614957920026+0.00039873738214047495*I,6.009597843722737-0.0003355539712710585*I
0.077082653855853,18.86805572487279+0.*I,18.868033549757+0.*I,18.86783755106949+0.*I,6.241379067776919+0.0009182388413375265*I,6.241212084607088+0.00044943041934360396*I,6.241193286443109-0.00037839090614063354*I
0.07804402775571848,20.30097013382056+0.*I,20.3009467304998+0.*I,20.300739891856736+0.*I,6.266271209153577+0.000997340087437458*I,6.2660935510179+0.000489932991037872*I,6.2660735540270345-0.00041267815157861043*I
0.07901739189890214,21.140805470012534+0.*I,21.140781537119295+0.*I,21.140570034994425+0.*I,6.070051492899705+0.0010463163905085544*I,6.069868736186999+0.0005158545762686936*I,6.06984816840304-0.0004347051725446073*I
0.08000289582756946,21.25767901772877+0.*I,21.25765535820257+0.*I,21.25744628939597+0.*I,5.657124968134315+0.0010579360083015287*I,5.65694363598666+0.0005234750553245746*I,5.656923231729662-0.00044132100088320074*I
0.0810006909489738,20.56977994413701+0.*I,20.569757409616198+0.*I,20.569558299447923+0.*I,5.0521878539718506+0.0010275775735143723*I,5.0520149241139825+0.0005103188924776369*I,5.051995468528756-0.00043041931106906507*I
0.08201093055871839,19.06186038263166+0.*I,19.061839803403924+0.*I,19.06165798649479+0.*I,4.299293601341033+0.0009542616565264629*I,4.299135877067695+0.00047568506589004304*I,4.299118135298512-0.00040138720637962244*I
0.08303376986430663,16.798990718002027+0.*I,16.798972823903373+0.*I,16.798814745259854+0.*I,3.4582369618488786+0.0008413955279841481*I,3.4581003641020414+0.00042104507022712527*I,3.458085001639544-0.00035544375650450004*I
0.08406936600898866,13.932591990407488+0.*I,13.932577330312935+0.*I,13.932447834319335+0.*I,2.598370851093874+0.0006970585931771781*I,2.5982597138598056+0.0003502214857492674*I,2.5982472173261746-0.00029579428610683006*I
0.0851178780959028,10.696263863319102+0.*I,10.696252732565235+0.*I,10.696154422437257+0.*I,1.7903964543402222+0.0005336908543968907*I,1.790312922103777+0.00026927477971875827*I,1.790303531592066-0.00022753900155019396*I
0.08617946721251984,7.389970355449773+0.*I,7.389962741283137+0.*I,7.389895498135069+0.*I,1.0970878936956765+0.0003671143061137983*I,1.0970315234316095+0.0001860574296258146*I,1.0970251879251458-0.00015730084376226533*I
0.08725429645539157,4.352678359944487+0.*I,4.3526739145639874+0.*I,4.352634660524039+0.*I,0.5642523246917583+0.00021491333930121883*I,0.5642199819433379+0.00010944056291402615*I,0.5642163478727265-0.00009257618704800319*I
0.08834253095520771,1.9254090320209516+0.*I,1.9254070807641155+0.*I,1.9253898526663675+0.*I,0.2134044031984247+0.0000943140822728269*I,0.21339051049326047+0.000048274169857659444*I,0.21338894995251745-0.000040859061585868115*I
0.08944433790216645,0.40859587396984925+0.*I,0.40859546266305974+0.*I,0.4085918315992616+0.*I,0.0375820399416166+0.000019816519815576462*I,0.03757918765842217+0.000010199312937644653*I,0.0375788673735138-8.638048410325329*^-6*I
0.09055988657165952,0.019300183695071638+0.*I,0.019300164378809666+0.*I,0.019299993875121293+0.*I,0.0014083429163514497+9.247481628966435*^-7*I,0.0014082131404833768+4.788351730533462*^-7*I,0.0014081985733822098-4.0581085572412024*^-7*I
0.0916893483502794,0.8548372404321625+0.*I,0.8548363890918586+0.*I,0.854828875387556+0.*I,0.04591747528109769+0.0000403660827306705*I,0.04591196736239468+0.000021040147540520547*I,0.04591134937897685-0.000017844512643418364*I
0.09283289676215001,2.8693790013091234+0.*I,2.8693761556532964+0.*I,2.8693510442507364+0.*I,0.09787017398321202+0.00013316888667597678*I,0.09785256843755961+0.00006991946290538828*I,0.09785059412082354-0.00005934741864829766*I
0.09399070749558582,5.8689105278016145+0.*I,5.8689047284720095+0.*I,5.868853560108356+0.*I,0.08240510636533407+0.0002668712820274747*I,0.08237107427571914+0.0001412552130755715*I,0.08236726017163792-0.0001200025294646941*I
0.0951629584300843,9.527522039430849+0.*I,9.52751265528676+0.*I,9.527429870416517+0.*I,-0.06293210351137163+0.00042296226154756234*I,-0.06298383446542966+0.0002258999383681354*I,-0.06298962790203189-0.000192098542265118*I
0.09634982966365328,13.424668103733984+0.*I,13.424654921867676+0.*I,13.424538653061086+0.*I,-0.37528619953199255+0.0005794347274545149*I,-0.37535366810057413+0.0003126136876480345*I,-0.3753612171954263-0.0002661241941870332*I
0.09755150354048085,17.099233747825846+0.*I,17.09921701223828+0.*I,17.09906942297637+0.*I,-0.8573405760851348+0.0007140954033043462*I,-0.8574189649569726+0.0003896853956575543*I,-0.8574277259103859-0.0003321337075573458*I
0.09876816467894939,20.112730775619365+0.*I,20.112711164988387+0.*I,20.112538250890026+0.*I,-1.4741292398670596+0.0008080801723027253*I,-1.4742117673232338+0.000446725671710185*I,-1.4742209770532562-0.0003812636109984889*I
0.1,22.111499807922733+0.*I,22.11147835195675+0.*I,22.111289200521632+0.*I,-2.15707315445116+0.0008489180638377943*I,-2.1571523289267946+0.00047631079682918323*I,-2.157161146523954-0.0004071314279919842*I
