0.0000500000000000001,2.475537237764848*^-14+0.*I,2.4755372386663634*^-14+0.*I,2.4755372340210083*^-14+0.*I,-1.2377686212051016*^-14-1.9941477152838286*^-23*I,-1.2377686165597467*^-14+1.994052942381256*^-23*I,-1.2377686174612618*^-14-1.9940578458775373*^-23*I
0.00005040191524304593,2.5973565989371106*^-14+0.*I,2.597356599882989*^-14+0.*I,2.59735659500904*^-14+0.*I,-1.2986783019055298*^-14-2.109097694486282*^-23*I,-1.298678297031581*^-14+2.1089958407650266*^-23*I,-1.298678297977459*^-14-2.1090011103672482*^-23*I
0.00005080706120334362,2.7251705912459433*^-14+0.*I,2.7251705922383675*^-14+0.*I,2.7251705871245755*^-14+0.*I,-1.3625852981798675*^-14-2.230673821743*^-23*I,-1.3625852930660758*^-14+2.2305643580226281*^-23*I,-1.3625852940584999*^-14-2.230570021364591*^-23*I
0.00005121546385038335,2.859274204941722*^-14+0.*I,2.859274205982983*^-14+0.*I,2.8592742006175455*^-14+0.*I,-1.4296371051535797*^-14-2.359258053655129*^-23*I,-1.4296370997881426*^-14+2.359140411369295*^-23*I,-1.4296371008294033*^-14-2.359146498108759*^-23*I
0.000051627149362405994,2.9999769464293535*^-14+0.*I,2.999976947521854*^-14+0.*I,2.9999769418923885*^-14+0.*I,-1.4999884760294095*^-14-2.4952543651263818*^-23*I,-1.499988470399944*^-14+2.495127933465927*^-23*I,-1.4999884714924445*^-14-2.495134474661892*^-23*I
0.000052042144128081093,3.1476035525898846*^-14+0.*I,3.147603553736147*^-14+0.*I,3.14760354782966*^-14+0.*I,-1.5738017792481857*^-14-2.6390900170455968*^-23*I,-1.5738017733416992*^-14+2.6389541386968076*^-23*I,-1.5738017744879608*^-14-2.6389611689004086*^-23*I
0.00005246047474819838,3.302494740252788*^-14+0.*I,3.3024947414554566*^-14+0.*I,3.302494735258317*^-14+0.*I,-1.651247373224964*^-14-2.791216899302708*^-23*I,-1.6512473670278242*^-14+2.791070869273062*^-23*I,-1.6512473682304925*^-14-2.7910784243232514*^-23*I
0.000052882168037372814,3.465007992548608*^-14+0.*I,3.4650079938104586*^-14+0.*I,3.4650079873083634*^-14+0.*I,-1.732503999525352*^-14-2.952112951084762*^-23*I,-1.7325039930232564*^-14+2.951956009836157*^-23*I,-1.732503994285107*^-14-2.9519641297069484*^-23*I
0.000053307251025763445,3.6355183839568246*^-14+0.*I,3.6355183852807704*^-14+0.*I,3.635518378458713*^-14+0.*I,-1.8177591953894415*^-14-3.1222836614260466*^-23*I,-1.8177591885673834*^-14+3.12211499446475*^-23*I,-1.817759189891329*^-14-3.122123720788323*^-23*I
0.00005373575096080594,3.81441944595298*^-14+0.*I,3.8144194473420765*^-14+0.*I,3.814419440184311*^-14+0.*I,-1.9072097265553728*^-14-3.302263657714554*^-23*I,-1.9072097193976074*^-14+3.302082388997678*^-23*I,-1.9072097207867034*^-14-3.302091767535826*^-23*I
0.000054167695308959204,4.0021240752529715*^-14+0.*I,4.002124076710424*^-14+0.*I,4.002124069200432*^-14+0.*I,-2.001062041381482*^-14-3.4926183861054915*^-23*I,-2.0010620338714895*^-14+3.492423574163822*^-23*I,-2.0010620353289422*^-14-3.492433653204288*^-23*I
0.00005460311175746586,4.199065486750525*^-14+0.*I,4.199065488279698*^-14+0.*I,4.199065480400146*^-14+0.*I,-2.0995327473150388*^-14-3.6939458869252336*^-23*I,-2.0995327394354865*^-14+3.693736519547954*^-23*I,-2.0995327409646593*^-14-3.6937473520571777*^-23*I
0.00005504202821612708,4.4056982133472316*^-14+0.*I,4.4056982149516535*^-14+0.*I,4.405698206684356*^-14+0.*I,-2.2028491108072646*^-14-3.90687867409436*^-23*I,-2.2028491025399667*^-14+3.906653664339935*^-23*I,-2.202849104144389*^-14-3.9066653057282606*^-23*I
0.00005548447281909149,4.622499154982515*^-14+0.*I,4.622499156665889*^-14+0.*I,4.622499147991765*^-14+0.*I,-2.3112495818283193*^-14-4.1320857228708064*^-23*I,-2.3112495731541954*^-14+4.1318439007868525*^-23*I,-2.31124957483757*^-14-4.131856412249307*^-23*I
0.00005593047392665859,4.849968679284657*^-14+0.*I,4.8499686810508695*^-14+0.*I,4.8499686719499*^-14+0.*I,-2.424984344192813*^-14-4.370274569019095*^-23*I,-2.4249843350918438*^-14+4.3700146794167694*^-23*I,-2.424984336858056*^-14-4.3700281256811986*^-23*I
0.00005638006012709663,5.0886317763829925*^-14+0.*I,5.088631778236119*^-14+0.*I,5.088631768687299*^-14+0.*I,-2.544315892965906*^-14-4.622193535686774*^-23*I,-2.5443158834170863*^-14+4.621914228750371*^-23*I,-2.5443158852702127*^-14-4.621928679294601*^-23*I
0.000056833260238475046,5.3390392705464284*^-14+0.*I,5.339039272490746*^-14+0.*I,5.339039262472038*^-14+0.*I,-2.6695196402825683*^-14-4.8886340817445505*^-23*I,-2.66951963026386*^-14+4.8883339064863275*^-23*I,-2.6695196322081778*^-14-4.8883494374370424*^-23*I
0.000057290103310511725,5.601769091444652*^-14+0.*I,5.601769093484648*^-14+0.*I,5.6017690829729287*^-14+0.*I,-2.8008845509781858*^-14-5.170433289348364*^-23*I,-2.8008845404664662*^-14+5.1701106866897576*^-23*I,-2.8008845425064624*^-14-5.1701273776108916*^-23*I
0.00005775061862643503,5.877427607965831*^-14+0.*I,5.877427610106214*^-14+0.*I,5.877427599077223*^-14+0.*I,-2.938713809497411*^-14-5.468476493266237*^-23*I,-2.93871379846842*^-14+5.468129787120224*^-23*I,-2.9387138006088024*^-14-5.468147724944362*^-23*I
0.00005821483570486085,6.166651027669176*^-14+0.*I,6.166651029914885*^-14+0.*I,6.166651018343168*^-14+0.*I,-3.083325519620447*^-14-5.783700061808489*^-23*I,-3.0833255080487296*^-14+5.783327451492545*^-23*I,-3.0833255102944386*^-14-5.783346730047342*^-23*I
0.000058682784301684706,6.470106865102053*^-14+0.*I,6.470106867458272*^-14+0.*I,6.470106855317122*^-14+0.*I,-3.2350534386216013*^-14-6.117094341330694*^-23*I,-3.2350534264804514*^-14+6.116693891505605*^-23*I,-3.2350534288366704*^-14-6.116714610198351*^-23*I
0.00005915449441198906,6.788495482370315*^-14+0.*I,6.788495484842483*^-14+0.*I,6.788495472103879*^-14+0.*I,-3.3942477475544596*^-14-6.469706764830215*^-23*I,-3.3942477348158555*^-14+6.469276396148035*^-23*I,-3.3942477372880225*^-14-6.469298662044072*^-23*I
0.00005962999627196602,7.122551705517343*^-14+0.*I,7.122551708111163*^-14+0.*I,7.122551694745705*^-14+0.*I,-3.561275859441401*^-14-6.842645143790392*^-23*I,-3.5612758460759425*^-14+6.842182619416061*^-23*I,-3.5612758486697626*^-14-6.84220655032021*^-23*I
0.000060109320360855414,7.473046520442049*^-14+0.*I,7.47304652316351*^-14+0.*I,7.473046509140351*^-14+0.*I,-3.736523267232604*^-14-7.237081148165247*^-23*I,-3.736523253209445*^-14+7.236584066942584*^-23*I,-3.7365232559309055*^-14-7.236609785652533*^-23*I
0.00006059249740289848,7.840788852269877*^-14+0.*I,7.840788855125259*^-14+0.*I,7.840788840412035*^-14+0.*I,-3.9203944334915513*^-14-7.65425398960669*^-23*I,-3.920394418778326*^-14+7.653719769644346*^-23*I,-3.920394421633708*^-14-7.653747408817107*^-23*I
0.00006107955836930728,8.226627432283298*^-14+0.*I,8.22662743527919*^-14+0.*I,8.226627419841942*^-14+0.*I,-4.1133137238602726*^-14-8.095474312626116*^-23*I,-4.113313708423025*^-14+8.094900177897741*^-23*I,-4.1133137114189175*^-14-8.094929882679666*^-23*I
0.00006157053448024993,8.63145275672034*^-14+0.*I,8.631452759863658*^-14+0.*I,8.631452743666759*^-14+0.*I,-4.315726386458619*^-14-8.562128311449629*^-23*I,-4.31572637026172*^-14+8.561511280407055*^-23*I,-4.3157263734050385*^-14-8.561543204747706*^-23*I
0.00006206545720685176,9.056199141961864*^-14+0.*I,9.056199145259863*^-14+0.*I,9.056199128265931*^-14+0.*I,-4.528099579477898*^-14-9.055682087245498*^-23*I,-4.528099562483966*^-14+9.055018955760236*^-23*I,-4.5280995657819643*^-14-9.055053264550661*^-23*I
0.00006256435827321262,9.501846880850544*^-14+0.*I,9.501846884310835*^-14+0.*I,9.501846866480649*^-14+0.*I,-4.750923449340365*^-14-9.577686255027037*^-23*I,-4.7509234315101795*^-14+9.57697357745776*^-23*I,-4.750923434970469*^-14-9.577010449948693*^-23*I
0.00006306726965844032,9.969424505118038*^-14+0.*I,9.969424508748605*^-14+0.*I,9.969424490041015*^-14+0.*I,-4.984712261912814*^-14-1.0129780813540514*^-22*I,-4.9847122432052237*^-14+1.0129014887648286*^-22*I,-4.984712246835792*^-14-1.0129054514618939*^-22*I
0.00006357422359870051,1.0460011159141655*^-13+0.*I,1.046001116295088*^-13+0.*I,1.0460011143322709*^-13+0.*I,-5.2300055893849127*^-14-1.071370029557863*^-22*I,-5.230005569756741*^-14+1.0712877144181103*^-22*I,-5.2300055735659676*^-14-1.0712919731983912*^-22*I
0.00006408525258928294,1.097473909050882*^-13+0.*I,1.0974739094505495*^-13+0.*I,1.0974739073911443*^-13+0.*I,-5.487369555551436*^-14-1.1331279222988827*^-22*I,-5.487369534957384*^-14+1.1330394570318018*^-22*I,-5.487369538954059*^-14-1.1330440340114017*^-22*I
0.00006460038938668445,1.1514796263137071*^-13+0.*I,1.151479626733042*^-13+0.*I,1.1514796245722956*^-13+0.*I,-5.757398142372267*^-14-1.1984457866329973*^-22*I,-5.757398120764803*^-14+1.1983507117471866*^-22*I,-5.757398124958151*^-14-1.1983556307251642*^-22*I
0.00006511966701070855,1.2081429098980207*^-13+0.*I,1.2081429103379908*^-13+0.*I,1.2081429080709163*^-13+0.*I,-6.040714560825476*^-14-1.2675288343293445*^-22*I,-6.040714538154731*^-14+1.2674266558217735*^-22*I,-6.040714542554431*^-14-1.267431942386449*^-22*I
0.000065643118746582,1.2675945354648136*^-13+0.*I,1.267594535926434*^-13+0.*I,1.2675945335477993*^-13+0.*I,-6.33797268921724*^-14-1.3405941060892752*^-22*I,-6.337972665430894*^-14+1.3404842935787453*^-22*I,-6.3379726700471*^-14-1.3404899749770505*^-22*I
0.00006617077814708839,1.329971713957895*^-13+0.*I,1.3299717144422313*^-13+0.*I,1.3299717119465467*^-13+0.*I,-6.649858582267897*^-14-1.4178711543941455*^-22*I,-6.64985855731105*^-14+1.4177531371143617*^-22*I,-6.649858562154415*^-14-1.41775924309446*^-22*I
0.00006670267903471877,1.395418408272884*^-13+0.*I,1.3954184087810543*^-13+0.*I,1.3954184061625597*^-13+0.*I,-6.977092054456892*^-14-1.4996027636653157*^-22*I,-6.977092028271947*^-14+1.4994759288901344*^-22*I,-6.97709203335365*^-14-1.4994824908308398*^-22*I
0.00006723885550383972,1.464085665508787*^-13+0.*I,1.464085666041964*^-13+0.*I,1.4640856632946163*^-13+0.*I,-7.320428341280673*^-14-1.5860457136936904*^-22*I,-7.320428313807196*^-14+1.5859094023035662*^-22*I,-7.320428319138966*^-14-1.5859164547072424*^-22*I
0.00006777934192287871,1.5361319655689326*^-13+0.*I,1.5361319661283468*^-13+0.*I,1.536131963245805*^-13+0.*I,-7.680659842257371*^-14-1.67747158586301*^-22*I,-7.680659813431956*^-14+1.6773250902295814*^-22*I,-7.680659819026097*^-14-1.677332669702989*^-22*I
0.00006832417293652712,1.6117235869157966*^-13+0.*I,1.6117235875027392*^-13+0.*I,1.611723584478351*^-13+0.*I,-8.058617949700924*^-14-1.7741676176486867*^-22*I,-8.058617919457042*^-14+1.7740101766991194*^-22*I,-8.058617925326468*^-14-1.7740183221414485*^-22*I
0.00006887338346796092,1.6910349903237774*^-13+0.*I,1.691034990939603*^-13+0.*I,1.691034987766388*^-13+0.*I,-8.455174967484961*^-14-1.8764376031584662*^-22*I,-8.455174935752812*^-14+1.8762683989991882*^-22*I,-8.455174941911068*^-14-1.8762771532968066*^-22*I
0.00006942700872107921,1.7742492215155745*^-13+0.*I,1.7742492221617043*^-13+0.*I,1.7742492188323392*^-13+0.*I,-8.871246124224698*^-14-1.984602849350998*^-22*I,-8.871246090931047*^-14+1.9844210030138605*^-22*I,-8.871246097392344*^-14-1.9844304114325556*^-22*I
0.00006998508418276077,1.8615583336113633*^-13+0.*I,1.8615583342892887*^-13+0.*I,1.8615583307960894*^-13+0.*I,-9.307791685522813*^-14-2.0990031840683044*^-22*I,-9.30779165059082*^-14+2.0988077513769092*^-22*I,-9.307791657370072*^-14-2.0988178626496452*^-22*I
0.00007054764562513872,1.9531638303657035*^-13+0.*I,1.953163831076989*^-13+0.*I,1.9531638274118935*^-13+0.*I,-9.765819170153995*^-14-2.219998025199226*^-22*I,-9.76581913350304*^-14+2.219787990669469*^-22*I,-9.765819140615895*^-14-2.219798857458345*^-22*I
0.00007111472910789351,2.049277131215079*^-13+0.*I,2.049277131961366*^-13+0.*I,2.0492771281159156*^-13+0.*I,-1.0246385675302648*^-13-2.347967508289948*^-22*I,-1.0246385636848143*^-13+2.3477417811116037*^-22*I,-1.0246385644311014*^-13-2.3477534597986906*^-22*I
0.00007168637098056427,2.150120059209302*^-13+0.*I,2.1501200599923132*^-13+0.*I,2.1501200559576328*^-13+0.*I,-1.0750600316219911*^-13-2.4833136823318675*^-22*I,-1.0750600275873108*^-13+2.48307109018855*^-22*I,-1.0750600283703221*^-13-2.4830836413817975*^-22*I
0.00007226260788487881,2.2559253529528395*^-13+0.*I,2.2559253537743822*^-13+0.*I,2.2559253495411597*^-13+0.*I,-1.1279626785930309*^-13-2.6264617720934904*^-22*I,-1.1279626743598085*^-13+2.6262010546227347*^-22*I,-1.1279626751813512*^-13-2.626214543671633*^-22*I
0.00007284347675710235,2.366937203737501*^-13+0.*I,2.3669372045994707*^-13+0.*I,2.366937200157937*^-13+0.*I,-1.1834686040895173*^-13-2.777861513898567*^-22*I,-1.1834685996479833*^-13+2.7775813172770305*^-22*I,-1.1834686005099536*^-13-2.7775958139260942*^-22*I
0.00007342901483040504,2.483411819106069*^-13+0.*I,2.483411820010456*^-13+0.*I,2.4834118153503597*^-13+0.*I,-1.2417059118830826*^-13-2.9379885696462*^-22*I,-1.2417059072229864*^-13+2.937687438096949*^-22*I,-1.2417059081273734*^-13-2.937703018148853*^-22*I
0.0000740192596372486,2.605618014147483*^-13+0.*I,2.6056180150963737*^-13+0.*I,2.6056180102069597*^-13+0.*I,-1.3028090095184483*^-13-3.1073460201632596*^-22*I,-1.3028090046290344*^-13+3.107022390091249*^-22*I,-1.3028090055779256*^-13-3.1070391338539283*^-22*I
0.00007461424901179216,2.7338378318881387*^-13+0.*I,2.7338378328837236*^-13+0.*I,2.733837827753708*^-13+0.*I,-1.3669189185090772*^-13-3.2864659468703727*^-22*I,-1.3669189133790615*^-13+3.2861181363381546*^-22*I,-1.3669189143746466*^-13-3.2861361313633757*^-22*I
0.0000752140210923173,2.8683671942110035*^-13+0.*I,2.86836719525558*^-13+0.*I,2.868367189873123*^-13+0.*I,-1.4341835997967304*^-13-3.4759111017060877*^-22*I,-1.434183594414273*^-13+3.475537304750761*^-22*I,-1.43418359545885*^-13-3.4755566441229405*^-22*I
0.00007581861432367277,3.00951658480478*^-13+0.*I,3.0095165859007597*^-13+0.*I,3.009516580253439*^-13+0.*I,-1.5047582952260505*^-13-3.676276677100668*^-22*I,-1.5047582895787295*^-13+3.6758749520957115*^-22*I,-1.5047582906747093*^-13-3.675895736701194*^-22*I
0.00007642806745973872,3.15761176571914*^-13+0.*I,3.157611766869052*^-13+0.*I,3.1576117609438336*^-13+0.*I,-1.5788058858221792*^-13-3.8881921752734183*^-22*I,-1.578805879896961*^-13+3.887760435846319*^-22*I,-1.5788058810468727*^-13-3.887782773064361*^-22*I
0.0000770424195659108,3.3129945291797266*^-13+0.*I,3.3129945303862243*^-13+0.*I,3.3129945241694334*^-13+0.*I,-1.6564972676982585*^-13-4.112323385673513*^-22*I,-1.6564972614814678*^-13+4.1118593891181607*^-22*I,-1.6564972626879658*^-13-4.1118833952709933*^-22*I
0.00007766171002160424,3.476023486397904*^-13+0.*I,3.4760234876637724*^-13+0.*I,3.4760234811410615*^-13+0.*I,-1.7380117464603074*^-13-4.349374478244886*^-22*I,-1.7380117399375965*^-13+4.348875814005558*^-22*I,-1.738011741203465*^-13-4.348901613840283*^-22*I
0.00007828597852277801,3.6470748951956256*^-13+0.*I,3.647074896523786*^-13+0.*I,3.6470748896801015*^-13+0.*I,-1.823537451019655*^-13-4.600090212390383*^-22*I,-1.8235374441759705*^-13+4.599554290835143*^-22*I,-1.823537445504131*^-13-4.599582018302484*^-22*I
0.00007891526508447928,3.826543528355416*^-13+0.*I,3.826543529748934*^-13+0.*I,3.8265435225684813*^-13+0.*I,-1.9132717677679346*^-13-4.86525828123227*^-22*I,-1.9132717605874813*^-13+4.864682319051806*^-22*I,-1.9132717619809997*^-13-4.864712117548791*^-22*I
0.00007954961004340837,4.0148435846993614*^-13+0.*I,4.0148435861614536*^-13+0.*I,4.0148435786276603*^-13+0.*I,-2.0074217961165773*^-13-5.145711783466655*^-22*I,-2.0074217885827838*^-13+5.145092788286288*^-22*I,-2.0074217900448763*^-13-5.145124813517366*^-22*I
0.00008018905406050434,4.212409644999686*^-13+0.*I,4.212409646533726*^-13+0.*I,4.212409638629205*^-13+0.*I,-2.1062048264521034*^-13-5.4423318416838865*^-22*I,-2.1062048185475825*^-13+5.441666598606325*^-22*I,-2.1062048200816227*^-13-5.441701017534478*^-22*I
0.00008083363812355121,4.4196976749268466*^-13+0.*I,4.419697676536376*^-13+0.*I,4.4196976682428845*^-13+0.*I,-2.2098488416101692*^-13-5.756050371143807*^-22*I,-2.2098488333166776*^-13+5.755335424778573*^-22*I,-2.2098488349262068*^-13-5.75537241429412*^-22*I
0.00008148340354980533,4.637186077349765*^-13+0.*I,4.637186079038498*^-13+0.*I,4.637186070336895*^-13+0.*I,-2.318593043025684*^-13-6.087853007315631*^-22*I,-2.318593034324081*^-13+6.087084643940608*^-22*I,-2.3185930360128133*^-13-6.087124397729156*^-22*I
0.00008213839198864377,4.865376796416583*^-13+0.*I,4.865376798188417*^-13+0.*I,4.865376789058621*^-13+0.*I,-2.4326884027731895*^-13-6.438782202317934*^-22*I,-2.4326883936433936*^-13+6.437956431258082*^-22*I,-2.4326883954152266*^-13-6.437999154704543*^-22*I
0.00008279864542423396,5.104796475963837*^-13+0.*I,5.104796477822861*^-13+0.*I,5.104796468243801*^-13+0.*I,-2.5523982427714485*^-13-6.809940500385107*^-22*I,-2.5523982331923885*^-13+6.809053032366609*^-22*I,-2.5523982350514123*^-13-6.809098948295104*^-22*I
0.00008346420617822491,5.355997674927416*^-13+0.*I,5.355997676877921*^-13+0.*I,5.355997666827489*^-13+0.*I,-2.677998842488924*^-13-7.202494002855865*^-22*I,-2.677998832438492*^-13+7.201540228059692*^-22*I,-2.6779988343889965*^-13-7.201589574616545*^-22*I
0.00008413511691245988,5.619560142560016*^-13+0.*I,5.619560144606503*^-13+0.*I,5.619560134061504*^-13+0.*I,-2.8097800765525076*^-13-7.617676030271465*^-22*I,-2.8097800660075087*^-13+7.616650994959301*^-22*I,-2.8097800680539957*^-13-7.616704028461541*^-22*I
0.0000848114206317111,5.896092156398108*^-13+0.*I,5.8960921585453*^-13+0.*I,5.896092147481398*^-13+0.*I,-2.9480460837310056*^-13-8.056790997410206*^-22*I,-2.9480460726671024*^-13+8.055689378302325*^-22*I,-2.948046074814295*^-13-8.055746373893942*^-22*I
0.00008549316068643625,6.186231926065831*^-13+0.*I,6.186231928318686*^-13+0.*I,6.186231916710345*^-13+0.*I,-3.093115968837086*^-13-8.521218515733003*^-22*I,-3.093115957228745*^-13+8.520034588823597*^-22*I,-3.093115959481599*^-13-8.520095843214064*^-22*I
0.00008618038077555715,6.490649066155579*^-13+0.*I,6.490649068519293*^-13+0.*I,6.490649056339723*^-13+0.*I,-3.245324539167574*^-13-9.012417720732091*^-22*I,-3.245324526988004*^-13+9.011145337584542*^-22*I,-3.2453245293517183*^-13-9.011211167649766*^-22*I
0.00008687312494926097,6.810046141584166*^-13+0.*I,6.810046144064196*^-13+0.*I,6.810046131285289*^-13+0.*I,-3.405023077181537*^-13-9.53193186055579*^-22*I,-3.4050230644026293*^-13+9.53056441176196*^-22*I,-3.4050230668826596*^-13-9.530635160560394*^-22*I
0.00008757143761182364,7.145160288990755*^-13+0.*I,7.145160291592825*^-13+0.*I,7.145160278185087*^-13+0.*I,-3.5725801511992465*^-13-1.008139314655843*^-21*I,-3.572580137791508*^-13+1.0079923529913768*^-21*I,-3.572580140393578*^-13-1.007999956373926*^-21*I
0.00008827536352445623,7.496764917918302*^-13+0.*I,7.496764920648417*^-13+0.*I,7.496764906580905*^-13+0.*I,-3.7483824659929066*^-13-1.0662527877035557*^-21*I,-3.748382451925395*^-13+1.0660948459198901*^-21*I,-3.74838245465551*^-13-1.0661030174860683*^-21*I
0.00008898494780817405,7.865671495704276*^-13+0.*I,7.865671498568737*^-13+0.*I,7.865671483808985*^-13+0.*I,-3.932835755232014*^-13-1.1277161865159121*^-21*I,-3.932835740472262*^-13+1.1275464441436303*^-21*I,-3.932835743336723*^-13-1.1275552262892368*^-21*I
0.00008970023594668892,8.252731420199613*^-13+0.*I,8.252731423205032*^-13+0.*I,8.252731407718976*^-13+0.*I,-4.1263657178428346*^-13-1.1927226172427555*^-21*I,-4.1263657023567786*^-13+1.192540192774966*^-21*I,-4.1263657053621973*^-13-1.1925496308735804*^-21*I
0.00009042127378932457,8.658837984637562*^-13+0.*I,8.658837987790874*^-13+0.*I,8.658837971542774*^-13+0.*I,-4.3294190004428305*^-13-1.2614763177525585*^-21*I,-4.329418984194731*^-13+1.2612802634696978*^-21*I,-4.329418987348043*^-13-1.2612904070052186*^-21*I
0.00009114810755395557,9.084928439186635*^-13+0.*I,9.084928442495118*^-13+0.*I,9.084928425447476*^-13+0.*I,-4.5424642281171385*^-13-1.3341932995260926*^-21*I,-4.542464211069496*^-13+1.3339825970062772*^-21*I,-4.5424642143779795*^-13-1.333993498474349*^-21*I
0.00009188078382996989,9.531986153945148*^-13+0.*I,9.531986157416437*^-13+0.*I,9.531986139529908*^-13+0.*I,-4.765993085915838*^-13-1.411102025421775*^-21*I,-4.76599306802931*^-13+1.4108755806301415*^-21*I,-4.7659930715006*^-13-1.4108872963369619*^-21*I
0.00009261934958125518,1.000104288836868*^-12+0.*I,1.000104289201079*^-12+0.*I,1.0001042873244095*^-12+0.*I,-5.000521453567689*^-13-1.4924441289954228*^-21*I,-5.000521434800993*^-13+1.4922007657014498*^-21*I,-5.000521438443102*^-13-1.4922133566442936*^-21*I
0.00009336385214920913,1.0493181172367607*^-12+0.*I,1.0493181176188939*^-12+0.*I,1.0493181156498766*^-12+0.*I,-5.246590596028889*^-13-1.5784751723899592*^-21*I,-5.246590576338717*^-13+1.5782136262849225*^-21*I,-5.24659058016005*^-13-1.578227158204054*^-21*I
0.00009411433925577403,1.1009536804569414*^-12+0.*I,1.100953680857879*^-12+0.*I,1.1009536787919698*^-12+0.*I,-5.504768412614253*^-13-1.6694654500509748*^-21*I,-5.504768391955161*^-13+1.6691843626666315*^-21*I,-5.504768395964537*^-13-1.6691989055092297*^-21*I
0.00009487085900649567,1.1551301473510874*^-12+0.*I,1.1551301477717548*^-12+0.*I,1.1551301456041858*^-12+0.*I,-5.775650747593282*^-13-1.7657008372381545*^-21*I,-5.775650725917591*^-13+1.7653987486596594*^-21*I,-5.775650730124266*^-13-1.7654143781249726*^-21*I
0.00009563345989360693,1.2119725507808918*^-12+0.*I,1.2119725512222597*^-12+0.*I,1.2119725489480284*^-12+0.*I,-6.059862765275616*^-13-1.867483689279473*^-21*I,-6.059862742533302*^-13+1.867159030422286*^-21*I,-6.059862746946982*^-13-1.867175827634382*^-21*I
0.000096402190799136,1.271612076165648*^-12+0.*I,1.2716120766287352*^-12+0.*I,1.271612074242593*^-12+0.*I,-6.358060392758951*^-13-1.975133790380009*^-21*I,-6.358060368897529*^-13+1.9747848750218468*^-21*I,-6.3580603735284*^-13-1.9748029270919285*^-21*I
0.0000971771009980397,1.3341863642302055*^-12+0.*I,1.3341863647160806*^-12+0.*I,1.3341863622125205*^-12+0.*I,-6.670931833668828*^-13-2.088989359573729*^-21*I,-6.670931808633227*^-13+2.088614375227713*^-21*I,-6.670931813491978*^-13-2.0886337760241*^-21*I
0.00009795824016136204,1.3998398286499271*^-12+0.*I,1.3998398291597117*^-12+0.*I,1.3998398265329558*^-12+0.*I,-6.999199156383414*^-13-2.2094081122842116*^-21*I,-6.999199130115856*^-13+2.209005111064095*^-21*I,-6.999199135213702*^-13-2.209025961552488*^-21*I
0.00009874565835941797,1.4687239893256344*^-12+0.*I,1.4687239898605048*^-12+0.*I,1.4687239871044912*^-12+0.*I,-7.34361996040824*^-13-2.3367683846444014*^-21*I,-7.343619932848104*^-13+2.33633527363216*^-21*I,-7.343619938196808*^-13-2.336357682047531*^-21*I
0.00009953940606500291,1.5409978220576268*^-12+0.*I,1.5409978226188176*^-12+0.*I,1.5409978197271856*^-12+0.*I,-7.704989124746294*^-13-2.47147032276183*^-21*I,-7.704989095829973*^-13+2.4710048521682246*^-21*I,-7.704989101441882*^-13-2.471028934581936*^-21*I
0.00010033953415662788,1.6168281254256648*^-12+0.*I,1.6168281260144712*^-12+0.*I,1.6168281229805474*^-12+0.*I,-8.084140642297943*^-13-2.6139371391799217*^-21*I,-8.084140611958705*^-13+2.6134368913329838*^-21*I,-8.084140617846769*^-13-2.613462773116501*^-21*I
0.00010114609392178121,1.6963899057215899*^-12+0.*I,1.6963899063393706*^-12+0.*I,1.6963899031561532*^-12+0.*I,-8.481949544524036*^-13-2.764616442591009*^-21*I,-8.481949512691862*^-13+2.764078819265374*^-21*I,-8.48194951886967*^-13-2.7641066350692263*^-21*I
0.00010195913706021541,1.7798667808227014*^-12+0.*I,1.7798667814708824*^-12+0.*I,1.779866778131025*^-12+0.*I,-8.899333920812793*^-13-2.923981645620577*^-21*I,-8.899333887414219*^-13+2.923403854265728*^-21*I,-8.89933389389603*^-13-2.923433747922588*^-21*I
0.0001027787156872614,1.8674514039380442*^-12+0.*I,1.8674514046181216*^-12+0.*I,1.8674514011139163*^-12+0.*I,-9.33725703721125*^-13-3.0925334498905422*^-21*I,-9.337257002169195*^-13+3.091912489418072*^-21*I,-9.337257008969966*^-13-3.09194461653684*^-21*I
0.0001036048823371691,1.95934590820532*^-12+0.*I,1.959345908918863*^-12+0.*I,1.9593459052422226*^-12+0.*I,-9.796729559409803*^-13-3.2708014211552214*^-21*I,-9.796729522643398*^-13+3.2701340660937677*^-21*I,-9.796729529778828*^-13-3.2701685937538675*^-21*I
0.00010443768996647468,2.0557623731643762*^-12+0.*I,2.0557623739130316*^-12+0.*I,2.0557623700554712*^-12+0.*I,-1.0278811885109683*^-12-3.459345652505975*^-21*I,-1.0278811846534077*^-12+3.45862843664057*^-21*I,-1.0278811854020633*^-12-3.4586655436728456*^-21*I
0.0001052771919573951,2.1569233141837176*^-12+0.*I,2.1569233149692137*^-12+0.*I,2.1569233109218302*^-12+0.*I,-1.0784616591155505*^-12-3.658758524098196*^-21*I,-1.078461655068167*^-12+3.657987722416373*^-21*I,-1.078461655853663*^-12-3.6580276023191665*^-21*I
0.00010612344212124989,2.2630621959693984*^-12+0.*I,2.2630621967935478*^-12+0.*I,2.2630621925470004*^-12+0.*I,-1.1315311001079727*^-12-3.869666564992398*^-21*I,-1.1315310958614255*^-12+3.868838173360489*^-21*I,-1.1315310966855749*^-12-3.868881032480741*^-21*I
0.00010697649470191035,2.3744239713412503*^-12+0.*I,2.374423972205955*^-12+0.*I,2.374423967750444*^-12+0.*I,-1.1872119878983804*^-12-4.092732419985284*^-21*I,-1.1872119834428696*^-12+4.09184213642205*^-21*I,-1.1872119843075743*^-12-4.091888197655848*^-21*I
0.00010783640437927654,2.4912656465196796*^-12+0.*I,2.4912656474269356*^-12+0.*I,2.491265642752178*^-12+0.*I,-1.2456328255972186*^-12-4.328656934751467*^-21*I,-1.2456328209224613*^-12+4.327700133975693*^-21*I,-1.2456328218297168*^-12-4.3277496369297365*^-21*I
0.00010870322627278226,2.6138568742274874*^-12+0.*I,2.6138568751793877*^-12+0.*I,2.6138568702745956*^-12+0.*I,-1.3069284395661397*^-12-4.578181354264872*^-21*I,-1.3069284346613474*^-12+4.577153067342555*^-21*I,-1.306928435613248*^-12-4.5772062686681784*^-21*I
0.0001095770159449281,2.7424805759752643*^-12+0.*I,2.7424805769740065*^-12+0.*I,2.7424805718278603*^-12+0.*I,-1.3712402905607055*^-12-4.842089654583232*^-21*I,-1.3712402854145588*^-12+4.840984540171904*^-21*I,-1.3712402864133013*^-12-4.841041716296391*^-21*I
0.00011045782940484296,2.8774335949663263*^-12+0.*I,2.8774335960142155*^-12+0.*I,2.877433590614838*^-12+0.*I,-1.4387168001828519*^-12-5.121211004765428*^-21*I,-1.4387167947834744*^-12+5.1200233233753254*^-21*I,-1.4387167958313637*^-12-5.120084771542034*^-21*I
0.00011134572311187421,3.019027381127784*^-12+0.*I,3.019027382227238*^-12+0.*I,3.0190273765621694*^-12+0.*I,-1.5095136933964263*^-12-5.416422373088272*^-21*I,-1.5095136877313575*^-12+5.415145955150134*^-21*I,-1.5095136888308118*^-12-5.4152119945215916*^-21*I
0.00011224075397920669,3.167588709848421*^-12+0.*I,3.1675887110019782*^-12+0.*I,3.1675887050581435*^-12+0.*I,-1.5837943578961277*^-12-5.728651281184781*^-21*I,-1.5837943519522932*^-12+5.727279497315022*^-21*I,-1.5837943531058503*^-12-5.727350470639791*^-21*I
0.0001131429793775107,3.32346043608189*^-12+0.*I,3.3234604372922124*^-12+0.*I,3.323460431055895*^-12+0.*I,-1.6617302211591035*^-12-6.058878720009688*^-21*I,-1.6617302149227863*^-12+6.057404444347467*^-21*I,-1.6617302161331085*^-12-6.057480720134252*^-21*I
0.00011405245713861955,3.4870022855553284*^-12+0.*I,3.4870022868252085*^-12+0.*I,3.487002280282016*^-12+0.*I,-1.7435011460492602*^-12-6.408142229379438*^-21*I,-1.743501139506068*^-12+6.406557805096601*^-21*I,-1.743501140775948*^-12-6.4066397806171896*^-21*I
0.0001149692455592364,3.658591684909036*^-12+0.*I,3.658591686241406*^-12+0.*I,3.6585916793762384*^-12+0.*I,-1.829295845887102*^-12-6.777539162072529*^-21*I,-1.8292958390219343*^-12+6.7758363594363385*^-21*I,-1.8292958403543037*^-12-6.775924458843635*^-21*I
0.00011589340340467114,3.838624632682807*^-12+0.*I,3.83862463408074*^-12+0.*I,3.838624626877754*^-12+0.*I,-1.9193123199428968*^-12-7.168230128674938*^-21*I,-1.91931231273991*^-12+7.166400103390765*^-21*I,-1.9193123141378434*^-12-7.166494784463409*^-21*I
0.00011682498991260709,4.027516613158608*^-12+0.*I,4.027516614625332*^-12+0.*I,4.0275166070679036*^-12+0.*I,-2.013758310358018*^-12-7.581442644709802*^-21*I,-2.0137583028005895*^-12+7.579475891607925*^-21*I,-2.0137583042673132*^-12-7.57957764648086*^-21*I
0.00011776406479689815,4.225703555168329*^-12+0.*I,4.225703556707228*^-12+0.*I,4.225703548777916*^-12+0.*I,-2.11285178154882*^-12-8.018474988333051*^-21*I,-2.1128517736195083*^-12+8.016361291185787*^-21*I,-2.1128517751584076*^-12-8.016470649310123*^-21*I
0.00011871068825139637,4.433642838078941*^-12+0.*I,4.4336428396935676*^-12+0.*I,4.433642831374073*^-12+0.*I,-2.2168214231992176*^-12-8.48070027993816*^-21*I,-2.2168214148797233*^-12+8.47842865989845*^-21*I,-2.2168214164943496*^-12-8.47854618928448*^-21*I
0.00011966492095381032,4.651814347276338*^-12+0.*I,4.651814348970417*^-12+0.*I,4.651814340241541*^-12+0.*I,-2.3259071780026068*^-12-8.969570795044711*^-21*I,-2.3259071692737304*^-12+8.967129453956088*^-21*I,-2.3259071709678105*^-12-8.967255763861622*^-21*I
0.00012062682406959455,4.880721581583316*^-12+0.*I,4.880721583360759*^-12+0.*I,4.880721574202356*^-12+0.*I,-2.440360795370859*^-12-9.486622529477557*^-21*I,-2.440360786212457*^-12+9.483998787211553*^-21*I,-2.4403607879898997*^-12-9.48413453389262*^-21*I
0.00012159645925587012,5.120892815166933*^-12+0.*I,5.120892817031842*^-12+0.*I,5.120892807422777*^-12+0.*I,-2.560446412387999*^-12-1.003348002378426*^-20*I,-2.5604464027789343*^-12+1.0030660251495347*^-20*I,-2.5604464046438424*^-12-1.0030806140979391*^-20*I
0.00012257388866537683,5.372882316616294*^-12+0.*I,5.372882318572971*^-12+0.*I,5.372882308491069*^-12+0.*I,-2.686441163349098*^-12-1.0611861468849701*^-20*I,-2.6864411532671957*^-12+1.0608831021126793*^-20*I,-2.6864411552238732*^-12-1.0608987809607374*^-20*I
0.0001235591749504572,5.637271628003611*^-12+0.*I,5.637271630056573*^-12+0.*I,5.6372716194785666*^-12+0.*I,-2.8186358192908085*^-12-1.1223584103319889*^-20*I,-2.818635808712802*^-12+1.1220327240069134*^-20*I,-2.8186358107657648*^-12-1.1220495743794213*^-20*I
0.00012455238126707233,5.914670906879861*^-12+0.*I,5.914670909033847*^-12+0.*I,5.9146708979353245*^-12+0.*I,-2.9573354589891916*^-12-1.1870569927838283*^-20*I,-2.957335447890669*^-12+1.1867069732051386*^-20*I,-2.9573354500446546*^-12-1.1867250824307123*^-20*I
0.0001255535712788502,6.205720334301514*^-12+0.*I,6.205720336561494*^-12+0.*I,6.205720324916842*^-12+0.*I,-3.102860172973083*^-12-1.255485173676989*^-20*I,-3.102860161328431*^-12+1.255109002938105*^-20*I,-3.1028601635884106*^-12-1.255128465068004*^-20*I
0.00012656280916116641,6.511091592137187*^-12+0.*I,6.5110915945083766*^-12+0.*I,6.511091582290723*^-12+0.*I,-3.25554580217742*^-12-1.3278579512078257*^-20*I,-3.255545789959766*^-12+1.3274536753249445*^-20*I,-3.2555457923309563*^-12-1.3274745916884588*^-20*I
0.0001275801596052579,6.831489413062897*^-12+0.*I,6.831489415550769*^-12+0.*I,6.8314894027319175*^-12+0.*I,-3.415744712940874*^-12-1.4044027175846976*^-20*I,-3.4157447001220225*^-12+1.4039682368201755*^-20*I,-3.4157447026098946*^-12-1.4039907158976117*^-20*I
0.00012860568782236938,7.16765320682224*^-12+0.*I,7.167653209432536*^-12+0.*I,7.167653195982905*^-12+0.*I,-3.5838266101359357*^-12-1.4853599737262682*^-20*I,-3.5838265966863037*^-12+1.4848930314197467*^-20*I,-3.5838265992966006*^-12-1.48491719005001*^-20*I
0.00012963945954793345,7.520358766503936*^-12+0.*I,7.520358769242682*^-12+0.*I,7.52035875513123*^-12+0.*I,-3.760179390307693*^-12-1.5709840847502816*^-20*I,-3.7601793761962416*^-12+1.5704822555002477*^-20*I,-3.760179378934987*^-12-1.570508218948412*^-20*I
0.00013068154104578424,7.8904200587736*^-12+0.*I,7.890420061647113*^-12+0.*I,7.890420046841278*^-12+0.*I,-3.945210036789717*^-12-1.6615440789309513*^-20*I,-3.945210021983881*^-12+1.6610047562779947*^-20*I,-3.945210024857395*^-12-1.6610326596964057*^-20*I
0.00013173199911240466,8.2786911021903*^-12+0.*I,8.278691105205215*^-12+0.*I,8.278691089670826*^-12+0.*I,-4.139345558862344*^-12-1.7573244942379698*^-20*I,-4.139345543327955*^-12+1.756744876821733*^-20*I,-4.1393455463428705*^-12-1.7567748651306047*^-20*I
0.00013279090108120816,8.686067937941996*^-12+0.*I,8.68606794110527*^-12+0.*I,8.686067924806479*^-12+0.*I,-4.3430339771203925*^-12-1.8586262708722883*^-20*I,-4.3430339608216015*^-12+1.858003348168227*^-20*I,-4.343033963984877*^-12-1.8580355769966596*^-20*I
0.00013385831482685474,9.113490697546636*^-12+0.*I,9.113490700865569*^-12+0.*I,9.113490683764763*^-12+0.*I,-4.556745357323721*^-12-1.9657676976510773*^-20*I,-4.556745340222914*^-12+1.9650982343705507*^-20*I,-4.556745343541848*^-12-1.965132871091009*^-20*I
0.00013493430876960157,9.561945772289882*^-12+0.*I,9.561945775772134*^-12+0.*I,9.561945757829847*^-12+0.*I,-4.780972895116084*^-12-2.0790854124792772*^-20*I,-4.780972877173796*^-12+2.0783659311662737*^-20*I,-4.78097288065605*^-12-2.0784031557398142*^-20*I
0.0001360189518796887,1.0032468089404816*^-11+0.*I,1.0032468093058424*^-11+0.*I,1.0032468074233251*^-11+0.*I,-5.016234054114994*^-12-2.1989354593400452*^-20*I,-5.0162340352898205*^-12+2.1981622232614678*^-20*I,-5.0162340389434296*^-12-2.1982022290230884*^-20*I
0.00013711231368176,1.0526143500245513*^-11+0.*I,1.0526143504078908*^-11+0.*I,1.0526143484327407*^-11+0.*I,-5.263071759998507*^-12-2.325694407580774*^-20*I,-5.263071740247005*^-12+2.3248634005231027*^-20*I,-5.263071744080401*^-12-2.3249063949253402*^-20*I
0.00013821446425931963,1.1044111285964378*^-11+0.*I,1.104411128998641*^-11+0.*I,1.1044111269262997*^-11+0.*I,-5.5220556533438945*^-12-2.459760535129606*^-20*I,-5.522055632620482*^-12+2.4588674408278326*^-20*I,-5.522055636642513*^-12-2.4589136476013767*^-20*I
0.00013932547425922433,1.1587566786474711*^-11+0.*I,1.1587566790694659*^-11+0.*I,1.1587566768951512*^-11+0.*I,-5.793783404108928*^-12-2.601555079644277*^-20*I,-5.793783382365782*^-12+2.600595259163729*^-20*I,-5.793783386585729*^-12-2.60064491824413*^-20*I
0.00014044541489621176,1.2157764158763772*^-11+0.*I,1.2157764163191374*^-11+0.*I,1.2157764140378318*^-11+0.*I,-6.078882090788413*^-12-2.7515235624570786*^-20*I,-6.078882067975356*^-12+2.750492030900642*^-20*I,-6.07888207240296*^-12-2.750545400174992*^-20*I
0.00014157435795746545,1.2756019270920686*^-11+0.*I,1.2756019275566163*^-11+0.*I,1.2756019251630548*^-11+0.*I,-6.37800964742815*^-12-2.9101371889948483*^-20*I,-6.378009623492534*^-12+2.909028588302135*^-20*I,-6.378009628138013*^-12-2.909085944923722*^-20*I
0.0001427123758072161,1.3383712738555998*^-11+0.*I,1.338371274343007*^-11+0.*I,1.3383712718316662*^-11+0.*I,-6.6918563818347014*^-12-3.077894328302803*^-20*I,-6.691856356721294*^-12+3.076702900192569*^-20*I,-6.6918563615953666*^-12-3.0767645422414765*^-20*I
0.00014385954139138022,1.4042293110618682*^-11+0.*I,1.40422931157326*^-11+0.*I,1.4042293089383444*^-11+0.*I,-7.0211465684839185*^-12-3.2553220792529483*^-20*I,-7.021146542134762*^-12+3.254041636272297*^-20*I,-7.02114654724868*^-12-3.2541078836894084*^-20*I
0.0001450159282422358,1.4733280211960686*^-11+0.*I,1.473328021732625*^-11+0.*I,1.4733280189680538*^-11+0.*I,-7.366640119803197*^-12-3.4429779289006226*^-20*I,-7.366640092157486*^-12+3.44160181956942*^-20*I,-7.36664009752305*^-12-3.4416730164584235*^-20*I
0.00014618161048313573,1.5458268650360862*^-11+0.*I,1.5458268655990453*^-11+0.*I,1.5458268626984392*^-11+0.*I,-7.72913433968346*^-12-3.641451500450732*^-20*I,-7.729134310677399*^-12+3.639972577824545*^-20*I,-7.729134316306992*^-12-3.6400490941058464*^-20*I
0.00014735666283325895,1.62189314960996*^-11+0.*I,1.6218931502006214*^-11+0.*I,1.6218931471572863*^-11+0.*I,-8.109465763266473*^-12-3.851366409257052*^-20*I,-8.109465732833123*^-12+3.849776991998831*^-20*I,-8.109465738739737*^-12-3.8498592251318556*^-20*I
0.00014854116061239998,1.701702414257326*^-11+0.*I,1.7017024148770528*^-11+0.*I,1.701702411683966*^-11+0.*I,-8.508512087252063*^-12-4.073382222147659*^-20*I,-8.508512055321195*^-12+4.07167405419808*^-20*I,-8.508512061518461*^-12-4.0717624314855146*^-20*I
0.0001497351797457967,1.7854388356855356*^-11+0.*I,1.7854388363357578*^-11+0.*I,1.7854388329855506*^-11+0.*I,-8.927194195178714*^-12-4.308196528045906*^-20*I,-8.92719416167664*^-12+4.3063607376310454*^-20*I,-8.927194168178862*^-12-4.306455717490347*^-20*I
0.00015093879676899774,1.8732956529550042*^-11+0.*I,1.8732956536372227*^-11+0.*I,1.8732956501221636*^-11+0.*I,-9.366478282350315*^-12-4.5565471308770245*^-20*I,-9.366478247199724*^-12+4.5545741836202443*^-20*I,-9.366478254021907*^-12-4.5546762595032964*^-20*I
0.0001521520888327669,1.9654756133740836*^-11+0.*I,1.9654756140898728*^-11+0.*I,1.9654756104018502*^-11+0.*I,-9.827378085310528*^-12-4.819214369670586*^-20*I,-9.827378048430305*^-12+4.8170940176990817*^-20*I,-9.827378055588195*^-12-4.817203719944231*^-20*I
0.00015337513370802978,2.0621914403324926*^-11+0.*I,2.0621914410835038*^-11+0.*I,2.0621914372140075*^-11+0.*I,-1.0310957221009941*^-11-5.097023568201521*^-20*I,-1.0310957182314978*^-11+5.094744798540704*^-20*I,-1.0310957189825093*^-11-5.09486269721892*^-20*I
0.00015460800979085894,2.1636663241523658*^-11+0.*I,2.163666324940333*^-11+0.*I,2.1636663208804328*^-11+0.*I,-1.0818331641061324*^-11-5.390847630127005*^-20*I,-1.0818331600462327*^-11+5.388398606880722*^-20*I,-1.0818331608341998*^-11-5.388525314009232*^-20*I
0.00015585079610749746,2.2701344370892762*^-11+0.*I,2.2701344379160177*^-11+0.*I,2.2701344336563455*^-11+0.*I,-1.1350672206744739*^-11-5.70160978160662*^-20*I,-1.1350672164148018*^-11+5.698977785215735*^-20*I,-1.1350672172415432*^-11-5.699113959016766*^-20*I
0.00015710357231942594,2.3818414736717198*^-11+0.*I,2.3818414745391433*^-11+0.*I,2.3818414700698694*^-11+0.*I,-1.1909207390704967*^-11-6.030286471612974*^-20*I,-1.1909207346012226*^-11+6.027457830597542*^-20*I,-1.1909207354686462*^-11-6.027604178507148*^-20*I
0.00015836641872846857,2.4990452176252822*^-11+0.*I,2.4990452185353897*^-11+0.*I,2.4990452138462*^-11+0.*I,-1.2495226111572356*^-11-6.377910441090606*^-20*I,-1.249522606468046*^-11+6.374870464746507*^-20*I,-1.2495226073781536*^-11-6.375027746439652*^-20*I
0.0001596394162819396,2.6220161366894265*^-11+0.*I,2.6220161376443183*^-11+0.*I,2.622016132724392*^-11+0.*I,-1.311008070804676*^-11-6.745573968480428*^-20*I,-1.3110080658847497*^-11+6.74230686714183*^-20*I,-1.3110080668396418*^-11-6.742475900426115*^-20*I
0.00016092264657783262,2.7510380066993303*^-11+0.*I,2.7510380077012105*^-11+0.*I,2.7510380025391944*^-11+0.*I,-1.3755190059306727*^-11-7.134432301774676*^-20*I,-1.3755190007686568*^-11+7.130921105816718*^-20*I,-1.3755190017705368*^-11-7.131102767936627*^-20*I
0.0001622161918700508,2.8864085663723187*^-11+0.*I,2.8864085674234992*^-11+0.*I,2.886408562007481*^-11+0.*I,-1.4432042858941677*^-11-7.545707288872115*^-20*I,-1.44320428047815*^-11+7.541933762514174*^-20*I,-1.4432042815293305*^-11-7.542128996837993*^-20*I
0.00016352013507367922,3.028440204309507*^-11+0.*I,3.028440205412413*^-11+0.*I,3.028440199729896*^-11+0.*I,-1.514220104996012*^-11-7.980691215762681*^-20*I,-1.514220099313494*^-11+7.976635759892844*^-20*I,-1.5142201004164004*^-11-7.976845580786172*^-20*I
0.00016483455977029973,3.177460679797535*^-11+0.*I,3.1774606809547125*^-11+0.*I,3.177460674992582*^-11+0.*I,-1.588730342879832*^-11-8.44075087280303*^-20*I,-1.5887303369177015*^-11+8.436392422533438*^-20*I,-1.5887303380748793*^-11-8.436617919537217*^-20*I
0.00016615955021334839,3.3338138790731955*^-11+0.*I,3.3338138802873157*^-11+0.*I,3.333813874031814*^-11+0.*I,-1.6669069426643483*^-11-8.927331840168392*^-20*I,-1.6669069364088462*^-11+8.922647759934905*^-20*I,-1.6669069376229664*^-11-8.92289010394177*^-20*I
0.0001674951913335161,3.497860608795612*^-11+0.*I,3.497860610069476*^-11+0.*I,3.497860603506168*^-11+0.*I,-1.7489303076794596*^-11-9.44196304162618*^-20*I,-1.7489303011161514*^-11+9.436929000758318*^-20*I,-1.7489303023900153*^-11-9.437189451759631*^-20*I
0.00016884156874419245,3.6699794285563405*^-11+0.*I,3.6699794298928886*^-11+0.*I,3.669979423006629*^-11+0.*I,-1.8349897177212995*^-11-9.986261539438159*^-20*I,-1.8349897108350397*^-11+9.980851393724555*^-20*I,-1.8349897121715874*^-11-9.981131303820361*^-20*I
0.00017019876874695372,3.850567524347995*^-11+0.*I,3.850567525750311*^-11+0.*I,3.850567518525209*^-11+0.*I,-1.925283765786548*^-11-1.056193762540837*^-19*I,-1.9252837585614455*^-11+1.0556123274862976*^-19*I,-1.9252837599637615*^-11-1.0556424096664535*^-19*I
0.00017156687833709439,4.040041625006198*^-11+0.*I,4.040041626477519*^-11+0.*I,4.0400416188969015*^-11+0.*I,-2.020020816293407*^-11-1.1170800185446595*^-19*I,-2.0200208087127896*^-11+1.116455143020933*^-19*I,-2.0200208101841103*^-11-1.1164874727177517*^-19*I
0.00017294598520920375,4.2388389637390873*^-11+0.*I,4.238838965282808*^-11+0.*I,4.2388389573291834*^-11+0.*I,-2.119419485846355*^-11-1.1814762392255039*^-19*I,-2.11941947789273*^-11+1.180804677784694*^-19*I,-2.119419479436451*^-11-1.1808394229164527*^-19*I
0.00017433617776278695,4.447418286962304*^-11+0.*I,4.447418288581988*^-11+0.*I,4.4474182802370015*^-11+0.*I,-2.223709147653644*^-11-1.249584771438771*^-19*I,-2.223709139308658*^-11+1.248863036013379*^-19*I,-2.2237091409283413*^-11-1.2489003771681605*^-19*I
0.00017573754510793118,4.666260912766681*^-11+0.*I,4.6662609144660645*^-11+0.*I,4.6662609057104605*^-11+0.*I,-2.3331304607611408*^-11-1.3216196274481163*^-19*I,-2.333130452005537*^-11+1.3208439695713693*^-19*I,-2.333130453704921*^-11-1.3208841004751605*^-19*I
0.00017715017707101784,4.895871841460314*^-11+0.*I,4.89587184324332*^-11+0.*I,4.895871834056895*^-11+0.*I,-2.447935925323368*^-11-1.3978071575130928*^-19*I,-2.447935916136943*^-11+1.396973548435106*^-19*I,-2.447935917919949*^-11-1.3970166776485833*^-19*I
0.00017857416420048006,5.136780920746643*^-11+0.*I,5.1367809226173864*^-11+0.*I,5.1367809129789415*^-11+0.*I,-2.5683904651925427*^-11-1.4783867614309179*^-19*I,-2.5683904555540975*^-11+1.4774908716412234*^-19*I,-2.5683904574248408*^-11-1.4775372229985408*^-19*I
0.0001800095977726069,5.3895440682263836*^-11+0.*I,5.389544070189181*^-11+0.*I,5.3895440600764755*^-11+0.*I,-2.694772039169543*^-11-1.5636116405273225*^-19*I,-2.6947720290568374*^-11+1.5626488169410695*^-19*I,-2.694772031019635*^-11-1.5626986313019508*^-19*I
0.00018145656979739411,5.654744554043232*^-11+0.*I,5.654744556102614*^-11+0.*I,5.654744545492312*^-11+0.*I,-2.8273722823267654*^-11-1.6537495937424041*^-19*I,-2.8273722717164634*^-11+1.6527148357215497*^-19*I,-2.827372273775845*^-11-1.6527683718051731*^-19*I
0.0001829151730244418,5.932994346631954*^-11+0.*I,5.932994348792673*^-11+0.*I,5.932994337660292*^-11+0.*I,-2.966497178882166*^-11-1.7490838590466148*^-19*I,-2.9664971677497845*^-11+1.747971791957263*^-19*I,-2.966497169910503*^-11-1.7480293280670583*^-19*I
0.00018438550094889957,6.224935524673101*^-11+0.*I,6.22493552694014*^-11+0.*I,6.224935515259992*^-11+0.*I,-3.1124677681766226*^-11-1.8499140032911286*^-19*I,-3.1124677564964737*^-11+1.848718851644481*^-19*I,-3.1124677587635146*^-11-1.8487806861992262*^-19*I
0.00018586764781745968,6.531241758511234*^-11+0.*I,6.53124176088983*^-11+0.*I,6.531241748634961*^-11+0.*I,-3.265620885383049*^-11-1.9565568643572506*^-19*I,-3.2656208731281805*^-11+1.9552724206699747*^-19*I,-3.265620875506776*^-11-1.955338875033558*^-19*I
0.00018736170863439792,6.852619864453617*^-11+0.*I,6.852619866949257*^-11+0.*I,6.852619854091391*^-11+0.*I,-3.426309938655739*^-11-2.0693475463479402*^-19*I,-3.426309925797873*^-11+2.0679671392399282*^-19*I,-3.4263099282935124*^-11-2.0680385583751685*^-19*I
0.00018886777916766347,7.189811435534672*^-11+0.*I,7.189811438153115*^-11+0.*I,7.189811424662583*^-11+0.*I,-3.5949057245126*^-11-2.1886404723238615*^-19*I,-3.594905711022067*^-11+2.1871569323740557*^-19*I,-3.59490571364051*^-11-2.187233687736936*^-19*I
0.00019038595595501743,7.543594552507517*^-11+0.*I,7.543594555254806*^-11+0.*I,7.543594541100475*^-11+0.*I,-3.77179728333092*^-11-2.314810499251631*^-19*I,-3.77179726917659*^-11+2.3132161216089873*^-19*I,-3.7717972719238796*^-11-2.31329861136535*^-19*I
0.00019191633631022092,7.914785579009218*^-11+0.*I,7.914785581891694*^-11+0.*I,7.914785567040907*^-11+0.*I,-3.9573927969299984*^-11-2.448254095542861*^-19*I,-3.9573927820792126*^-11+2.4465405993138745*^-19*I,-3.9573927849616876*^-11-2.4466292516857426*^-19*I
0.00019345901832927272,8.304241045040234*^-11+0.*I,8.304241048064547*^-11+0.*I,8.304241032483036*^-11+0.*I,-4.1521205303108684*^-11-2.589390586584873*^-19*I,-4.1521205147293577*^-11+2.587549072025406*^-19*I,-4.152120517753671*^-11-2.5876443479795187*^-19*I
0.00019501410089669708,8.712859623102346*^-11+0.*I,8.712859626275475*^-11+0.*I,8.712859609927287*^-11+0.*I,-4.356429819725263*^-11-2.738663473552557*^-19*I,-4.356429803377074*^-11+2.73668437614525*^-19*I,-4.3564298065502044*^-11-2.7367867706995945*^-19*I
0.0001965816836918823,9.141584201553051*^-11+0.*I,9.141584204882322*^-11+0.*I,9.141584187729732*^-11+0.*I,-4.570792109352816*^-11-2.896541826258778*^-19*I,-4.5707920922002256*^-11+2.894414867335814*^-19*I,-4.5707920955294964*^-11-2.894524911813074*^-19*I
0.00019816186719546995,9.591404059958412*^-11+0.*I,9.591404063451506*^-11+0.*I,9.591404045454937*^-11+0.*I,-4.795702038977485*^-11-3.0635217576998944*^-19*I,-4.795702020980917*^-11+3.061235890896694*^-19*I,-4.79570202447401*^-11-3.061354156568873*^-19*I
0.00019975475269579562,1.0063357151461724*^-10+0.*I,1.0063357155126703*^-10+0.*I,1.0063357136244628*^-10+0.*I,-5.031678585171894*^-11-3.2401279845304277*^-19*I,-5.031678566289819*^-11+3.237671337185114*^-19*I,-5.031678569954798*^-11-3.237798438584118*^-19*I
0.00020136044229538146,1.0558532497432057*^-10+0.*I,1.0558532501277377*^-10+0.*I,1.0558532481466229*^-10+0.*I,-5.2792662586215964*^-11-3.4269154733481127*^-19*I,-5.279266238810448*^-11+3.4242752862279317*^-19*I,-5.279266242655768*^-11-3.424411883920229*^-19*I
0.00020297903891748075,1.1078072699915606*^-10+0.*I,1.1078072703950141*^-10+0.*I,1.1078072683164207*^-10+0.*I,-5.539036360350763*^-11-3.6244711882347045*^-19*I,-5.539036339564829*^-11+3.62163374922964*^-19*I,-5.539036343599365*^-11-3.6217805520667154*^-19*I
0.00020461064631267534,1.1623176577684508*^-10+0.*I,1.1623176581917569*^-10+0.*I,1.1623176560108889*^-10+0.*I,-5.811588299746587*^-11-3.833415932181951*^-19*I,-5.811588277937906*^-11+3.830366504609124*^-19*I,-5.8115882821709675*^-11-3.830524275440564*^-19*I
0.00020625536906552583,1.2195101931962618*^-10+0.*I,1.2195101936403976*^-10+0.*I,1.2195101913522227*^-10+0.*I,-6.097550977422177*^-11-4.054406301917811*^-19*I,-6.097550954540427*^-11+4.051129047310593*^-19*I,-6.097550958981783*^-11-4.051298606028141*^-19*I
0.00020791331260127543,1.2795168448206943*^-10+0.*I,1.2795168452866845*^-10+0.*I,1.279516842885923*^-10+0.*I,-6.397584236107271*^-11-4.288136747539649*^-19*I,-6.397584212099655*^-11+4.284614646301843*^-19*I,-6.397584216759557*^-11-4.2847968718097854*^-19*I
0.00020958458319260756,1.3424760740636902*^-10+0.*I,1.34247607455261*^-10+0.*I,1.3424760720337225*^-10+0.*I,-6.712380382912878*^-11-4.535341758776895*^-19*I,-6.712380357724003*^-11+4.531556516785735*^-19*I,-6.712380362613201*^-11-4.531752357339212*^-19*I
0.0002112692879664579,1.4085331546532967*^-10+0.*I,1.4085331551662746*^-10+0.*I,1.408533152523449*^-10+0.*I,-7.042665786480601*^-11-4.796798170424656*^-19*I,-7.042665760052346*^-11+4.792730129323299*^-19*I,-7.042665765182124*^-11-4.79294060153714*^-19*I
0.00021296753491088107,1.477840507767132*^-10+0.*I,1.4778405083053517*^-10+0.*I,1.4778405055324906*^-10+0.*I,-7.389202552699955*^-11-5.073327606929002*^-19*I,-7.389202524971341*^-11+5.068955638226696*^-19*I,-7.389202530353539*^-11-5.069181834729865*^-19*I
0.00021467943288197268,1.5505580536623627*^-10+0.*I,1.5505580542270665*^-10+0.*I,1.5505580513177712*^-10+0.*I,-7.752790282858277*^-11-5.365799062085295*^-19*I,-7.752790253765324*^-11+5.361100459461938*^-19*I,-7.75279025941236*^-11-5.361343555498726*^-19*I
0.00021640509161084667,1.6268535806030933*^-10+0.*I,1.626853581195584*^-10+0.*I,1.6268535781431422*^-10+0.*I,-8.134267918277661*^-11-5.675131631321718*^-19*I,-8.134267887753244*^-11+5.670081992565468*^-19*I,-8.134267893678151*^-11-5.670343250102118*^-19*I
0.00021814462171066928,1.7069031319359878*^-10+0.*I,1.7069031325576326*^-10+0.*I,1.7069031293550015*^-10+0.*I,-8.534515675693079*^-11-6.002297401684004*^-19*I,-8.534515643666767*^-11+5.99687049989582*^-19*I,-8.534515649883216*^-11-5.997151276568326*^-19*I
0.000219898134683749,1.7908914122067228*^-10+0.*I,1.7908914128589566*^-10+0.*I,1.7908914094987465*^-10+0.*I,-8.954457077834648*^-11-6.348324505000532*^-19*I,-8.954457044232546*^-11+6.342492156353627*^-19*I,-8.954457050754884*^-11-6.342793909556145*^-19*I
0.00022166574292868386,1.8790122132538317*^-10+0.*I,1.8790122139381595*^-10+0.*I,1.8790122104126175*^-10+0.*I,-9.395061083896849*^-11-6.714300351504575*^-19*I,-9.395061048641429*^-11+6.708032263824873*^-19*I,-9.395061055484707*^-11-6.70835656173551*^-19*I
0.00022344755974756624,1.9714688612625166*^-10+0.*I,1.9714688619805174*^-10+0.*I,1.971468858281509*^-10+0.*I,-9.857344324807602*^-11-7.101375046884771*^-19*I,-9.85734428781752*^-11+7.094638666929784*^-19*I,-9.857344294997529*^-11-7.094987192567441*^-19*I
0.00022524369935324507,2.0684746858093166*^-10+0.*I,2.0684746865626476*^-10+0.*I,2.0684746826816384*^-10+0.*I,-1.0342373448451606*^-10-7.510765004984946*^-19*I,-1.0342373409641514*^-10+7.50352534691425*^-19*I,-1.0342373417174823*^-10-7.5038999116873225*^-19*I
0.00022705427687664712,2.170253511979283*^-10+0.*I,2.1702535127696826*^-10+0.*I,2.170253508697718*^-10+0.*I,-1.0851267580256214*^-10-7.94375677670687*^-19*I,-1.0851267539536566*^-10+7.935976240372619*^-19*I,-1.0851267547440562*^-10-7.936378788378907*^-19*I
0.0002288794083741566,2.2770401766903964*^-10+0.*I,2.2770401775196884*^-10+0.*I,2.2770401732473732*^-10+0.*I,-1.138520090481353*^-10-8.40171108797424*^-19*I,-1.1385200862090377*^-10+8.393349265383396*^-19*I,-1.1385200870383296*^-10-8.39378188849526*^-19*I
0.00023071921083505433,2.3890810704158633*^-10+0.*I,2.389081071285961*^-10+0.*I,2.3890810668034384*^-10+0.*I,-1.19454053744919*^-10-8.886067120655197*^-19*I,-1.194540532966667*^-10+8.877080583470598*^-19*I,-1.194540533836765*^-10-8.877545527893025*^-19*I
0.0002325738021890166,2.506634705553405*^-10+0.*I,2.506634706466317*^-10+0.*I,2.506634701763244*^-10+0.*I,-1.2533173551282354*^-10-9.398347035521911*^-19*I,-1.2533173504251628*^-10+9.38868911249375*^-19*I,-1.2533173513380747*^-10-9.38918879229556*^-19*I
0.00023444330131367446,2.6299723127521357*^-10+0.*I,2.6299723137099685*^-10+0.*I,2.6299723087754944*^-10+0.*I,-1.314986158843301*^-10-9.940160752797029*^-19*I,-1.3149861539088272*^-10+9.929781285686193*^-19*I,-1.3149861548666597*^-10-9.930318297358292*^-19*I
0.00023632782804223354,2.7593784665720026*^-10+0.*I,2.759378467576966*^-10+0.*I,2.7593784623997067*^-10+0.*I,-1.3796892358746268*^-10-1.0513211022388342*^-18*I,-1.3796892306973672*^-10+1.050205610412096*^-18*I,-1.379689231702331*^-10-1.05026332360369*^-18*I
0.0002382275031711553,2.895151741918443*^-10+0.*I,2.895151742972857*^-10+0.*I,2.8951517375408667*^-10+0.*I,-1.4475758736752121*^-10-1.111929876568983*^-18*I,-1.447575868243222*^-10+1.1107310463737496*^-18*I,-1.4475758692976356*^-10-1.1107930712939732*^-18*I
0.00024014244846790007,3.0376054027658166*^-10+0.*I,3.0376054038721133*^-10+0.*I,3.03760539817286*^-10+0.*I,-1.51880270423253*^-10-1.176032874053409*^-18*I,-1.5188026985332768*^-10+1.1747444795279127*^-18*I,-1.5188026996395735*^-10-1.174811138311411*^-18*I
0.00024207278667873203,3.187068124757567*^-10+0.*I,3.187068125918299*^-10+0.*I,3.187068119938634*^-10+0.*I,-1.5935340653686104*^-10-1.243831553345765*^-18*I,-1.5935340593889453*^-10+1.2424469030237412*^-18*I,-1.5935340605496777*^-10-1.2425185419014757*^-18*I
0.00024401864153658734,3.3438847533492295*^-10+0.*I,3.3438847545670766*^-10+0.*I,3.3438847482932033*^-10+0.*I,-1.6719423798115455*^-10-1.3155389881756253*^-18*I,-1.6719423735376719*^-10+1.314050890912142*^-18*I,-1.671942374755519*^-10-1.3141278819864839*^-18*I
0.00024598013776900516,3.5084170992422226*^-10+0.*I,3.5084171005199943*^-10+0.*I,3.5084170939374384*^-10+0.*I,-1.7542085529123828*^-10-1.3913805383025473*^-18*I,-1.7542085463298266*^-10+1.3897812658378179*^-18*I,-1.7542085476075983*^-10-1.3898640087089208*^-18*I
0.00024795740110612275,3.68104477294241*^-10+0.*I,3.681044774283055*^-10+0.*I,3.6810447673766295*^-10+0.*I,-1.8405223899244105*^-10-1.4715945569028924*^-18*I,-1.840522383017985*^-10+1.4698758036216262*^-18*I,-1.8405223843586298*^-10-1.46996472829366*^-18*I
0.00024995055828873434,3.8621660603674693*^-10+0.*I,3.8621660617740817*^-10+0.*I,3.8621660545278524*^-10+0.*I,-1.931083033806841*^-10-1.5564331407727246*^-18*I,-1.931083026560612*^-10+1.5545859802419541*^-18*I,-1.9310830279672243*^-10-1.5546815484055855*^-18*I
0.00025195973707641553,4.052198841521891*^-10+0.*I,4.0521988429977163*^-10+0.*I,4.052198835394966*^-10+0.*I,-2.0260994245623117*^-10-1.646162922039622*^-18*I,-2.0260994169595616*^-10+1.6441777613172034*^-18*I,-2.0260994184353865*^-10-1.6442804693375986*^-18*I
0.00025398506625571215,4.251581554357439*^-10+0.*I,4.2515815559058825*^-10+0.*I,4.2515815479290707*^-10+0.*I,-2.1257907811671157*^-10-1.7410659065581747*^-18*I,-2.125790773190304*^-10+1.7389324360817016*^-18*I,-2.1257907747387472*^-10-1.7390428173736614*^-18*I
0.0002560266756483957,4.460774206041314*^-10+0.*I,4.460774207665949*^-10+0.*I,4.460774199296673*^-10+0.*I,-2.2303871072052842*^-10-1.8414403609749196*^-18*I,-2.2303870988360085*^-10+1.8391475006263344*^-18*I,-2.2303871004606432*^-10-1.839266128448213*^-18*I
0.00025808469611978454,4.680259433963255*^-10+0.*I,4.680259435667829*^-10+0.*I,4.680259426886782*^-10+0.*I,-2.3401297213721395*^-10-1.9476017494786984*^-18*I,-2.3401297125910915*^-10+1.94513759164666*^-18*I,-2.340129714295666*^-10-1.9452650821594948*^-18*I
0.00026015925958713243,4.910543618927646*^-10+0.*I,4.910543620716094*^-10+0.*I,4.910543611503015*^-10+0.*I,-2.455271814070349*^-10-2.0598837262504615*^-18*I,-2.4552718048572705*^-10+2.057235473675687*^-18*I,-2.455271806645719*^-10-2.057372488855385*^-18*I
0.00026225049902808416,5.1521580530968*^-10+0.*I,5.152158054973249*^-10+0.*I,5.152158045306886*^-10+0.*I,-2.576079031381568*^-10-2.1786391838576564*^-18*I,-2.5760790217152034*^-10+2.17579308325414*^-18*I,-2.576079023591653*^-10-2.175940334388362*^-18*I
0.00026435854848919944,5.405660165377873*^-10+0.*I,5.405660167346653*^-10+0.*I,5.405660157204703*^-10+0.*I,-2.7028300877598956*^-10-2.304241362585915*^-18*I,-2.7028300776179463*^-10+2.3011826333036943*^-18*I,-2.7028300795867256*^-10-2.3013408854154385*^-18*I
0.00026648354309454506,5.671634807078111*^-10+0.*I,5.671634809143764*^-10+0.*I,5.671634798502832*^-10+0.*I,-2.8358174088595046*^-10-2.437085024461719*^-18*I,-2.835817398218572*^-10+2.433797781628885*^-18*I,-2.835817400284225*^-10-2.4339678566854728*^-18*I
0.00026862561905435626,5.950695600792141*^-10+0.*I,5.950695602959433*^-10+0.*I,5.95069559179497*^-10+0.*I,-2.975347805978283*^-10-2.577587694528155*^-18*I,-2.9753477948138195*^-10+2.5740548660960714*^-18*I,-2.9753477969811123*^-10-2.574237647167874*^-18*I
0.00027078491367376765,6.243486355630575*^-10+0.*I,6.243486357904508*^-10+0.*I,6.243486346190758*^-10+0.*I,-3.1217431836721416*^-10-2.726190971385766*^-18*I,-3.1217431719583914*^-10+2.722394210738434*^-18*I,-3.121743174232325*^-10-2.7225906471194246*^-18*I
0.0002729615653616144,6.550682552052193*^-10+0.*I,6.550682554438015*^-10+0.*I,6.550682542147956*^-10+0.*I,-3.2753412821711036*^-10-2.883361918191902*^-18*I,-3.2753412698810433*^-10+2.8792815078197524*^-18*I,-3.2753412722668654*^-10-2.879492619744165*^-18*I
0.00027515571363930414,6.872992899722216*^-10+0.*I,6.872992902225431*^-10+0.*I,6.872992889330708*^-10+0.*I,-3.4364964563084435*^-10-3.0495945295933526*^-18*I,-3.4364964434137214*^-10+3.045209278847254*^-18*I,-3.436496445916936*^-10-3.045436162281938*^-18*I
0.00027736749914976,7.211160971987487*^-10+0.*I,7.21116097461387*^-10+0.*I,7.21116096108474*^-10+0.*I,-3.6055804927582803*^-10-3.22541128507003*^-18*I,-3.60558047922915*^-10+3.2206984202239635*^-18*I,-3.6055804818555337*^-10-3.220942253877751*^-18*I
0.00027959706366643576,7.565966920735957*^-10+0.*I,7.565966923491571*^-10+0.*I,7.565966909296821*^-10+0.*I,-3.7829834674653225*^-10-3.411364791432182*^-18*I,-3.782983453270573*^-10+3.406299837829949*^-18*I,-3.782983456026186*^-10-3.4065618875520627*^-18*I
0.00028184455010240374,7.938229275592994*^-10+0.*I,7.938229278484195*^-10+0.*I,7.938229263591081*^-10+0.*I,-3.969114645243019*^-10-3.60803952092394*^-18*I,-3.9691146303499057*^-10+3.602596174706745*^-18*I,-3.9691146332411066*^-10-3.6028778020841946*^-18*I
0.00028411010251951476,8.328806831601188*^-10+0.*I,8.328806834634648*^-10+0.*I,8.328806819008815*^-10+0.*I,-4.164403423613473*^-10-3.816053647776723*^-18*I,-4.16440340798764*^-10+3.8102036409881906*^-18*I,-4.1644034110211*^-10-3.8105063080670554*^-18*I
0.00028639386613763294,8.738600629734645*^-10+0.*I,8.738600632917363*^-10+0.*I,8.738600616522764*^-10+0.*I,-4.3693003230645804*^-10-4.036060992422703*^-18*I,-4.369300306669981*^-10+4.0297739452756315*^-18*I,-4.3693003098526996*^-10-4.030099223516005*^-18*I
0.0002886959873439438,9.168556034811929*^-10+0.*I,9.16855603815125*^-10+0.*I,9.168556020950066*^-10+0.*I,-4.5842780260065115*^-10-4.268753077803226*^-18*I,-4.5842780088053263*^-10+4.261996339957053*^-18*I,-4.584278012144648*^-10-4.2623459196052006*^-18*I
0.00029101661370233776,9.619664915596846*^-10+0.*I,9.619664919100475*^-10+0.*I,9.619664901053026*^-10+0.*I,-4.809832466822098*^-10-4.514861301857913*^-18*I,-4.809832448774648*^-10+4.507599785790407*^-18*I,-4.809832452278277*^-10-4.5079754811196225*^-18*I
0.00029335589396286876,1.0092967932111172*^-9+0.*I,1.0092967935787194*^-9+0.*I,1.0092967916851847*^-9+0.*I,-5.046483975523204*^-10-4.775159239311721*^-18*I,-5.046483956587859*^-10+4.767355234810428*^-18*I,-5.046483960263878*^-10-4.767758997399967*^-18*I
0.00029571397807128907,1.0589556935430659*^-9+0.*I,1.0589556939287552*^-9+0.*I,1.0589556919420632*^-9+0.*I,-5.294778477648729*^-10-5.0504650725940146*^-18*I,-5.294778457781807*^-10+5.042078052017914*^-18*I,-5.294778461638702*^-10-5.042511978568206*^-18*I
0.00029809101717866057,1.1110577485494586*^-9+0.*I,1.1110577489541254*^-9+0.*I,1.1110577468696932*^-9+0.*I,-5.555288753169388*^-10-5.341644164335241*^-18*I,-5.555288732325064*^-10+5.332630574183922*^-18*I,-5.555288736371732*^-10-5.333096918262624*^-18*I
0.0003004871636510434,1.1657231492731084*^-9+0.*I,1.1657231496976863*^-9+0.*I,1.1657231475107056*^-9+0.*I,-5.828615757300372*^-10-5.649611780458635*^-18*I,-5.828615735430565*^-10+5.6399248111685945*^-18*I,-5.828615739676343*^-10-5.6404259942823216*^-18*I
0.0003029025710792626,1.2230779989585534*^-9+0.*I,1.2230779994040218*^-9+0.*I,1.2230779971094478*^-9+0.*I,-6.115390006265555*^-10-5.975335963210337*^-18*I,-6.115389983319815*^-10+5.964925311274579*^-18*I,-6.1153899877745*^-10-5.965463936341924*^-18*I
0.00030533739428875327,1.283254603833853*^-9+0.*I,1.28325460430124*^-9+0.*I,1.2832546018937803*^-9+0.*I,-6.416273031206475*^-10-6.3198405819735414*^-18*I,-6.416273007131876*^-10+6.308652184682778*^-18*I,-6.416273011805747*^-10-6.3092310488727524*^-18*I
0.0003077917893494842,1.3463917781913758*^-9+0.*I,1.3463917786817597*^-9+0.*I,1.346391776155861*^-9+0.*I,-6.731958903586275*^-10-6.684208546502286*^-18*I,-6.731958878327286*^-10+6.6721843031499*^-18*I,-6.731958883231126*^-10-6.6728064119424334*^-18*I
0.0003102659135859624,1.4126351644705712*^-9+0.*I,1.4126351649850835*^-9+0.*I,1.4126351623349195*^-9+0.*I,-7.063175835603569*^-10-7.069585217930889*^-18*I,-7.063175809101927*^-10+7.05666268525038*^-18*I,-7.06317581424705*^-10-7.057331269884708*^-18*I
0.0003127599255873172,1.4821375690802086*^-9+0.*I,1.4821375696200366*^-9+0.*I,1.4821375668394942*^-9+0.*I,-7.410687859303636*^-10-7.477182003803296*^-18*I,-7.410687831498211*^-10+7.463294076346235*^-18*I,-7.410687836896491*^-10-7.464012608724649*^-18*I
0.0003152739852174657,1.5550593147338842*^-9+0.*I,1.5550593153002731*^-9+0.*I,1.5550593123829388*^-9+0.*I,-7.775296588255961*^-10-7.908280172396908*^-18*I,-7.775296559082618*^-10+7.893354731336885*^-18*I,-7.775296564746508*^-10-7.894126942543192*^-18*I
0.0003178082536253598,1.631568610110551*^-9+0.*I,1.631568610704808*^-9+0.*I,1.631568607643953*^-9+0.*I,-8.157843065856886*^-10-8.364234881639225*^-18*I,-8.157843035248336*^-10+8.348194420470936*^-18*I,-8.157843041190905*^-10-8.349024319440577*^-18*I
0.000320362893255316,1.711841937691787*^-9+0.*I,1.7118419383152828*^-9+0.*I,1.7118419351038473*^-9+0.*I,-8.559209704515954*^-10-8.846479437260077*^-18*I,-8.559209672401597*^-10+8.829240659440494*^-18*I,-8.559209678636557*^-10-8.830132556983954*^-18*I
0.00032293806785742757,1.7960644606693044*^-9+0.*I,1.796064461323478*^-9+0.*I,1.7960644579540547*^-9+0.*I,-8.980322320193465*^-10-9.356529804977222*^-18*I,-8.98032228649923*^-10+9.338003191269832*^-18*I,-8.980322293040965*^-10-9.338961719198825*^-18*I
0.00032553394249806096,1.884430449860174*^-9+0.*I,1.8844304505465344*^-9+0.*I,1.884430447011352*^-9+0.*I,-9.422152266976592*^-10-9.895989372272439*^-18*I,-9.422152231624764*^-10+9.876078717490347*^-18*I,-9.422152238488367*^-10-9.877108852989368*^-18*I
0.0003281506835704365,1.9771437316132614*^-9+0.*I,1.9771437323333925*^-9+0.*I,1.9771437286242964*^-9+0.*I,-9.885718676611575*^-10-1.0466553997238294*^-17*I,-9.885718639520614*^-10+1.0445155907570658*^-17*I,-9.885718646721924*^-10-1.044626299993389*^-17*I
0.0003307884588052939,2.0744181577387066*^-9+0.*I,2.0744181584942695*^-9+0.*I,2.0744181546027057*^-9+0.*I,-1.037209080815112*^-9-1.107001733370051*^-17*I,-1.037209076923548*^-9+1.1047020694298495*^-17*I,-1.037209077679111*^-9-1.104821049267488*^-17*I
0.00033344743728164363,2.176478098543006*^-9+0.*I,2.1764780993357443*^-9+0.*I,2.176478095252737*^-9+0.*I,-1.088239051312981*^-9-1.1708276483133651*^-17*I,-1.0882390472299736*^-9+1.1683561877092123*^-17*I,-1.088239048022712*^-9-1.168484055937536*^-17*I
0.0003361277894376049,2.283558960105407*^-9+0.*I,2.28355896093715*^-9+0.*I,2.283558956653282*^-9+0.*I,-1.1417794821946091*^-9-1.2383337950544676*^-17*I,-1.1417794779107415*^-9+1.2356777040785877*^-17*I,-1.141779478742484*^-9-1.2358151246197096*^-17*I
0.0003388296870813304,2.395907726987171*^-9+0.*I,2.3959077278598375*^-9+0.*I,2.395907723365229*^-9+0.*I,-1.1979538657408589*^-9-1.3097323958979422*^-17*I,-1.1979538612462502*^-9+1.3068778823225556*^-17*I,-1.1979538621189162*^-9-1.307025568705871*^-17*I
0.0003415533034020191,2.513783531623768*^-9+0.*I,2.513783532539371*^-9+0.*I,2.5137835278236557*^-9+0.*I,-1.2568917681697074*^-9-1.385247912718765*^-17*I,-1.256891763453992*^-9+1.3821801536058243*^-17*I,-1.256891764369595*^-9-1.3823388730278983*^-17*I
0.00034429881298101773,2.637458251711522*^-9+0.*I,2.637458252672174*^-9+0.*I,2.6374582477244766*^-9+0.*I,-1.318729128329572*^-9-1.4651177524458462*^-17*I,-1.3187291233818744*^-9+1.4618208182257817*^-17*I,-1.3187291243425264*^-9-1.461991394646821*^-17*I
0.00034706639180301087,2.767217136964604*^-9+0.*I,2.7672171379725215*^-9+0.*I,2.7672171327814305*^-9+0.*I,-1.3836085710778058*^-9-1.5495930142757775*^-17*I,-1.383608565886715*^-9+1.5460497847242897*^-17*I,-1.3836085668946324*^-9-1.546233103986618*^-17*I
0.00034985621726730187,2.9033594666859738*^-9+0.*I,2.9033594677434824*^-9+0.*I,2.9033594622970267*^-9+0.*I,-1.4516797360661693*^-9-1.6389392786623746*^-17*I,-1.451679730619713*^-9+1.6351313553284613*^-17*I,-1.4516797316772217*^-9-1.6353283693107934*^-17*I
0.00035266846819918357,3.0461992396666425*^-9+0.*I,3.0461992407761816*^-9+0.*I,3.0461992350618*^-9+0.*I,-1.5230996226904618*^-9-1.733437443414061*^-17*I,-1.52309961697608*^-9+1.7293450533056176*^-17*I,-1.5230996180856191*^-9-1.7295567850365766*^-17*I
0.0003555033248614011,3.1960658980021765*^-9+0.*I,3.196065899166306*^-9+0.*I,3.19606589317082*^-9+0.*I,-1.5980329519987759*^-9-1.8333846073821436*^-17*I,-1.5980329460032897*^-9+1.828986500161461*^-17*I,-1.598032947167419*^-9-1.829214049040743*^-17*I
0.00035836096896570656,3.353305086493329*^-9+0.*I,3.353305087714735*^-9+0.*I,3.353305081424318*^-9+0.*I,-1.6766525463918119*^-9-1.9390950034645006*^-17*I,-1.676652540101395*^-9+1.9343683422279902*^-17*I,-1.676652541322801*^-9-1.9346128895480194*^-17*I
0.00036124158368450643,3.518279449379565*^-9+0.*I,3.5182794506610656*^-9+0.*I,3.518279444061211*^-9+0.*I,-1.7591397279896428*^-9-2.0509009894118823*^-17*I,-1.7591397213897881*^-9+2.0458212304355934*^-17*I,-1.7591397226712884*^-9-2.0460840464455198*^-17*I
0.0003641453536626028,3.6913694662402335*^-9+0.*I,3.6913694675847846*^-9+0.*I,3.6913694606602724*^-9+0.*I,-1.845684736582299*^-9-2.1691540910217216*^-17*I,-1.8456847296577867*^-9+2.163694857825411*^-17*I,-1.8456847310023375*^-9-2.1639773068171018*^-17*I
0.00036707246502902914,3.87297432898818*^-9+0.*I,3.872974330398884*^-9+0.*I,3.872974323133746*^-9+0.*I,-1.9364871681265776*^-9-2.294226109104346*^-17*I,-1.93648716086144*^-9+2.2883590546392595*^-17*I,-1.9364871622721435*^-9-2.2886626037130138*^-17*I
0.0003700231054089807,4.0635128619751585*^-9+0.*I,4.063512863455269*^-9+0.*I,4.063512855832753*^-9+0.*I,-2.0317564347987486*^-9-2.4265102890840015*^-17*I,-2.0317564271762313*^-9+2.4202049490325962*^-17*I,-2.031756428656342*^-9-2.4205311740025766*^-17*I
0.0003729974639358412,4.2634244873276504*^-9+0.*I,4.263424488880583*^-9+0.*I,4.263424480883109*^-9+0.*I,-2.131712247662464*^-9-2.5664225577292624*^-17*I,-2.1317122396649893*^-9+2.5596461922881205*^-17*I,-2.131712241217922*^-9-2.5599967869325064*^-17*I
0.00037599573126330626,4.473170237735663*^-9+0.*I,4.4731702393649995*^-9+0.*I,4.4731702309741265*^-9+0.*I,-2.2365851230631596*^-9-2.714402831615235*^-17*I,-2.236585114672286*^-9+2.707120255002716*^-17*I,-2.2365851163016228*^-9-2.70749703999592*^-17*I
0.00037901809957760366,4.693233819026316*^-9+0.*I,4.693233820735817*^-9+0.*I,4.693233811932195*^-9+0.*I,-2.3466169139148494*^-9-2.870916400783556*^-17*I,-2.3466169051112277*^-9+2.86308979946774*^-17*I,-2.346616906820728*^-9-2.863494731081549*^-17*I
0.0003820647626098141,4.9241227249686695*^-9+0.*I,4.9241227267622775*^-9+0.*I,4.924122717525607*^-9+0.*I,-2.4620613671025383*^-9-3.036455393054043*^-17*I,-2.462061357865868*^-9+3.028044129038356*^-17*I,-2.4620613596594757*^-9-3.0284793098494836*^-17*I
0.0003851359156482856,5.166369406875712*^-9+0.*I,5.166369408757565*^-9+0.*I,5.166369399066548*^-9+0.*I,-2.58318470828322*^-9-3.211540322544047*^-17*I,-2.5831846985922027*^-9+3.2025007217534695*^-17*I,-2.583184700474055*^-9-3.202968411540366*^-17*I
0.0003882317555511548,5.42053250069695*^-9+0.*I,5.420532502671389*^-9+0.*I,5.420532492503679*^-9+0.*I,-2.710266255432171*^-9-3.3967217263263066*^-17*I,-2.710266245264461*^-9+3.387006852921894*^-17*I,-2.7102662472388993*^-9-3.387509479861467*^-17*I
0.00039135248075896386,5.687198114425396*^-9+0.*I,5.687198116496975*^-9+0.*I,5.687198105829128*^-9+0.*I,-2.843599062546446*^-9-3.592581896775282*^-17*I,-2.8435990518785984*^-9+3.582141309284279*^-17*I,-2.843599053950178*^-9-3.5826814832098125*^-17*I
0.00039449829130738004,5.9669811787828805*^-9+0.*I,5.9669811809563795*^-9+0.*I,5.966981169763797*^-9+0.*I,-2.9834905949875384*^-9-3.7997367144379514*^-17*I,-2.983490583794955*^-9+3.7885162028247805*^-17*I,-2.9834905859684544*^-9-3.7890967285077906*^-17*I
0.0003976693888400195,6.260526864292761*^-9+0.*I,6.260526866573194*^-9+0.*I,6.260526854830068*^-9+0.*I,-3.1302634380177307*^-9-4.018837584623845*^-17*I,-3.1302634262746044*^-9+4.0067788902420845*^-17*I,-3.130263428555038*^-9-4.007402781703431*^-17*I
0.00040086597662137,6.568512068001076*^-9+0.*I,6.5685120703937045*^-9+0.*I,6.568512058072961*^-9+0.*I,-3.2842560401606767*^-9-4.2505734880721455*^-17*I,-3.284256027839932*^-9+4.237614000383094*^-17*I,-3.28425603023256*^-9-4.238284497239466*^-17*I
0.0004040882595498221,6.89164697326876*^-9+0.*I,6.8916469757791025*^-9+0.*I,6.891646962852332*^-9+0.*I,-3.4458234930975077*^-9-4.4956731479151025*^-17*I,-3.445823480170737*^-9+4.4817455804324745*^-17*I,-3.445823482681079*^-9-4.482466163197958*^-17*I
0.00040733644417080084,7.230676686223898*^-9+0.*I,7.2306766888577455*^-9+0.*I,7.230676675295144*^-9+0.*I,-3.6153383498929665*^-9-4.7549073220507295*^-17*I,-3.6153383363303643*^-9+4.7399393625803516*^-17*I,-3.6153383389642116*^-9-4.740713773101435*^-17*I
0.0004106107386900075,7.586382952640924*^-9+0.*I,7.586382955404353*^-9+0.*I,7.586382941174653*^-9+0.*I,-3.793191483435001*^-9-5.029091232217743*^-17*I,-3.793191469205299*^-9+5.013005165284218*^-17*I,-3.793191471968727*^-9-5.0138374246134354*^-17*I
0.00041391135298676356,7.959585959196888*^-9+0.*I,7.95958596209627*^-9+0.*I,7.959585947166663*^-9+0.*I,-3.979792987062904*^-9-5.319087122887256*^-17*I,-3.9797929721332944*^-9+5.301799431653453*^-17*I,-3.979792975032678*^-9-5.3026938602210415*^-17*I
0.00041723849862746566,8.351146223250522*^-9+0.*I,8.351146226292548*^-9+0.*I,8.351146210628613*^-9+0.*I,-4.1755731194568514*^-9-5.625806981145382*^-17*I,-4.1755731037929135*^-9+5.607227907656407*^-17*I,-4.1755731068349405*^-9-5.608189149123601*^-17*I
0.00042059238887914445,8.761966575491749*^-9+0.*I,8.761966578683437*^-9+0.*I,8.761966562249059*^-9+0.*I,-4.3809832959626465*^-9-5.950215401284802*^-17*I,-4.380983279528268*^-9+5.930248484644061*^-17*I,-4.3809832827199564*^-9-5.931281530850478*^-17*I
0.0004239732387231362,9.19299424002436*^-9+0.*I,9.192994243373071*^-9+0.*I,9.192994226130364*^-9+0.*I,-4.596497128633075*^-9-6.293332624104309*^-17*I,-4.596497111390367*^-9+6.271874198521991*^-17*I,-4.596497114739079*^-9-6.272984412059963*^-17*I
0.00042738126486886345,9.645223016667297*^-9+0.*I,9.645223020180756*^-9+0.*I,9.645223002089969*^-9+0.*I,-4.8226115173785376*^-9-6.656237746100021*^-17*I,-4.8226114992877485*^-9+6.63317640272279*^-17*I,-4.822611502801208*^-9-6.634369547895114*^-17*I
0.0004308166857677236,1.0119695570495026*^-8+0.*I,1.0119695574181337*^-8+0.*I,1.0119695555200763*^-8+0.*I,-5.059847794737244*^-9-7.040072114830132*^-17*I,-5.0598477757566694*^-9+7.015288123360179*^-17*I,-5.05984777944298*^-9-7.016570394535205*^-17*I
0.00043427972162709384,1.0617505833885216*^-8+0.*I,1.0617505837752883*^-8+0.*I,1.0617505817838768*^-8+0.*I,-5.3087529268990545*^-9-7.446042920803366*^-17*I,-5.308752906984938*^-9+7.419407610230518*^-17*I,-5.308752910852604*^-9-7.42078566504148*^-17*I
0.0004377705944244465,1.1139801526598668*^-8+0.*I,1.1139801530656611*^-8+0.*I,1.1139801509763046*^-8+0.*I,-5.569900773745443*^-9-7.87542700084035*^-17*I,-5.569900752851877*^-9+7.846802087802892*^-17*I,-5.56990075690982*^-9-7.848283080081136*^-17*I
0.00044128952792157493,1.168778679968835*^-8+0.*I,1.1687786803945931*^-8+0.*I,1.1687786782024753*^-8+0.*I,-5.8438934108040235*^-9-8.329574851758648*^-17*I,-5.843893388882844*^-9+8.298811723671176*^-17*I,-5.8438933931404245*^-9-8.300403342762077*^-17*I
0.00044483674767893856,1.2262725009320157*^-8+0.*I,1.2262725013787194*^-8+0.*I,1.226272499078787*^-8+0.*I,-6.131362516158925*^-9-8.809914883767198*^-17*I,-6.1313624931595995*^-9+8.77685383008798*^-17*I,-6.131362497626636*^-9-8.778564338586695*^-17*I
0.0004484124810701205,1.2865941626884348*^-8+0.*I,1.2865941631571147*^-8+0.*I,1.2865941607440662*^-8+0.*I,-6.432970825506519*^-9-9.317957914516182*^-17*I,-6.432970801376032*^-9+9.282427294659029*^-17*I,-6.4329708060628304*^-9-9.284265573872734*^-17*I
0.00045201695729640265,1.3498827292091383*^-8+0.*I,1.3498827297008753*^-8+0.*I,1.3498827271691482*^-8+0.*I,-6.749413658703338*^-9-9.855301926886887*^-17*I,-6.749413633386065*^-9+9.817117282632585*^-17*I,-6.7494136383034354*^-9-9.819092876340811*^-17*I
0.0004556504074014547,1.4162841016072938*^-8+0.*I,1.4162841021232222*^-8+0.*I,1.416284099466981*^-8+0.*I,-7.081420521316587*^-9-1.0423637098630483*^-16*I,-7.081420494754173*^-9+1.0382600194524594*^-16*I,-7.081420499913456*^-9-1.0384723357073362*^-16*I
0.00045931306428614844,1.4859513541856129*^-8+0.*I,1.4859513547269225*^-8+0.*I,1.4859513519400443*^-8+0.*I,-7.429756784861257*^-9-1.1024751119455741*^-16*I,-7.429756756992473*^-9+1.0980648914790793*^-16*I,-7.42975676240557*^-9-1.0982930670300872*^-16*I
0.00046300516272348237,1.559045086993561*^-8+0.*I,1.5590450875615006*^-8+0.*I,1.5590450846375624*^-8+0.*I,-7.79522544958618*^-9-1.166053482820262*^-16*I,-7.795225420346792*^-9+1.1613138368119804*^-16*I,-7.795225426026188*^-9-1.1615590561642816*^-16*I
0.00046672693937363204,1.6357337957053058*^-8+0.*I,1.6357337963011852*^-8+0.*I,1.635733793233447*^-8+0.*I,-8.178668993863768*^-9-1.233298815057599*^-16*I,-8.178668963186383*^-9+1.2282051382621173*^-16*I,-8.178668969145176*^-9-1.2284686744075754*^-16*I
0.0004704786327991199,1.716194259668711*^-8+0.*I,1.7161942602939042*^-8+0.*I,1.7161942570752958*^-8+0.*I,-8.580971314435*^-9-1.304422640830539*^-16*I,-8.580971282248911*^-9+1.298948490262111*^-16*I,-8.580971288500844*^-9-1.299231711297597*^-16*I
0.00047426048348010654,1.8006119490175853*^-8+0.*I,1.800611949673535*^-8+0.*I,1.800611946296638*^-8+0.*I,-9.003059761970655*^-9-1.3796486971859375*^-16*I,-9.003059728201678*^-9+1.3737656550162351*^-16*I,-9.003059734761174*^-9-1.3740700311959568*^-16*I
0.00047807273382980537,1.8891814517831447*^-8+0.*I,1.8891814524713632*^-8+0.*I,1.8891814489283948*^-8+0.*I,-9.44590727662863*^-9-1.4592136307405967*^-16*I,-9.44590724119894*^-9+1.452891156742303*^-16*I,-9.445907248081125*^-9-1.4532182682544968*^-16*I
0.00048191562821002124,1.982106921986553*^-8+0.*I,1.982106922708628*^-8+0.*I,1.9821069189914225*^-8+0.*I,-9.910534628516662*^-9-1.543367742643543*^-16*I,-9.910534591344603*^-9+1.536573015670301*^-16*I,-9.91053459856535*^-9-1.5369245605507234*^-16*I
0.00048578941294681355,2.079602549742558*^-8+0.*I,2.0796025505001544*^-8+0.*I,2.079602546600145*^-8+0.*I,-1.039801276821049*^-8-1.6323757766283108*^-16*I,-1.0398012729210392*^-8+1.6250735242875288*^-16*I,-1.0398012736786355*^-8-1.625451327468274*^-16*I
0.0004896943363462858,2.1818930544548038*^-8+0.*I,2.181893055249669*^-8+0.*I,2.181893051157868*^-8+0.*I,-1.090946529273044*^-8-1.7265177527309335*^-16*I,-1.0909465251812426*^-8+1.7186700684822802*^-16*I,-1.0909465259761078*^-8-1.7190760911212327*^-16*I
0.0004936306487105016,2.2892142022363532*^-8+0.*I,2.2892142030703204*^-8+0.*I,2.2892141987772983*^-8+0.*I,-1.1446071032644033*^-8-1.8260898489695108*^-16*I,-1.1446070989713805*^-8+1.8176559953714054*^-16*I,-1.1446070998053477*^-8-1.8180923449653367*^-16*I
0.0004975986023535286,2.4018133487446087*^-8+0.*I,2.4018133496196013*^-8+0.*I,2.4018133451154646*^-8+0.*I,-1.2009066766240597*^-8-1.9314053339602425*^-16*I,-1.2009066721199225*^-8+1.922341530777748*^-16*I,-1.200906672994915*^-8-1.9228104728765713*^-16*I
0.0005015984516176124,2.5199500086780885*^-8+0.*I,2.5199500095961246*^-8+0.*I,2.519950004870494*^-8+0.*I,-1.2599750067015149*^-8-2.0427955535321005*^-16*I,-1.2599750019758839*^-8+2.0330547512043034*^-16*I,-1.2599750028939197*^-8-2.0335587197588914*^-16*I
0.0005056304528894785,2.6438964532437318*^-8+0.*I,2.643896454206928*^-8+0.*I,2.6438964492489143*^-8+0.*I,-1.3219482291004934*^-8-2.160610974090136*^-16*I,-1.321948224142479*^-8+2.150142609457682*^-16*I,-1.3219482251056753*^-8-2.150684220507495*^-16*I
0.0005096948646167675,2.773938336967574*^-8+0.*I,2.7739383379781523*^-8+0.*I,2.7739383327763304*^-8+0.*I,-1.3869691710842803*^-8-2.285222286281937*^-16*I,-1.3869691658824579*^-8+2.2739720197952946*^-16*I,-1.3869691668930359*^-8-2.274554084881937*^-16*I
0.0005137919473246008,2.910375355288949*^-8+0.*I,2.9103753563492395*^-8+0.*I,2.9103753508916232*^-8+0.*I,-1.455187680372823*^-8-2.417021572602289*^-16*I,-1.4551876749152059*^-8+2.4049310065907802*^-16*I,-1.4551876759754962*^-8-2.4055565469287234*^-16*I
0.0005179219636322799,3.053521934448979*^-8+0.*I,3.0535219355614265*^-8+0.*I,3.053521929835441*^-8+0.*I,-1.5267609700869762*^-8-2.556423542041894*^-16*I,-1.5267609643609898*^-8+2.543429918202366*^-16*I,-1.5267609654734375*^-8-2.5441021808888184*^-16*I
0.0005220851782701209,3.203707955258261*^-8+0.*I,3.203707956425431*^-8+0.*I,3.2037079504178825*^-8+0.*I,-1.6018539806323476*^-8-2.703866836487843*^-16*I,-1.601853974624798*^-8+2.689902709469662*^-16*I,-1.6018539757919686*^-8-2.6906251838834156*^-16*I
0.0005262818580964221,3.361279512406202*^-8+0.*I,3.361279513630787*^-8+0.*I,3.361279507327834*^-8+0.*I,-1.6806397593539646*^-8-2.859815412716094*^-16*I,-1.68063975305101*^-8+2.8448083002197425*^-16*I,-1.680639754275595*^-8-2.8455847365673323*^-16*I
0.0005305122721145709,3.526599711056218*^-8+0.*I,3.526599712341041*^-8+0.*I,3.526599705728161*^-8+0.*I,-1.7632998588338738*^-8-3.024760003090994*^-16*I,-1.763299852220993*^-8+3.00863201010295*^-16*I,-1.7632998535058155*^-8-3.009466438276626*^-16*I
0.0005347766914902854,3.700049502556186*^-8+0.*I,3.700049503904211*^-8+0.*I,3.7000494969661685*^-8+0.*I,-1.850024754746371*^-8-3.1992196611876384*^-16*I,-1.850024747808328*^-8+3.181887075887305*^-16*I,-1.8500247491563517*^-8-3.1827838272400663*^-16*I
0.0005390753895689967,3.8820285611835616*^-8+0.*I,3.882028562597895*^-8+0.*I,3.882028555318706*^-8+0.*I,-1.941014284230557*^-8-3.38374339819896*^-16*I,-1.941014276951367*^-8+3.3651162569013804*^-16*I,-1.9410142783657004*^-8-3.36607998595918*^-16*I
0.0005434086418933698,4.0729562039383803*^-8+0.*I,4.072956205422285*^-8+0.*I,4.0729561977851796*^-8+0.*I,-2.036478105786842*^-8-3.5789119114362434*^-16*I,-2.0364780981497356*^-8+3.558893533010343*^-16*I,-2.0364780996336398*^-8-3.5599292417264693*^-16*I
0.0005477767262209655,4.2732723554961744*^-8+0.*I,4.273272357053071*^-8+0.*I,4.2732723490404565*^-8+0.*I,-2.1366361817534036*^-8-3.7853394144562403*^-16*I,-2.136636173740787*^-8+3.763825897396743*^-16*I,-2.1366361752976837*^-8-3.764938961398417*^-16*I
0.0005521799225420445,4.483438560536372*^-8+0.*I,4.483438562169851*^-8+0.*I,4.483438553763267*^-8+0.*I,-2.241719284470386*^-8-4.003675570600706*^-16*I,-2.241719276063801*^-8+3.9805552549462123*^-16*I,-2.24171927769728*^-8-3.981751451402771*^-16*I
0.0005566185130975148,4.703939045770187*^-8+0.*I,4.7039390474840146*^-8+0.*I,4.7039390386640974*^-8+0.*I,-2.3519695272938507*^-8-4.234607542476963*^-16*I,-2.3519695184739312*^-8+4.2097604304626277*^-16*I,-2.3519695201877594*^-8-4.2110459675259713*^-16*I
0.0005610927823970227,4.935281834106042*^-8+0.*I,4.93528183590417*^-8+0.*I,4.9352818266506026*^-8+0.*I,-2.467640921678482*^-8-4.478862155293683*^-16*I,-2.4676409124249122*^-8+4.452159287677435*^-16*I,-2.4676409142230408*^-8-4.45354083767412*^-16*I
0.00056560301723719,5.1779999135099804*^-8+0.*I,5.177999915396556*^-8+0.*I,5.1779999056880215*^-8+0.*I,-2.588999961607801*^-8-4.737208187694842*^-16*I,-2.588999951899265*^-8+4.708510975675849*^-16*I,-2.5889999537858403*^-8-4.70999570920782*^-16*I
0.0005701495067199968,5.432652463243742*^-8+0.*I,5.432652465223114*^-8+0.*I,5.4326524550372516*^-8+0.*I,-2.7163262367131992*^-8-5.010458793967569*^-16*I,-2.716326226527335*^-8+4.979618300610993*^-16*I,-2.7163262285067066*^-8-4.981213922647629*^-16*I
0.0005747325422713135,5.6998261402948025*^-8+0.*I,5.699826142371535*^-8+0.*I,5.699826131684883*^-8+0.*I,-2.8499130754889627*^-8-5.29947406746207*^-16*I,-2.8499130648023087*^-8+5.266330232820545*^-16*I,-2.849913066879041*^-8-5.268045025016796*^-16*I
0.00057935241765958,5.980136428950354*^-8+0.*I,5.980136431129235*^-8+0.*I,5.980136419917181*^-8+0.*I,-2.990068220079262*^-8-5.605163749220198*^-16*I,-2.9900682088672056*^-8+5.569544563892154*^-16*I,-2.9900682110460854*^-8-5.571387425452871*^-16*I
0.0005840094290146369,6.27422905661195*^-8+0.*I,6.274229058898002*^-8+0.*I,6.274229047134722*^-8+0.*I,-3.137114534185477*^-8-5.928490097730595*^-16*I,-3.1371145224221936*^-8+5.890210706671644*^-16*I,-3.1371145247082456*^-8-5.892191201559374*^-16*I
0.0005887038748467065,6.582781479099123*^-8+0.*I,6.582781481497619*^-8+0.*I,6.582781469156021*^-8+0.*I,-3.291390745718008*^-8-6.270470920556424*^-16*I,-3.291390733376406*^-8+6.229332665608917*^-16*I,-3.291390735774901*^-8-6.231461072198531*^-16*I
0.0005934360560655266,6.906504438849476*^-8+0.*I,6.906504441365944*^-8+0.*I,6.906504428417605*^-8+0.*I,-3.4532522258963167*^-8-6.6321827812404*^-16*I,-3.453252212947975*^-8+6.587972171076552*^-16*I,-3.4532522154644415*^-8-6.590259534985219*^-16*I
0.000598206275999642,7.246143599589803*^-8+0.*I,7.246143602230044*^-8+0.*I,7.246143588645147*^-8+0.*I,-3.6230718065844984*^-8-7.014764394894237*^-16*I,-3.623071792999597*^-8+6.96725199785644*^-16*I,-3.6230717956398375*^-8-6.96971018945806*^-16*I
0.0006030148404158408,7.602481261226771*^-8+0.*I,7.602481263996873*^-8+0.*I,7.602481249744131*^-8+0.*I,-3.801240637736616*^-8-7.419420216582531*^-16*I,-3.8012406234838714*^-8+7.368359468418622*^-16*I,-3.801240626253973*^-8-7.371001244441435*^-16*I
0.0006078620575387604,7.976338158891657*^-8+0.*I,7.976338161798007*^-8+0.*I,7.976338146844602*^-8+0.*I,-3.988169086919075*^-8-7.847424237986642*^-16*I,-3.9881690719656655*^-8+7.792550166186913*^-16*I,-3.988169074872014*^-8-7.795389235469141*^-16*I
0.000612748238070641,8.368575350263196*^-8+0.*I,8.368575353312492*^-8+0.*I,8.368575337623992*^-8+0.*I,-4.184287682972044*^-8-8.300124005693617*^-16*I,-4.184287667283538*^-8+8.241151852211353*^-16*I,-4.1842876703328335*^-8-8.244202946194649*^-16*I
0.0006176736952112424,8.78009619549699*^-8+0.*I,8.780096198696263*^-8+0.*I,8.780096182236541*^-8+0.*I,-4.390048105974168*^-8-8.778944866686483*^-16*I,-4.390048089514441*^-8+8.715568611223092*^-16*I,-4.390048092713713*^-8-8.718847565190382*^-16*I
0.0006226387446779187,9.211848434300512*^-8+0.*I,9.211848437657135*^-8+0.*I,9.211848420388295*^-8+0.*I,-4.605924225780065*^-8-9.285394464179994*^-16*I,-4.6059242085112193*^-8+9.217285239963589*^-16*I,-4.605924211867843*^-8-9.22080906727788*^-16*I
0.0006276437047258583,9.664826364915783*^-8+0.*I,9.664826368437495*^-8+0.*I,9.664826350319776*^-8+0.*I,-4.832413191511675*^-8-9.821067493209131*^-16*I,-4.83241317339395*^-8+9.747871877252398*^-16*I,-4.832413176915663*^-8-9.751658863914954*^-16*I
0.0006326888961684805,1.0140073130003588*^-7+0.*I,1.0140073133698508*^-7+0.*I,1.0140073114690197*^-7+0.*I,-5.0700365745003625*^-8-1.0387650725730915*^-15*I,-5.0700365554920445*^-8+1.0308988908201176*^-15*I,-5.070036559186965*^-8-1.0313058705297743*^-15*I
0.0006377746423979997,1.0638683114669134*^-7+0.*I,1.0638683118545779*^-7+0.*I,1.0638683098603115*^-7+0.*I,-5.3193415672997483*^-8-1.0986928333992395*^-15*I,-5.3193415473570776*^-8+1.0902392147947221*^-15*I,-5.3193415512337224*^-8-1.0906765871639327*^-15*I
0.000642901269406157,1.1161804462124777*^-7+0.*I,1.1161804466192082*^-7+0.*I,1.1161804445269153*^-7+0.*I,-5.580902241517082*^-8-1.162078751078255*^-15*I,-5.580902220594146*^-8+1.1529938315432623*^-15*I,-5.580902224661451*^-8-1.1534638660436737*^-15*I
0.0006480691058051139,1.1710641712753535*^-7+0.*I,1.1710641717020876*^-7+0.*I,1.1710641695069519*^-7+0.*I,-5.855320867344993*^-8-1.229122443136945*^-15*I,-5.855320845393627*^-8+1.2193590835114289*^-15*I,-5.855320849660968*^-8-1.2198642190668344*^-15*I
0.0006532784828485165,1.2286458572620575*^-7+0.*I,1.2286458577097787*^-7+0.*I,1.228645855406747*^-7+0.*I,-6.143229297817242*^-8-1.3000350540289278*^-15*I,-6.143229274786915*^-8+1.2895425959529365*^-15*I,-6.143229279264127*^-8-1.2900854535464708*^-15*I
0.00065852973445273,1.2890580817775155*^-7+0.*I,1.289058082247256*^-7+0.*I,1.289058079831027*^-7+0.*I,-6.445290420959691*^-8-1.3750399212623494*^-15*I,-6.44529039679739*^-8+1.363763924358287*^-15*I,-6.445290401494795*^-8-1.3643473206159257*^-15*I
0.0006638231972182396,1.3524399340994705*^-7+0.*I,1.352439934592313*^-7+0.*I,1.352439932057325*^-7+0.*I,-6.76219968316235*^-8-1.4543732807134322*^-15*I,-6.762199657812461*^-8+1.4422552401542177*^-15*I,-6.762199662740883*^-8-1.44288220207354*^-15*I
0.0006691592104512289,1.4189373347950635*^-7+0.*I,1.4189373353121438*^-7+0.*I,1.4189373326525623*^-7+0.*I,-7.09468668726228*^-8-1.5382850113470448*^-15*I,-7.094686660666455*^-8+1.5252620544122246*^-15*I,-7.094686665837255*^-8-1.5259358347732657*^-15*I
0.0006745381161853263,1.4887033710113625*^-7+0.*I,1.488703371553872*^-7+0.*I,1.4887033687635758*^-7+0.*I,-7.443516868996244*^-8-1.6270394226417114*^-15*I,-7.443516841093272*^-8+1.6130439834900044*^-15*I,-7.443516846518366*^-8-1.6137680778895245*^-15*I
0.0006799602592035324,1.5618986482077522*^-7+0.*I,1.5618986487769414*^-7+0.*I,1.5618986458495088*^-7+0.*I,-7.80949325566266*^-8-1.7209160907688638*^-15*I,-7.809493226388323*^-8+1.7058755584299702*^-15*I,-7.809493232080214*^-8-1.7066537237897161*^-15*I
0.0006854259870603176,1.6386916591352748*^-7+0.*I,1.6386916597324558*^-7+0.*I,1.6386916566611498*^-7+0.*I,-8.193458311018305*^-8-1.8202107384254446*^-15*I,-8.19345828030523*^-8+1.8040470819151116*^-15*I,-8.193458286277039*^-8-1.8048833554327668*^-15*I
0.0006909356501039032,1.719259170907769*^-7+0.*I,1.7192591715343178*^-7+0.*I,1.7192591683120705*^-7+0.*I,-8.596295870634009*^-8-1.9252361693212566*^-15*I,-8.596295838411522*^-8+1.9078655321979124*^-15*I,-8.596295844677008*^-8-1.908764252412526*^-15*I
0.000696489601498714,1.803786631050554*^-7+0.*I,1.8037866317079146*^-7+0.*I,1.8037866283273113*^-7+0.*I,-9.018933172138095*^-8-2.0363232549417345*^-15*I,-9.018933138332046*^-8+2.0176555210803743*^-15*I,-9.01893314490565*^-8-2.0186213501901445*^-15*I
0.0007020881972480192,1.8924685934561326*^-7+0.*I,1.8924685941458196*^-7+0.*I,1.8924685905990812*^-7+0.*I,-9.462342984994879*^-8-2.1538219785219673*^-15*I,-9.462342949527478*^-8+2.1337603046690174*^-15*I,-9.462342956424347*^-8-2.13479825332013*^-15*I
0.0007077317962167508,1.9855091652214626*^-7+0.*I,1.9855091659450657*^-7+0.*I,1.9855091622240317*^-7+0.*I,-9.927545844691045*^-8-2.2781025409571928*^-15*I,-9.927545807480685*^-8+2.2565428539370826*^-15*I,-9.927545814716714*^-8-2.2576583065102004*^-15*I
0.0007134207601545053,2.0831224753891358*^-7+0.*I,2.0831224761483222*^-7+0.*I,2.0831224722444313*^-7+0.*I,-1.0415612396441533*^-7-2.4095565272763054*^-15*I,-1.0415612357402603*^-7+2.38638698512123*^-15*I,-1.0415612364994467*^-7-2.38758572838012*^-15*I
0.0007191554537187333,2.185533166664853*^-7+0.*I,2.1855331674613723*^-7+0.*I,2.1855331633656427*^-7+0.*I,-1.0927665853776934*^-7-2.5485981437654453*^-15*I,-1.0927665812819616*^-7+2.523698556589977*^-15*I,-1.0927665820784806*^-7-2.5249868086026743*^-15*I
0.0007249362444981155,2.2929769112358056*^-7+0.*I,2.292976912071493*^-7+0.*I,2.292976907774502*^-7+0.*I,-1.1464884577635385*^-7-2.695665526457055*^-15*I,-1.1464884534665451*^-7+2.668906731892598*^-15*I,-1.1464884543022324*^-7-2.6702911755738675*^-15*I
0.0007307635030361193,2.405700951869495*^-7+0.*I,2.4057009527462763*^-7+0.*I,2.4057009482381393*^-7+0.*I,-1.202850478185668*^-7-2.851222122970764*^-15*I,-1.2028504736775283*^-7+2.8224653177241567*^-15*I,-1.2028504745543093*^-7-2.8239531342473075*^-15*I
0.0007366376028547551,2.5239646695305384*^-7+0.*I,2.5239646704504336*^-7+0.*I,2.52396466572078*^-7+0.*I,-1.2619823371266306*^-7-3.015758156439406*^-15*I,-1.261982332396974*^-7+2.9848541761130074*^-15*I,-1.2619823333168693*^-7-2.986453082830656*^-15*I
0.0007425589204785172,2.648040178812922*^-7+0.*I,2.6480401797780504*^-7+0.*I,2.648040174816001*^-7+0.*I,-1.3240200918836708*^-7-3.189792173729067*^-15*I,-1.3240200869216187*^-7+3.1565807198417454*^-15*I,-1.3240200878867468*^-7-3.1582990103946386*^-15*I
0.0007485278354585161,2.7782129525488256*^-7+0.*I,2.778212953561411*^-7+0.*I,2.778212948355553*^-7+0.*I,-1.3891064788731427*^-7-3.3738726816601436*^-15*I,-1.389106473667281*^-7+3.33818149181838*^-15*I,-1.3891064746798667*^-7-3.3400280785333876*^-15*I
0.0007545447303968137,2.914782477021848*^-7+0.*I,2.914782478084224*^-7+0.*I,2.914782472622584*^-7+0.*I,-1.4573912412371216*^-7-3.5685798822190114*^-15*I,-1.457391235775478*^-7+3.530223834274018*^-15*I,-1.4573912368378535*^-7-3.5322082953357074*^-15*I
0.0007606099909709415,3.0580629392814086*^-7+0.*I,3.058062940396022*^-7+0.*I,3.058062934666039*^-7+0.*I,-1.5290314725006073*^-7-3.7745275006498785*^-15*I,-1.5290314667706203*^-7+3.733307656988292*^-15*I,-1.5290314678852333*^-7-3.735440284952692*^-15*I
0.0007667240059586251,3.2083839481291806*^-7+0.*I,3.2083839492985996*^-7+0.*I,3.208383943287096*^-7+0.*I,-1.6041919770647405*^-7-3.992364728513896*^-15*I,-1.604191971053233*^-7+3.948067302350741*^-15*I,-1.6041919722226515*^-7-3.950359157715447*^-15*I
0.0007728871672627038,3.366091290424323*^-7+0.*I,3.366091291651241*^-7+0.*I,3.3660912853443936*^-7+0.*I,-1.6830456483594193*^-7-4.222778270947358*^-15*I,-1.683045642052567*^-7+4.1751735197705556*^-15*I,-1.6830456432794853*^-7-4.177636489296173*^-15*I
0.0007790998699362517,3.531547724435036*^-7+0.*I,3.53154772572228*^-7+0.*I,3.531547719105586*^-7+0.*I,-1.7657738655190775*^-7-4.4664945190913345*^-15*I,-1.7657738589023787*^-7+4.415335552222873*^-15*I,-1.7657738601896224*^-7-4.4179824095032776*^-15*I
0.0007853625122078999,3.7051338120481313*^-7+0.*I,3.7051338133986666*^-7+0.*I,3.705133806456913*^-7+0.*I,-1.852566909487471*^-7-4.724281842556115*^-15*I,-1.8525669025457116*^-7+4.669303343824115*^-15*I,-1.8525669038962466*^-7-4.6721478154545775*^-15*I
0.0007916754955073624,3.887248791736814*^-7+0.*I,3.8872487931537516*^-7+0.*I,3.8872487858709777*^-7+0.*I,-1.9436243995015697*^-7-4.996953017826437*^-15*I,-1.9436243922187894*^-7+4.937869869814861*^-15*I,-1.9436243936357265*^-7-4.940926707293097*^-15*I
0.0007980392244911679,4.078311494279497*^-7+0.*I,4.0783114957661*^-7+0.*I,4.078311488125562*^-7+0.*I,-2.039155750950964*^-7-5.285367799123662*^-15*I,-2.0391557433104194*^-7+5.2218736047498285*^-15*I,-2.039155744797022*^-7-5.225158660700101*^-15*I
0.0008044541070685974,4.278761303319746*^-7+0.*I,4.278761304879439*^-7+0.*I,4.2787612968635723*^-7+0.*I,-2.1393806556578399*^-7-5.5904356319475116*^-15*I,-2.1393806476419663*^-7+5.522201128879771*^-15*I,-2.1393806492016594*^-7-5.525731438087278*^-15*I
0.0008109205544278314,4.489059162959404*^-7+0.*I,4.4890591645957797*^-7+0.*I,4.4890591561861587*^-7+0.*I,-2.244529585673542*^-7-5.913118529832404*^-15*I,-2.2445295772639132*^-7+5.839789882208657*^-15*I,-2.2445295789002885*^-7-5.843583751950972*^-15*I
0.0008174389810623059,4.709688634683781*^-7+0.*I,4.709688636400608*^-7+0.*I,4.709688627577902*^-7+0.*I,-2.3548443217411673*^-7-6.254434114499687*^-15*I,-2.3548443129184525*^-7+6.175631081203398*^-15*I,-2.3548443146352795*^-7-6.179708183738884*^-15*I
0.0008240098047972818,4.94115700603001*^-7+0.*I,4.941157007831243*^-7+0.*I,4.941156998575173*^-7+0.*I,-2.4705785076297464*^-7-6.615458832450424*^-15*I,-2.4705784983736674*^-7+6.5307727968177656*^-15*I,-2.4705785001748993*^-7-6.5351542737313654*^-15*I
0.0008306334468166268,5.183996453527153*^-7+0.*I,5.18399645541694*^-7+0.*I,5.183996445706232*^-7+0.*I,-2.5919982316042967*^-7-6.997331359644537*^-15*I,-2.59199822189358*^-7+6.906323210609334*^-15*I,-2.5919982237833656*^-7-6.911031780469818*^-15*I
0.000837310331689813,5.438765262559884*^-7+0.*I,5.438765264542576*^-7+0.*I,5.438765254354916*^-7+0.*I,-2.719382636357664*^-7-7.401256199379783*^-15*I,-2.7193826261699927*^-7+7.303454060531608*^-15*I,-2.7193826281526845*^-7-7.308514136935335*^-15*I
0.000844040887399131,5.706049106936905*^-7+0.*I,5.706049109017069*^-7+0.*I,5.706049098329044*^-7+0.*I,-2.8530245587947336*^-7-7.828507494439773*^-15*I,-2.8530245481066967*^-7+7.723404274633714*^-15*I,-2.8530245501868603*^-7-7.728842093380803*^-15*I
0.0008508255453671238,5.986462391080773*^-7+0.*I,5.9864623932632*^-7+0.*I,5.98646238205025*^-7+0.*I,-2.9932312011273426*^-7-8.280433052759176*^-15*I,-2.993231189914381*^-7+8.167483823082225*^-15*I,-2.993231192096806*^-7-8.173327578332885*^-15*I
0.0008576647404842405,6.280649657897858*^-7+0.*I,6.280649660187572*^-7+0.*I,6.280649648423935*^-7+0.*I,-3.1403248348092616*^-7-8.758458613347454*^-15*I,-3.1403248230456114*^-7+8.637077782882126*^-15*I,-3.140324825335324*^-7-8.643357771575334*^-15*I
0.0008645589111367118,6.589287065536232*^-7+0.*I,6.589287067938506*^-7+0.*I,6.589287055597155*^-7+0.*I,-3.2946435389151404*^-7-9.264092355683806*^-15*I,-3.2946435265737745*^-7+9.133650636969615*^-15*I,-3.2946435289760473*^-7-9.140399417728538*^-15*I
0.0008715084992346509,6.913083936395595*^-7+0.*I,6.91308393891596*^-7+0.*I,6.913083925968541*^-7+0.*I,-3.456541974645472*^-7-9.798929667828821*^-15*I,-3.456541961698038*^-7+9.658750821951335*^-15*I,-3.456541964218402*^-7-9.666003380996915*^-15*I
0.000878513950240379,7.25278438191704*^-7+0.*I,7.252784384561299*^-7+0.*I,7.252784370978071*^-7+0.*I,-3.626392197721475*^-7-1.0364658198510317*^-14*I,-3.62639218413823*^-7+1.0214015527602545*^-14*I,-3.626392186782488*^-7-1.0221809462154787*^-14*I
0.0008855757131969794,7.609169006852355*^-7+0.*I,7.609169009626596*^-7+0.*I,7.609168995376358*^-7+0.*I,-3.8045845105197495*^-7-1.0963063195036825*^-14*I,-3.804584496269494*^-7+1.0801175780346851*^-14*I,-3.804584499043733*^-7-1.0809551494811104*^-14*I
0.0008926942407570805,7.983056696892668*^-7+0.*I,7.983056699803278*^-7+0.*I,7.9830566848533*^-7+0.*I,-3.991528355886597*^-7-1.1596033149230948*^-14*I,-3.991528340936599*^-7+1.142206180924241*^-14*I,-3.991528343847208*^-7-1.1431062719566404*^-14*I
0.0008998699892118705,8.375306493725047*^-7+0.*I,8.375306496778727*^-7+0.*I,8.375306481094673*^-7+0.*I,-4.1876532546663243*^-7-1.2265565782245528*^-14*I,-4.18765323898225*^-7+1.2078608722949865*^-14*I,-4.187653242035928*^-7-1.208828148761653*^-14*I
0.0009071034185203454,8.786819561783709*^-7+0.*I,8.786819564987489*^-7+0.*I,8.786819548533342*^-7+0.*I,-4.39340978907685*^-7-1.297377436103277*^-14*I,-4.39340977262268*^-7+1.2772862509215458*^-14*I,-4.393409775826458*^-7-1.2783257264564279*^-14*I
0.0009143949923387916,9.218541251170121*^-7+0.*I,9.218541254531376*^-7+0.*I,9.218541237269352*^-7+0.*I,-4.6092706341697545*^-7-1.372289438995263*^-14*I,-4.6092706169077053*^-7+1.35069863737271*^-14*I,-4.609270620268958*^-7-1.3518156999581311*^-14*I
0.0009217451780505064,9.671463261433956*^-7+0.*I,9.671463264960421*^-7+0.*I,9.671463246850886*^-7+0.*I,-4.83573163972076*^-7-1.4515290688693096*^-14*I,-4.835731621611197*^-7+1.4283267447621405*^-14*I,-4.835731625137661*^-7-1.4295271840983522*^-14*I
0.0009291544467957563,1.0146625911134966*^-6+0.*I,1.0146625914834762*^-6+0.*I,1.0146625895836135*^-6+0.*I,-5.073312965010673*^-7-1.5353464881966397*^-14*I,-5.073312946012017*^-7+1.5104123869141373*^-14*I,-5.073312949711809*^-7-1.511702424801687*^-14*I
0.0009366232735019771,1.0645120518345364*^-6+0.*I,1.0645120522227002*^-6+0.*I,1.064512050229567*^-6+0.*I,-5.322560269076569*^-7-1.624006331934076*^-14*I,-5.322560249145204*^-7+1.5972112278510913*^-14*I,-5.322560253026841*^-7-1.598597550146959*^-14*I
0.0009441521369142157,1.1168091897502838*^-6+0.*I,1.1168091901575256*^-6+0.*I,1.1168091880665462*^-6+0.*I,-5.584045959138311*^-7-1.717788545408864*^-14*I,-5.584045938228483*^-7+1.6889935730514563*^-14*I,-5.584045942300898*^-7-1.690483364310196*^-14*I
0.0009517415196258182,1.1716740978287708*^-6+0.*I,1.1716740982560276*^-6+0.*I,1.1716740960624028*^-6+0.*I,-5.858370500037121*^-7-1.816989271659542*^-14*I,-5.858370478100836*^-7+1.7860452067429984*^-14*I,-5.858370482373401*^-7-1.7876461873372282*^-14*I
0.0009593919081093626,1.2292327552473069*^-6+0.*I,1.229232755695562*^-6+0.*I,1.2292327533942571*^-6+0.*I,-6.146163787660658*^-7-1.92192178931952*^-14*I,-6.146163764647568*^-7+1.8886682758951607*^-14*I,-6.146163769130117*^-7-1.8903887424927422*^-14*I
0.0009671037927478423,1.2896173154986205*^-6+0.*I,1.2896173159689055*^-6+0.*I,1.289617313554639*^-6+0.*I,-6.448086589473731*^-7-2.032917504738402*^-14*I,-6.448086565331022*^-7+1.9971822258167393*^-14*I,-6.44808657003387*^-7-1.999031093943688*^-14*I
0.0009748776678660982,1.3529664085722401*^-6+0.*I,1.3529664090656372*^-6+0.*I,1.352966406532869*^-6+0.*I,-6.764832055425198*^-7-2.150327003041317*^-14*I,-6.764832030097469*^-7+2.1119247883653485*^-14*I,-6.764832035031437*^-7-2.113911638074866*^-14*I
0.0009827140317625054,1.4194254578970092*^-6+0.*I,1.4194254584146535*^-6+0.*I,1.4194254557575721*^-6+0.*I,-7.097127302660549*^-7-2.274521157873912*^-14*I,-7.097127276089684*^-7+2.233253026166908*^-14*I,-7.097127281266124*^-7-2.235388152371147*^-14*I
0.000990613386740913,1.4891470127639343*^-6+0.*I,1.489147013307017*^-6+0.*I,1.4891470105195263*^-6+0.*I,-7.445735077636148*^-7-2.4058923092198694*^-14*I,-7.445735049761185*^-7+2.36154443673631*^-14*I,-7.445735055192009*^-7-2.363838902257188*^-14*I
0.0009985762391428417,1.5622910969834872*^-6+0.*I,1.5622910975532578*^-6+0.*I,1.5622910946289628*^-6+0.*I,-7.811455499405744*^-7-2.544855503802683*^-14*I,-7.811455470162734*^-7+2.4971981201030934*^-14*I,-7.811455475860436*^-7-2.499663812888505*^-14*I
0.0010066030993799396,1.639025574568076*^-6+0.*I,1.6390255751658453*^-6+0.*I,1.6390255720980378*^-6+0.*I,-8.195127888032831*^-7-2.691849814418045*^-14*I,-8.195127857354693*^-7+2.6406360114642865*^-14*I,-8.195127863332383*^-7-2.6432857057747232*^-14*I
0.0010146944819666992,1.719526533268803*^-6+0.*I,1.7195265338959462*^-6+0.*I,1.7195265306775903*^-6+0.*I,-8.597632682274442*^-7-2.847339729517329*^-14*I,-8.597632650090812*^-7+2.792304185316997*^-14*I,-8.597632656362239*^-7-2.795151608518701*^-14*I
0.0010228509055534374,1.8039786868358116*^-6+0.*I,1.8039786874937716*^-6+0.*I,1.8039786841174856*^-6+0.*I,-9.019893450882878*^-7-3.011816627569845*^-14*I,-9.019893417119943*^-7+2.952674233153615*^-14*I,-9.019893423699536*^-7-2.955734136108468*^-14*I
0.0010310728929595406,1.8925757969137257*^-6+0.*I,1.8925757976040157*^-6+0.*I,1.8925757940620574*^-6+0.*I,-9.462879002082915*^-7-3.185800335894976*^-14*I,-9.46287896666325*^-7+3.1222447194433116*^-14*I,-9.462878973566143*^-7-3.125532953141225*^-14*I
0.0010393609712069768,1.9855211155278806*^-6+0.*I,1.9855211162520883*^-6+0.*I,1.9855211125363356*^-6+0.*I,-9.927605596002963*^-7-3.3698407785726074*^-14*I,-9.92760555884535*^-7+3.301542721609449*^-14*I,-9.927605566087422*^-7-3.305076319151483*^-14*I
0.001047715671554077,2.0830278491633583*^-6+0.*I,2.0830278499231498*^-6+0.*I,2.0830278460250834*^-6+0.*I,-1.041513926507024*^-6-3.56451972191381*^-14*I,-1.041513922608948*^-6+3.4911254555607*^-14*I,-1.0415139233687388*^-6-3.4949227204804736*^-14*I
0.0010561375295295888,2.1853196454874726*^-6+0.*I,2.1853196462845946*^-6+0.*I,2.1853196421952787*^-6+0.*I,-1.0926598247623194*^-6-3.7704526210981195*^-14*I,-1.092659820672993*^-6+3.691581996477402*^-14*I,-1.0926598214701145*^-6-3.695662596435951*^-14*I
0.001064627084967003,2.2926311038171574*^-6+0.*I,2.292631104653443*^-6+0.*I,2.292631100363504*^-6+0.*I,-1.1463155540248467*^-6-3.988290571608126*^-14*I,-1.1463155497348956*^-6+3.903535093467516*^-14*I,-1.146315550571181*^-6-3.9079201635537106*^-14*I
0.0010731848820391568,2.4052083104862034*^-6+0.*I,2.4052083113635767*^-6+0.*I,2.4052083068631805*^-6+0.*I,-1.2026041574617063*^-6-4.2187223780717377*^-14*I,-1.202604152961298*^-6+4.127643092574626*^-14*I,-1.2026041538386705*^-6-4.132355343065344*^-14*I
0.0010818114692931146,2.5233094003230997*^-6+0.*I,2.5233094012435776*^-6+0.*I,2.523309396522411*^-6+0.*I,-1.261654702487357*^-6-4.462476739920018*^-14*I,-1.2616546977661773*^-6+4.364601963851857*^-14*I,-1.2616546986866544*^-6-4.369665798415373*^-14*I
0.0010905073996853288,2.6472051455089725*^-6+0.*I,2.647205146474672*^-6+0.*I,2.647205141521916*^-6+0.*I,-1.3236025751925846*^-6-4.720324565988765*^-14*I,-1.3236025702398146*^-6+4.615147446441793*^-14*I,-1.3236025712055127*^-6-4.620589089445912*^-14*I
0.0010992732306170851,2.777179573146512*^-6+0.*I,2.7771795741596527*^-6+0.*I,2.7771795689639598*^-6+0.*I,-1.3885897891289667*^-6-4.993081419425945*^-14*I,-1.3885897839332584*^-6+4.8800573171491225*^-14*I,-1.3885897849463977*^-6-4.8859049460965834*^-14*I
0.00110810952397023,2.9135306129351614*^-6+0.*I,2.9135306139980726*^-6+0.*I,2.9135306085475392*^-6+0.*I,-1.456765309146467*^-6-5.2816101139549776*^-14*I,-1.456765303695917*^-6+5.160153782207806*^-14*I,-1.4567653047588266*^-6-5.166437677303959*^-14*I
0.001117016846143188,3.0565707764154578*^-6+0.*I,3.0565707775305834*^-6+0.*I,3.056570771812723*^-6+0.*I,-1.5282853910156065*^-6-5.586823449534505*^-14*I,-1.5282853852977283*^-6+5.4563060122309136*^-14*I,-1.5282853864128525*^-6-5.463058709659297*^-14*I
0.0011259957680872666,3.206627869316019*^-6+0.*I,3.2066278704859212*^-6+0.*I,3.2066278644876383*^-6+0.*I,-1.603313937600956*^-6-5.909687115232335*^-14*I,-1.603313931602653*^-6+5.769432813523755*^-14*I,-1.6033139327725543*^-6-5.776689276022514*^-14*I
0.001135046865343254,3.3640457386109797*^-6+0.*I,3.364045739838349*^-6+0.*I,3.364045733545905*^-6+0.*I,-1.6820228723898561*^-6-6.251222757782019*^-14*I,-1.6820228660973909*^-6+6.100505458353812*^-14*I,-1.6820228673247588*^-6-6.10830325380127*^-14*I
0.0011441707180783111,3.529185055973279*^-6+0.*I,3.529185057260936*^-6+0.*I,3.5291850506599223*^-6+0.*I,-1.7645925312190602*^-6-6.612511227831835*^-14*I,-1.7645925246180232*^-6+6.450550668219903*^-14*I,-1.7645925259056784*^-6-6.458930166405782*^-14*I
0.0011533679111231585,3.7024241393907112*^-6+0.*I,3.702424140741615*^-6+0.*I,3.7024241338169172*^-6+0.*I,-1.85121207308276*^-6-6.994696017363403*^-14*I,-1.8512120661580372*^-6+6.82065377405792*^-14*I,-1.8512120675089391*^-6-6.829658353395733*^-14*I
0.0011626390340095652,3.8841598147970454*^-6+0.*I,3.8841598162143*^-6+0.*I,3.884159808950065*^-6+0.*I,-1.942079910948147*^-6-7.39898689355965*^-14*I,-1.9420799036838847*^-6+7.211962049351011*^-14*I,-1.9420799051011377*^-6-7.221638321548876*^-14*I
0.0011719846810081358,4.0748083196598596*^-6+0.*I,4.0748083211467226*^-6+0.*I,4.074808313526321*^-6+0.*I,-2.0374041635493277*^-6-7.826663747933593*^-14*I,-2.0374041559288975*^-6+7.625688235821202*^-14*I,-2.0374041574157584*^-6-7.636086285794063*^-14*I
0.0011814054511664035,4.274806250560658*^-6+0.*I,4.274806252120545*^-6+0.*I,4.274806244126537*^-6+0.*I,-2.1374031291773847*^-6-8.279080666498146*^-14*I,-2.1374031211833452*^-6+8.063114266646533*^-14*I,-2.13740312274323*^-6-8.074287913318853*^-14*I
0.0011909019483472279,4.4846115569009206*^-6+0.*I,4.484611558537416*^-6+0.*I,4.484611550151506*^-6+0.*I,-2.2423057825334*^-6-8.757670236534136*^-14*I,-2.2423057741474562*^-6+8.525595203567906*^-14*I,-2.2423057757839493*^-6-8.537602276680421*^-14*I
0.0012004747812675025,4.7047045829708056*^-6+0.*I,4.704704584687669*^-6+0.*I,4.704704575890669*^-6+0.*I,-2.3523522957628074*^-6-9.263948105322916*^-14*I,-2.35235228696577*^-6+9.014563393320021*^-14*I,-2.3523522886826313*^-6-9.027466033121659*^-14*I
0.001210124563537173,4.935589160725056*^-6+0.*I,4.935589162526231*^-6+0.*I,4.935589153298014*^-6+0.*I,-2.467794584843345*^-6-9.799517805382279*^-14*I,-2.4677945756150876*^-6+9.531532861561555*^-14*I,-2.4677945774162604*^-6-9.545397838275447*^-14*I
0.0012198519136985685,5.177793755723714*^-6+0.*I,5.177793757613339*^-6+0.*I,5.177793747932794*^-6+0.*I,-2.5888968825554137*^-6-1.0366075857014568*^-13*I,-2.5888968728748254*^-6+1.0078103958029263*^-13*I,-2.5888968747644474*^-6-1.0093003017995617*^-13*I
0.0012296574552660502,5.431872668813768*^-6+0.*I,5.431872670796182*^-6+0.*I,5.431872660641168*^-6+0.*I,-2.7159363393229*^-6-1.096541716929134*^-13*I,-2.7159363291678384*^-6+1.0655968256894482*^-13*I,-2.715936331150249*^-6-1.0671978492671386*^-13*I
0.0012395418167659778,5.698407296251904*^-6+0.*I,5.69840729833166*^-6+0.*I,5.698407287678953*^-6+0.*I,-2.8492036532745507*^-6-1.1599440757417837*^-13*I,-2.849203642621792*^-6+1.1266913745212836*^-13*I,-2.8492036447015447*^-6-1.1284117992418903*^-13*I
0.0012495056317769974,5.978007451098664*^-6+0.*I,5.978007453280538*^-6+0.*I,5.978007442105778*^-6+0.*I,-2.989003730941056*^-6-1.227015578617343*^-13*I,-2.9890037197662405*^-6+1.1912830291167017*^-13*I,-2.989003721948111*^-6-1.1931317559502184*^-13*I
0.0012595495389706533,6.2713127488505825*^-6+0.*I,6.271312751139585*^-6+0.*I,6.271312739417224*^-6+0.*I,-3.1356563800711123*^-6-1.2979687981494322*^-13*I,-3.135656368348691*^-6+1.2595715436564631*^-13*I,-3.13565637063769*^-6-1.2615581367316145*^-13*I
0.0012696741821523264,6.5789940604196685*^-6+0.*I,6.578994062821055*^-6+0.*I,6.578994050524295*^-6+0.*I,-3.289497036121168*^-6-1.3730286387152775*^-13*I,-3.289497023824343*^-6+1.3317680505782687*^-13*I,-3.289497026225725*^-6-1.3339027865315655*^-13*I
0.001279880210302502,6.9017550357192015*^-6+0.*I,6.901755038238485*^-6+0.*I,6.90175502533922*^-6+0.*I,-3.4508775240483157*^-6-1.452433054969192*^-13*I,-3.450877511148981*^-6+1.4080957062221993*^-13*I,-3.45087751366826*^-6-1.4103896273784462*^-13*I
0.0012901682776183677,7.240333701271532*^-6+0.*I,7.240333703914496*^-6+0.*I,7.240333690383248*^-6+0.*I,-3.6201668571141987*^-6-1.53643380905865*^-13*I,-3.6201668435828753*^-6+1.488790373488276*^-13*I,-3.620166846225834*^-6-1.491255344526709*^-13*I
0.0013005390435557478,7.595504135417922*^-6+0.*I,7.595504138190633*^-6+0.*I,7.5955041239964845*^-6+0.*I,-3.797752074489926*^-6-1.6252972740022632*^-13*I,-3.797752060295695*^-6+1.5741013420274472*^-13*I,-3.7977520630684006*^-6-1.5767501116129526*^-13*I
0.001310993172871374,7.968078224882405*^-6+0.*I,7.968078227791228*^-6+0.*I,7.968078212901749*^-6+0.*I,-3.984039119538003*^-6-1.7193052829379223*^-13*I,-3.984039104648435*^-6+1.66429208998775*^-13*I,-3.984039107557252*^-6-1.6671383566982952*^-13*I
0.0013215313356654947,8.358907506621873*^-6+0.*I,8.358907509673482*^-6+0.*I,8.358907494054663*^-6+0.*I,-4.179453760737373*^-6-1.8187560283096727*^-13*I,-4.179453745118457*^-6+1.7596410885588195*^-13*I,-4.179453748170061*^-6-1.7626995710942055*^-13*I
0.0013321542074248283,8.768885099083604*^-6+0.*I,8.768885102285004*^-6+0.*I,8.768885085901173*^-6+0.*I,-4.384442557312184*^-6-1.9239650126021094*^-13*I,-4.3844425409282495*^-6+1.8604426515329912*^-13*I,-4.384442544129642*^-6-1.863729164856687*^-13*I
0.001342862469065862,9.19894772718913*^-6+0.*I,9.198947730547665*^-6+0.*I,9.198947713361409*^-6+0.*I,-4.599473871723718*^-6-2.035266056029586*^-13*I,-4.599473854537349*^-6+1.9670078328552734*^-13*I,-4.5994738578958755*^-6-1.9705393694948192*^-13*I
0.0013536568069784968,9.650077845570568*^-6+0.*I,9.650077849093942*^-6+0.*I,9.650077831066024*^-6+0.*I,-4.825038931288555*^-6-2.1530123620609972*^-13*I,-4.825038913260513*^-6+2.0796653749266606*^-13*I,-4.8250389167838795*^-6-2.0834601935252228*^-13*I
0.001364537913070045,0.000010123305864802723+0.*I,0.00001012330586849902+0.*I,0.000010123305849588285+0.*I,-5.061652941294625*^-6-2.277577643542419*^-13*I,-5.061652922383756*^-6+2.1987627105103164*^-13*I,-5.061652926080045*^-6-2.202840429104944*^-13*I
0.001375506484809581,0.000010619712485601668+0.*I,0.000010619712489479368+0.*I,0.000010619712469642654+0.*I,-5.309856252100496*^-6-2.409357318158786*^-13*I,-5.3098562322636375*^-6+2.324667020776894*^-13*I,-5.309856236141328*^-6-2.329048718472926*^-13*I
0.0013865632252726484,0.000011140431146198567+0.*I,0.000011140431150266561+0.*I,0.000011140431129458602+0.*I,-5.5702155828222806*^-6-2.548769770631615*^-13*I,-5.570215562014166*^-6+2.457766352688958*^-13*I,-5.570215566082151*^-6-2.4624746778889705*^-13*I
0.0013977088431863258,0.000011686650588347131+0.*I,0.000011686650592614753+0.*I,0.00001168665057078807+0.*I,-5.843325304337369*^-6-2.6962576892436104*^-13*I,-5.843325282510519*^-6+2.598470799860206*^-13*I,-5.84332528677813*^-6-2.6035300874881924*^-13*I
0.0014089440529746569,0.000012259617547684502+0.*I,0.000012259617552161534+0.*I,0.00001225961752926634+0.*I,-6.129808784464856*^-6-2.852289480599196*^-13*I,-6.12980876156948*^-6+2.747213749174073*^-13*I,-6.1298087660465*^-6-2.752650146153423*^-13*I
0.0014202695748044426,0.000012860639574438755+0.*I,0.000012860639579135462+0.*I,0.000012860639555119536+0.*I,-6.430319798319299*^-6-3.0173607666111846*^-13*I,-6.430319774303178*^-6+2.904453197977914*^-13*I,-6.430319778999873*^-6-2.9102947979649415*^-13*I
0.0014316861346314054,0.000013491087990763445+0.*I,0.000013491087995690597+0.*I,0.000013491087970499173+0.*I,-6.745544006977988*^-6-3.191995970456175*^-13*I,-6.745543981786352*^-6+3.070673145775394*^-13*I,-6.745543986713491*^-6-3.076950133390859*^-13*I
0.00144319446424672,0.00001415240099127912+0.*I,0.000014152400996448011+0.*I,0.000014152400970023653+0.*I,-7.076200507751689*^-6-3.3767499927281406*^-13*I,-7.076200481327101*^-6+3.246385061816699*^-13*I,-7.076200486495977*^-6-3.25312986915562*^-13*I
0.0014547953013239225,0.000014846086893717024+0.*I,0.000014846086899139499+0.*I,0.000014846086871421972+0.*I,-7.423043459506498*^-6-3.5722099866622295*^-13*I,-7.423043431788722*^-6+3.4321294387264335*^-13*I,-7.423043437211182*^-6-3.43937691134238*^-13*I
0.0014664893894661933,0.000015573727546888703+0.*I,0.00001557372755257719+0.*I,0.000015573727523503323+0.*I,-7.786863786648638*^-6-3.778997236829136*^-13*I,-7.786863757574501*^-6+3.628477429771703*^-13*I,-7.786863763262973*^-6-3.6362650081303477*^-13*I
0.0014782774782540222,0.0000163369819035508+0.*I,0.00001633698190951834+0.*I,0.00001633698187902188+0.*I,-8.168490965556854*^-6-3.997769147570113*^-13*I,-8.168490935060103*^-6+3.8360325812225734*^-13*I,-8.16849094102762*^-6-3.8444004904366567*^-13*I
0.0014901603232932554,0.000017137589766094948+0.*I,0.000017137589772355206+0.*I,0.000017137589740366674+0.*I,-8.568794897427335*^-6-4.2292213495502557*^-13*I,-8.56879486543849*^-6+4.0554326574907696*^-13*I,-8.568794871698725*^-6-4.064424118847719*^-13*I
0.0015021386862635287,0.000017977375713371026+0.*I,0.000017977375719938344+0.*I,0.00001797737568638488+0.*I,-8.98868787168536*^-6-4.47408992441548*^-13*I,-8.988687838131556*^-6+4.287351574627056*^-13*I,-8.988687844698852*^-6-4.2970130236472426*^-13*I
0.0015142133349670918,0.00001885825321734831+0.*I,0.000018858253224237733+0.*I,0.00001885825318904292+0.*I,-9.42912662431585*^-6-4.733153764470036*^-13*I,-9.42912658912067*^-6+4.5325014359569183*^-13*I,-9.429126596010067*^-6-4.5428827655446517*^-13*I
0.0015263850433780226,0.000019782228958733125+0.*I,0.00001978222896596043+0.*I,0.00001978222892904414+0.*I,-9.89111449567218*^-6-5.007237068220749*^-13*I,-9.89111445875549*^-6+4.791634686280653*^-13*I,-9.891114465982768*^-6-4.802789500203789*^-13*I
0.0015386545916918387,0.00002075140735109622+0.*I,0.000020751407358677957+0.*I,0.000020751407319956144+0.*I,-0.00001037570369253987-5.297211983818549*^-13*I,-0.000010375703653817625+5.065546383843472*^-13*I,-0.000010375703661399334-5.07753227474058*^-13*I
0.001551022766375507,0.000021767995283517566+0.*I,0.000021767995291471097+0.*I,0.000021767995250855633+0.*I,-0.00001088399765945896-5.604001400133214*^-13*I,-0.00001088399761884303+5.355076601289845*^-13*I,-0.000010883997626796532-5.367955446647045*^-13*I
0.0015634903602178558,0.00002283430709223206+0.*I,0.000022834307100575593+0.*I,0.000022834307057974057+0.*I,-0.00001141715356454685-5.92858191254869*^-13*I,-0.000011417153521944812+5.661112958096593*^-13*I,-0.000011417153530288312-5.674951239055347*^-13*I
0.0015760581723803914,0.000023952769772258+0.*I,0.000023952769781010633+0.*I,0.000023952769736326108+0.*I,-0.000011976384905312531-6.271986950756249*^-13*I,-0.00001197638486062746+5.984593299117937*^-13*I,-0.000011976384869380059-5.999462442315814*^-13*I
0.0015887270084485243,0.000025125928440511854+0.*I,0.000025125928449693616+0.*I,0.000025125928402824468+0.*I,-0.000012562964240213939-6.635310098590733*^-13*I,-0.000012562964193344201+6.326508518448808*^-13*I,-0.000012562964202525926-6.34248526255678*^-13*I
0.0016014976804832057,0.000026356452062458752+0.*I,0.00002635645207209066+0.*I,0.0000263564520229303+0.*I,-0.000013178226051983193-7.019708600952522*^-13*I,-0.000013178226002822197+6.687905542367892*^-13*I,-0.000013178226012454062-6.705072334592113*^-13*I
0.0016143710070729807,0.000027647139454920137+0.*I,0.000027647139465024224+0.*I,0.000027647139413460893+0.*I,-0.000013823569749030393-7.426407083672389*^-13*I,-0.00001382356969746637+7.069890477343025*^-13*I,-0.000013823569707570414-7.088335896214285*^-13*I
0.0016273478133864586,0.000029000925578257942+0.*I,0.000029000925588857326+0.*I,0.000029000925534773815+0.*I,-0.000014500462811535686-7.856701481387708*^-13*I,-0.000014500462757451428+7.473631939301688*^-13*I,-0.000014500462768050763-7.493451151441113*^-13*I
0.001640428931225205,0.000030420888131781405+0.*I,0.000030420888142900326+0.*I,0.00003042088808617373+0.*I,-0.000015210444089152652-8.311963207254991*^-13*I,-0.000015210444032425248+7.900364558814921*^-13*I,-0.000015210444043544115-7.921659807355919*^-13*I
0.001653615199077061,0.00003191025446687822+0.*I,0.000031910254478542105+0.*I,0.00003191025441904354+0.*I,-0.00001595512725757384-8.793643553533559*^-13*I,-0.0000159551271980744+8.35139269195861*^-13*I,-0.000015955127209738232-8.374273821218939*^-13*I
0.0016669074621698879,0.00003347240883305742+0.*I,0.00003347240884529295+0.*I,0.00003347240878288727+0.*I,-0.000016736204441552192-9.30327836395982*^-13*I,-0.000016736204379145566+8.828094328269788*^-13*I,-0.00001673620439138103-8.852679350300057*^-13*I
0.0016803065725257465,0.00003511089997281061+0.*I,0.00003511089998564574+0.*I,0.00003511089992019123+0.*I,-0.0000175554500123316-9.842492968488237*^-13*I,-0.00001755544994687606+9.331925220308172*^-13*I,-0.00001755544995971113-9.358340921791877*^-13*I
0.0016938133890155105,0.00003682944908194842+0.*I,0.000036829449095412506+0.*I,0.000036829449026760547+0.*I,-0.000018414724567815123-1.04130074111862*^-12*I,-0.00001841472449916206+9.86442324672715*^-13*I,-0.000018414724512626072-9.892805838423078*^-13*I
0.0017074287774139197,0.00003863195815285716+0.*I,0.00003863195816698096+0.*I,0.000038631958094975735+0.*I,-0.00001931597910419324-1.1016641991947148*^-12*I,-0.000019315979032186817+1.0427213010957873*^-12*I,-0.000019315979046310542-1.0457708827829551*^-12*I
0.0017211536104550752,0.00004052251871894238+0.*I,0.000040522518733758174+0.*I,0.000040522518658236276+0.*I,-0.000020261259388165604-1.1655323116400324*^-12*I,-0.000020261259312642415+1.10220106986744*^-12*I,-0.000020261259327458123-1.105477695019229*^-12*I
0.0017349887678883805,0.000042505421019388414+0.*I,0.000042505421034930045+0.*I,0.00004250542095572014+0.*I,-0.000021252710539320743-1.233108950538386*^-12*I,-0.00002125271046010944+1.1650629200917889*^-12*I,-0.00002125271047565098-1.1685834785004527*^-12*I
0.0017489351365349336,0.000044585163604263994+0.*I,0.00004458516362056696+0.*I,0.000044585163537489385+0.*I,-0.000022292581832688816-1.304609876255208*^-12*I,-0.000022292581749609724+1.2314983530141583*^-12*I,-0.0000222925817659126-1.2352809894536664*^-12*I
0.0017629936103443703,0.00004676646340094675+0.*I,0.00004676646341804829+0.*I,0.00004676646333091466+0.*I,-0.00002338323173195379-1.3802634321957917*^-12*I,-0.00002338323164481852+1.301709652726139*^-12*I,-0.000023383231661919956-1.3057738599298689*^-12*I
0.0017771650904521666,0.000049054266263826784+0.*I,0.000049054266281765946+0.*I,0.00004905426619037873+0.*I,-0.00002452713316430515-1.4603112816701363*^-12*I,-0.000024527133072916162+1.375910488733219*^-12*I,-0.000024527133090855208-1.3802772082427046*^-12*I
0.0017914504852373997,0.00005145375803028105+0.*I,0.000051453758049098784+0.*I,0.00005145375795325086+0.*I,-0.000025726879048425014-1.5450091863706642*^-12*I,-0.000025726878952575176+1.4543265520288577*^-12*I,-0.000025726878971392785-1.45901828090055*^-12*I
0.001805850710380975,0.000053970376106991105+0.*I,0.000053970376126730354+0.*I,0.00005397037602620455+0.*I,-0.000026985188087646915-1.6346278315551152*^-12*I,-0.000026985187987119042+1.5371962265610617*^-12*I,-0.000026985188006858166-1.542237132866166*^-12*I
0.0018203666889243203,0.00005660982161180574+0.*I,0.00005660982163251155+0.*I,0.00005660982152708015+0.*I,-0.000028304910840887016-1.7294536998905096*^-12*I,-0.000028304910735453383+1.6247712967794952*^-12*I,-0.00002830491075615906-1.6301873441953958*^-12*I
0.0018349993513285497,0.000059378072097532195+0.*I,0.000059378072119251814+0.*I,0.00005937807200867607+0.*I,-0.000029689036084539602-1.829789995962125*^-12*I,-0.000029689035973961443+1.7173176955331777*^-12*I,-0.000029689035995680913-1.7231367757222652*^-12*I
0.0018497496355341148,0.00006228139488527819+0.*I,0.00006228139490806116+0.*I,0.00006228139479209072+0.*I,-0.00003114069747914797-1.9359576258578206*^-12*I,-0.00003114069736317492+1.8151162921133031*^-12*I,-0.00003114069738595773-1.821368368549823*^-12*I
0.0018646184870209077,0.00006532636103625051+0.*I,0.0000653263610601488+0.*I,0.00006532636093852118+0.*I,-0.000032663180555303594-2.048296232569882*^-12*I,-0.00003266318043367316+1.9184637247767905*^-12*I,-0.00003266318045757126-1.9251809855737818*^-12*I
0.001879606858868883,0.00006851985999228761+0.*I,0.00006851986001735568+0.*I,0.00006851985988979569+0.*I,-0.000034259930033912254-2.1671652955110076*^-12*I,-0.00003425992990634921+2.0276732784916795*^-12*I,-0.00003425992993141709-2.0348903022001467*^-12*I
0.0018947157118191411,0.00007186911491679402+0.*I,0.00007186911494308902+0.*I,0.0000718691148093081+0.*I,-0.000035934557496661105-2.2929452910320337*^-12*I,-0.000035934557362876886+2.143075810625329*^-12*I,-0.00003593455738917169-2.150829742384955*^-12*I
0.0019099460143355122,0.00007538169876924207+0.*I,0.00007538169879682394+0.*I,0.00007538169865651955+0.*I,-0.000037690849423269346-2.426038923505453*^-12*I,-0.00003769084928296139+2.2650207283371434*^-12*I,-0.00003769084931054304-2.2733514713320593*^-12*I
0.001925298742666634,0.00007906555114794476+0.*I,0.00007906555117687636+0.*I,0.0000790655510297313+0.*I,-0.00003953277561287442-2.5668724291905823*^-12*I,-0.000039532775465725515+2.3938770197001244*^-12*I,-0.00003953277549465686-2.4028274383776418*^-12*I
0.001940774880908526,0.00008292899593742185+0.*I,0.00008292899596776905+0.*I,0.00008292899581345076+0.*I,-0.00004146449800771487-2.7158969542762394*^-12*I,-0.00004146449785339242+2.530034339572627*^-12*I,-0.00004146449788373936-2.539650480607306*^-12*I
0.00195637542106768,0.00008698075979837687+0.*I,0.0000869807598302088+0.*I,0.00008698075966836861+0.*I,-0.000043490379938118576-2.873590016287206*^-12*I,-0.00004349037977627389+2.6739041588624298*^-12*I,-0.000043490379808105545-2.6842354852103682*^-12*I
0.0019721013631246263,0.0000912299915400563+0.*I,0.00009122999157344543+0.*I,0.00009122999140371778+0.*I,-0.000045614995808682097-3.0404570510040758*^-12*I,-0.00004561499563894958+2.825920972079449*^-12*I,-0.00004561499567233842-2.837020617776722*^-12*I
0.0019879537150980513,0.0000956862824166392+0.*I,0.00009568628245166155+0.*I,0.00009568628227366319+0.*I,-0.00004784314124646514-3.2170330512539955*^-12*I,-0.00004784314106846153+2.986543575041554*^-12*I,-0.00004784314110348355-2.998468615751937*^-12*I
0.0020039334931094017,0.00010035968739120203+0.*I,0.00010035968742793728+0.*I,0.00010035968724126638+0.*I,-0.00005017984373297267-3.4038842991376843*^-12*I,-0.0000501798435462961+3.15625640888364*^-12*I,-0.00005017984358303101-3.169068155718531*^-12*I
0.002020041721448015,0.00010526074741285069+0.*I,0.00010526074745138242+0.*I,0.00010526074725561775+0.*I,-0.00005263037374272057-3.6016102044358903*^-12*I,-0.000052630373546949757+3.335570982005425*^-12*I,-0.00005263037358548112-3.3493352920735935*^-12*I
0.002036279432636787,0.00011040051275471644+0.*I,0.00011040051279513231+0.*I,0.00011040051258983222+0.*I,-0.000055200256412233155-3.810845249324937*^-12*I,-0.00005520025620692642+3.5250273641186152*^-12*I,-0.000055200256247341895-3.5398149808806847*^-12*I
0.002052647667498334,0.00011579056746270084+0.*I,0.00011579056750509274+0.*I,0.00011579056728979422+0.*I,-0.000057895283764415225-4.0322610453643734*^-12*I,-0.000057895283549109526+3.725195766709894*^-12*I,-0.000057895283591501-3.7410826791992304*^-12*I
0.002069147475221737,0.00012144305496720411+0.*I,0.00012144305501166842+0.*I,0.00012144305478588607+0.*I,-0.000060721527514415745-4.266568519523981*^-12*I,-0.00006072152728862565+3.9366782064198924*^-12*I,-0.00006072152733308949-3.953746038588653*^-12*I
0.0020857799134297657,0.00012737070491241871+0.*I,0.00012737070495905648+0.*I,0.00012737070472228142+0.*I,-0.0000636853524842741-4.5145202186234094*^-12*I,-0.00006368535224749068+4.160110261466638*^-12*I,-0.00006368535229412794-4.178446688056917*^-12*I
0.002102546048246688,0.00013358686126035702+0.*I,0.0001335868613092742+0.*I,0.00013358686106097298+0.*I,-0.0000667934306549333-4.7769127568412975*^-12*I,-0.00006679343040662304+4.396162919244096*^-12*I,-0.00006679343045553967-4.415862115961167*^-12*I
0.002119446954366613,0.0001401055117293623+0.*I,0.00014010551178067+0.*I,0.00014010551152028337+0.*I,-0.00007005275588549485-5.05458940754364*^-12*I,-0.00007005275562509843+4.645544531011097*^-12*I,-0.00007005275567640554-4.666707653418099*^-12*I
0.0021364837151223513,0.00014694131862961012+0.*I,0.00014694131868342485+0.*I,0.0001469413184103665+0.*I,-0.00007347065933096867-5.34844284494316*^-12*I,-0.00007347065905789978+4.909002865959445*^-12*I,-0.00007347065911171387-4.931738567322315*^-12*I
0.0021536574225548906,0.0001541096511610249+0.*I,0.00015410965121746882+0.*I,0.00015410965093112417+0.*I,-0.00007705482559123069-5.659418048468624*^-12*I,-0.00007705482530487462+5.187327280107893*^-12*I,-0.00007705482536131786-5.211752264918098*^-12*I
0.002170969177483361,0.00016162661924195023+0.*I,0.00016162661930115143+0.*I,0.00016162661900087616+0.*I,-0.0000808133096253569-5.9885153802562814*^-12*I,-0.00008081330932506933+5.481351003351532*^-12*I,-0.00008081330938426979-5.507590623295092*^-12*I
0.002188420089575628,0.00016950910894015112+0.*I,0.00016950910900224387+0.*I,0.00016950910868736264+0.*I,-0.00008475455446712374-6.3367938446525075*^-12*I,-0.0000847545541522292+5.7919535466856054*^-12*I,-0.00008475455421432117-5.820142438988661*^-12*I
0.0022060112774193916,0.0001777748195808914+0.*I,0.00017777481964601654+0.*I,0.00017777481931582128+0.*I,-0.00008888740977904561-6.705374536852295*^-12*I,-0.00008888740944883599+6.1200632427050424*^-12*I,-0.00008888740951396029-6.150346019276439*^-12*I
0.0022237438685939067,0.0001864423026103525+0.*I,0.0001864423026786577+0.*I,0.00018644230233240625+0.*I,-0.00009322115128408307-7.095444301516557*^-12*I,-0.00009322115093781613+6.466659920453872*^-12*I,-0.00009322115100612039-6.499191903498121*^-12*I
0.002241618999742261,0.0001955310022961489+0.*I,0.00019553100236778892+0.*I,0.0001955310020047033+0.*I,-0.00009776550111589923-7.508259597944652*^-12*I,-0.00009776550075279688+6.832777728706774*^-12*I,-0.00009776550082443589-6.867725741882612*^-12*I
0.0022596378166442103,0.0002050612983504514+0.*I,0.00020506129842558856+0.*I,0.0002050612980448532+0.*I,-0.00010253064913042011-7.945150606570019*^-12*I,-0.0001025306487496667+7.219508105134246*^-12*I,-0.00010253064882480277-7.257051324408378*^-12*I
0.0022778014742896547,0.0002150545505651683+0.*I,0.00021505455064397275+0.*I,0.00021505455024473284+0.*I,-0.00010752727522342344-8.40752556896119*^-12*I,-0.000107527274824164+7.628002909572678*^-12*I,-0.0001075272749029673-7.668333774641145*^-12*I
0.0022961111369526385,0.00022553314555259+0.*I,0.0002255331456352402+0.*I,0.00022553314521659963+0.*I,-0.00011276657270085935-8.896875385125396*^-12*I,-0.0001127665722821977+8.059477724544024*^-12*I,-0.00011276657236484664-8.102802919946283*^-12*I
0.00231456797826601,0.00023652054568928512+0.*I,0.00023652054577596803+0.*I,0.00023652054533698753+0.*I,-0.00011826027275079647-9.414778490845668*^-12*I,-0.00011826027231179319+8.515215328794046*^-12*I,-0.00011826027239847478-8.561756837097498*^-12*I
0.00233317318129663,0.0002480413403653247+0.*I,0.00024804134045623645+0.*I,0.0002480413399959314+0.*I,-0.00012402067006803195-9.96290601195631*^-12*I,-0.00012402066960770234+8.996569365158913*^-12*I,-0.0001240206696986127-9.046565595095007*^-12*I
0.002351927938621205,0.00026012129964563923+0.*I,0.00026012129974098544+0.*I,0.0002601212992583239+0.*I,-0.0001300606496847676-1.0543027236848382*^-11*I,-0.00013006064920207956+9.504968196058615*^-12*I,-0.00013006064929742424-9.558675192676222*^-12*I
0.0023708334524027517,0.0002727874304551039+0.*I,0.00027278743055510007+0.*I,0.0002727874300490003+0.*I,-0.00013639371506315003-1.1157015400744769*^-11*I,-0.00013639371455702163+1.0041918968269973*^-11*I,-0.00013639371465701616-1.0099611716975271*^-11*I
0.002389890934467622,0.0002860680354039187+0.*I,0.0002860680355087908+0.*I,0.000286068034978119+0.*I,-0.00014303401750795776-1.1806853823010045*^-11*I,-0.00014303401697725505+1.0609011892772255*^-11*I,-0.0001430340170821254-1.0670985719566338*^-11*I
0.002409101606383217,0.00029999277437524514+0.*I,0.00029999277448523014+0.*I,0.00029999277392879785+0.*I,-0.00014999638696041665-1.2494642403329502*^-11*I,-0.00014999638640395102+1.1207924755967528*^-11*I,-0.00014999638651393404-1.127449682597615*^-11*I
0.002428466699536247,0.0003145927290023508+0.*I,0.00031459272911769687+0.*I,0.00031459272853425857+0.*I,-0.0001572963642367685-1.3222604497695754*^-11*I,-0.00015729636365329418+1.1840427668150709*^-11*I,-0.0001572963637686382-1.1911938595543931*^-11*I
0.0024479874552117034,0.0003299004701684408+0.*I,0.0003299004702894083+0.*I,0.0003299004696776583+0.*I,-0.0001649502347781834-1.3993094220134073*^-11*I,-0.00016495023416639458+1.2508388059690785*^-11*I,-0.00016495023428735988-1.2585203639196204*^-11*I
0.0024676651246723974,0.0003459501286681048+0.*I,0.00034595012879496664+0.*I,0.00034595012815353664+0.*I,-0.00017297506398147882-1.4808604156547027*^-11*I,-0.0001729750633400069+1.3213775950527328*^-11*I,-0.00017297506346686635-1.3296289014456158*^-11*I
0.0024875009692391634,0.00036277746917569444+0.*I,0.0003627774693087367+0.*I,0.00036277746863619235+0.*I,-0.0001813887341833038-1.567177354611549*^-11*I,-0.00018138873351071426+1.395866949370243*^-11*I,-0.00018138873364375392-1.4047301901235397*^-11*I
0.002507496260371736,0.0003804199676723706+0.*I,0.0003804199678118931+0.*I,0.00038041996710673135+0.*I,-0.00019020998337365762-1.658539695545009*^-11*I,-0.0001902099826684471+1.4745260802206167*^-11*I,-0.00019020998280796676-1.4840465586121526*^-11*I
0.00252765227975021,0.0003989168924902388+0.*I,0.0003989168926365558+0.*I,0.00039891689189720114+0.*I,-0.000199458445717952-1.7552433449487068*^-11*I,-0.00019945844497854472+1.557586210925893*^-11*I,-0.00019945844512485873-1.567812576427282*^-11*I
0.0025479703193572335,0.0004183093891392375+0.*I,0.0004183093892926785+0.*I,0.0004183093885174797+0.*I,-0.0002091546939704493-1.8576016327547634*^-11*I,-0.00020915469319519373+1.6452912219757138*^-11*I,-0.00020915469334863157-1.6562757171575926*^-11*I
0.002568451681560794,0.0004386405690895489+0.*I,0.0004386405692504593+0.*I,0.00043864056843768577+0.*I,-0.00021932028386546098-1.9659463425602594*^-11*I,-0.00021932028305262624+1.737898332003929*^-11*I,-0.00021932028321353317-1.7496970576048743*^-11*I
0.002589097679197714,0.00045995560269018043+0.*I,0.00045995560285892214+0.*I,0.00045995560200676026+0.*I,-0.0002299778005766312-2.080628803368901*^-11*I,-0.00022997779972440323+1.8356788141064*^-11*I,-0.00022997779989314125-1.8483520128233513*^-11*I
0.0026099096356578,0.00048230181641220214+0.*I,0.00048230181658915456+0.*I,0.0004823018156957034+0.*I,-0.00024115090733854737-2.2020210458408836*^-11*I,-0.000241150906445025+1.938918750537214*^-11*I,-0.00024115090662197347-1.9525311115782274*^-11*I
0.0026308888849686587,0.0005057287946134902+0.*I,0.0005057287947990511+0.*I,0.0005057287938623185+0.*I,-0.00025286439632910316-2.3305170283185504*^-11*I,-0.0002528643953922938+2.0479198241959356*^-11*I,-0.0002528643955778504-2.0625408105659262*^-11*I
0.0026520367718812343,0.0005302884860305568+0.*I,0.0005302884862251428+0.*I,0.0005302884852430411+0.*I,-0.00026514424191540327-2.4665339348251873*^-11*I,-0.0002651442409332189+2.163000153358756*^-11*I,-0.00026514424112780027-2.1787043543732305*^-11*I
0.002673354651955977,0.0005560353152119065+0.*I,0.0005560353154159545+0.*I,0.0005560353143862957+0.*I,-0.00027801765637043156-2.610513550747026*^-11*I,-0.00027801765534068355+2.2844951708411865*^-11*I,-0.00027801765554472666-2.301362678203441*^-11*I
0.002694843891649749,0.0005830262991169824+0.*I,0.00058302629933095+0.*I,0.0005830262982514413+0.*I,-0.00029151314817251156-2.7629237208539766*^-11*I,-0.0002915131470929065+2.4127585459587465*^-11*I,-0.000291513147306869-2.430875357875776*^-11*I
0.002716505868403406,0.0006113211691143697+0.*I,0.000611321169338737+0.*I,0.000611321168206975+0.*I,-0.0003056605830043957-2.924259892141739*^-11*I,-0.00030566058187253+2.548163155939536*^-11*I,-0.00030566058209689165-2.5676216123440375*^-11*I
0.002738341970730105,0.00064098249862326+0.*I,0.0006409824988585297+0.*I,0.0006409824976719964+0.*I,-0.00032049124757398297-3.0950467516075857*^-11*I,-0.0003204912463873378+2.691102107318547*^-11*I,-0.00032049124662260147-2.712001356479571*^-11*I
0.0027603535983042795,0.0006720758366526522+0.*I,0.0006720758368993513+0.*I,0.0006720758356554076+0.*I,-0.0003360379163839037-3.275839959017457*^-11*I,-0.0003360379151398394+2.8419898106391107*^-11*I,-0.00033603791538653206-2.8644363075466333*^-11*I
0.0027825421620513748,0.0007046698475040099+0.*I,0.0007046698477626907+0.*I,0.0007046698464585708+0.*I,-0.000352334921582831-3.4672279846577105*^-11*I,-0.0003523349202785813+3.001263108203573*^-11*I,-0.0003523349205372551-3.025371154088128*^-11*I
0.002804909084238298,0.0007388364569144462+0.*I,0.0007388364571856871+0.*I,0.000738836455818493+0.*I,-0.000369418226037054-3.669834054424746*^-11*I,-0.00036941822466972005+3.16938246289152*^-11*I,-0.00036941822494095355-3.195274779299682*^-11*I
0.0028274557985645604,0.0007746510049294611+0.*I,0.0007746510052138687+0.*I,0.0007746510037805634+0.*I,-0.00038732549976682574-3.884318214371024*^-11*I,-0.00038732549833336974+3.34683320465976*^-11*I,-0.00038732549861776946-3.374641552524225*^-11*I
0.002850183750254189,0.0008121924058068978+0.*I,0.0008121924061051077+0.*I,0.0008121924046025084+0.*I,-0.0004060961998983182-4.111379514680403*^-11*I,-0.0004060961983955567+3.534126843336522*^-11*I,-0.000406096198693758-3.5639926865983515*^-11*I
0.0028730943961483603,0.0008515433152665236+0.*I,0.0008515433155792013+0.*I,0.0008515433140039732+0.*I,-0.00042577165428838755-4.35175832526092*^-11*I,-0.00042577165271298465+3.731802446114608*^-11*I,-0.0004257716530256532-3.7638776642179875*^-11*I
0.002896189204798795,0.0008927903054132863+0.*I,0.0008927903057411296+0.*I,0.0008927903040897777+0.*I,-0.0004463951489861745-4.606238792213956*^-11*I,-0.0004463951473346344+3.940428087293935*^-11*I,-0.00044639514766246796-3.974875737897002*^-11*I
0.0029194696565618635,0.000936024047676124+0.*I,0.0009360240480198639+0.*I,0.0009360240462887261+0.*I,-0.00046801201970247833-4.8756514362427284*^-11*I,-0.0004680120179711379+4.160602368258564*^-11*I,-0.00046801201831486733-4.19759750902033*^-11*I
0.002942937243693504,0.0009813395041190708+0.*I,0.0009813395044794733+0.*I,0.000981339502664712+0.*I,-0.0004906697474652764-5.1608759092001106*^-11*I,-0.0004906697456502972+4.392956019603724*^-11*I,-0.0004906697460106884-4.432686585912681*^-11*I
0.002966593470444858,0.0010288361274961868+0.*I,0.0010288361278740542+0.*I,0.0010288361259716485+0.*I,-0.0005144180586471526-5.462843914663321*^-11*I,-0.000514418056744512+4.638153577171142*^-11*I,-0.0005144180571223674-4.680821327565078*^-11*I
0.0029904398531586957,0.0010786180704378753+0.*I,0.0010786180708340484+0.*I,0.0010786180688397845+0.*I,-0.0005393090295584136-5.782542301975069*^-11*I,-0.0005393090275638969+4.896895146641753*^-11*I,-0.0005393090279600572-4.94271667559172*^-11*I
0.0030144779203666234,0.001130794404172387+0.*I,0.0011307944045877466+0.*I,0.0011307944024972092+0.*I,-0.0005653971958077986-6.121016346925928*^-11*I,-0.0005653971937169891+5.169918257403091*^-11*I,-0.000565397194132335-5.2191260802465205*^-11*I
0.0030387092128870293,0.0011854793472031912+0.*I,0.0011854793476386602+0.*I,0.0011854793454472226+0.*I,-0.0005927396666411137-6.479373227911056*^-11*I,-0.0005927396644493834+5.4579998053261493*^-11*I,-0.0005927396648848377-5.510843527375942*^-11*I
0.0030631352839238946,0.0012427925043809295+0.*I,0.0012427925048374743+0.*I,0.0012427925025402888+0.*I,-0.000621396244477156-6.858785708062543*^-11*I,-0.0006213962421796556+5.761958095843068*^-11*I,-0.0006213962426361849-5.818705659570508*^-11*I
0.0030877576991663056,0.0013028591168263539+0.*I,0.001302859117304987+0.*I,0.0013028591148969743+0.*I,-0.0006514295498691226-7.260496039550272*^-11*I,-0.0006514295474607709+6.082654983591381*^-11*I,-0.0006514295479393876-6.143594013946602*^-11*I
0.003112578036888844,0.0013658103231804339+0.*I,0.0013658103236822163+0.*I,0.0013658103211580533+0.*I,-0.0006829051521295992-7.685820099978128*^-11*I,-0.0006829051496050716+6.420998127254478*^-11*I,-0.0006829051501068365-6.486437367756024*^-11*I
0.0031375978880527535,0.001431783432676943+0.*I,0.0014317834332029861+0.*I,0.0014317834305570955+0.*I,-0.0007158917058667813-8.136151781195654*^-11*I,-0.0007158917032204989+6.77794334151845*^-11*I,-0.000715891703746523-6.848214202875005*^-11*I
0.003162818856407887,0.0015009222105535438+0.*I,0.001500922211105011+0.*I,0.0015009222083315495+0.*I,-0.000750461093689938-8.612967628705729*^-11*I,-0.000750461090916055+7.154497079653191*^-11*I,-0.000750461091467502-7.229955293180748*^-11*I
0.0031882425585955526,0.0015733771763389787+0.*I,0.0015733771769170892+0.*I,0.0015733771740099334+0.*I,-0.0007866885753529204-9.117831775048994*^-11*I,-0.0007866885724453114+7.55171902504836*^-11*I,-0.0007866885730234004-7.632746421723364*^-11*I
0.0032138706242520894,0.0016493059155752376+0.*I,0.001649305916181268+0.*I,0.0016493059131340022+0.*I,-0.0008246529436151505-9.652401152770839*^-11*I,-0.0008246529405673978+7.970724819348313*^-11*I,-0.0008246529411734053-8.057731233052834*^-11*I
0.0032397046961133756,0.001728873405557476+0.*I,0.0017288734061927634+0.*I,0.0017288734029986652+0.*I,-0.0008644366871114755-1.021843103041153*^-10*I,-0.0008644366839168539+8.412688912492438*^-11*I,-0.000864436684552117-8.506114231747553*^-11*I
0.0032657464301200784,0.0018122523556970182+0.*I,0.0018122523563629629+0.*I,0.0018122523530149886+0.*I,-0.0009061261605335538-1.0817780877421237*^-10*I,-0.0009061261571850174+8.87884756339156*^-11*I,-0.0009061261578509364-8.97916391740937*^-11*I
0.003291997495523831,0.0018996235631384556+0.*I,0.0018996235638365244+0.*I,0.001899623560327294+0.*I,-0.0009498117624382784-1.1452420574478961*^-10*I,-0.0009498117589284439+9.370501971622853*^-11*I,-0.0009498117596264853-9.478216085080161*^-11*I
0.003318459574994229,0.001991176284286425+0.*I,0.0019911762850181535+0.*I,0.0019911762813399334+0.*I,-0.0009955881210110258-1.2124437004783075*^-10*I,-0.0009955881173321576+9.889021571330574*^-11*I,-0.0009955881180638568-1.0004677291294361*^-10*I
0.0033451343647266573,0.0020871086229243144+0.*I,0.0020871086236913107+0.*I,0.0020871086198359996+0.*I,-0.0010435542881248579-1.2836041034251582*^-10*I,-0.0010435542842688504+1.0435847476813651*^-10*I,-0.0010435542850358156-1.0560028471922215*^-10*I
0.0033720235745510626,0.002187627935634864+0.*I,0.002187627936438812+0.*I,0.00218762793239792+0.*I,-0.0010938139420506527-1.3589574908402233*^-10*I,-0.0010938139380090128+1.101249608602599*^-10*I,-0.0010938139388129281-1.1145828755368036*^-10*I
0.0033991289280414986,0.0022929512552598+0.*I,0.0022929512561024627+0.*I,0.002292951251867095+0.*I,-0.001146475599186738-1.438752010516757*^-10*I,-0.0011464755949505676+1.1620562870473273*^-10*I,-0.001146475595793196-1.176371945253022*^-10*I
0.0034264521626266573,0.0024033057331662856+0.*I,0.0024033057340495092+0.*I,0.0024033057296103458+0.*I,-0.0012016528351919144-1.5232505637559503*^-10*I,-0.0012016528307518897+1.226172632962267*^-10*I,-0.0012016528316350767-1.2415428240667728*^-10*I
0.003453995029701201,0.002518929101116727+0.*I,0.0025189291020424444+0.*I,0.0025189290973897196+0.*I,-0.0012594645159201346-1.6127316871756822*^-10*I,-0.0012594645112664858+1.293775213620892*^-10*I,-0.0012594645121921644-1.3102773549254333*^-10*I
0.003481759294738027,0.0026400701535708878+0.*I,0.0026400701545411217+0.*I,0.0026400701496646045+0.*I,-0.001320035038571316-1.7074904870395885*^-10*I,-0.0013200350336938075+1.3650497476696423*^-10*I,-0.0013200350346640006-1.3827669157900905*^-10*I
0.003509746737401465,0.002766989251281143+0.*I,0.002766989252298012+0.*I,0.002766989247186982+0.*I,-0.0013834945834887004-1.807839628712031*^-10*I,-0.0013834945783766071+1.4401915585051188*^-10*I,-0.001383494579393433-1.4592129014953004*^-10*I
0.0035379591516613022,0.0028999588470745327+0.*I,0.002899958848140254+0.*I,0.0028999588427834778+0.*I,-0.0014499793770495842-1.9141103863037103*^-10*I,-0.0014499793716916684+1.5194060502001981*^-10*I,-0.001449979372757344-1.5398272279197855*^-10*I
0.00356639834590783,0.0030392640347511376+0.*I,0.003039264035868032+0.*I,0.0030392640302537403+0.*I,-0.0015196319661141813-2.0266537553346673*^-10*I,-0.0015196319604986685+1.6029092031251368*^-10*I,-0.0015196319616155149-1.6248328609293376*^-10*I
0.0035950661430677023,0.003185203122062001+0.*I,0.0031852031232324973+0.*I,0.0031852031173483586+0.*I,-0.0015926015045142302-2.1458416315670156*^-10*I,-0.001592601498628783+1.690928094102991*^-10*I,-0.001592601499799229-1.714464370459066*^-10*I
0.0036239643807208406,0.0033380882287686675+0.*I,0.003338088229995309+0.*I,0.003338088223828402+0.*I,-0.0016690440520823694-2.272068061338448*^-10*I,-0.0016690440459140603+1.7837014391783277*^-10*I,-0.0016690440471406492-1.8089685082134113*^-10*I
0.0036530949112181816,0.003498245910822187+0.*I,0.0034982459121076343+0.*I,0.0034982459056444202+0.*I,-0.00174912288674121-2.4057505658029134*^-10*I,-0.0017491228802764946+1.8814801611076443*^-10*I,-0.0017491228815618865-1.9086048169765818*^-10*I
0.0036824596018004132,0.003666017811740156+0.*I,0.003666017813087194+0.*I,0.003666017806313487+0.*I,-0.001833008830191386-2.547331545487721*^-10*I,-0.0018330088234160713+1.9845279818061305*^-10*I,-0.0018330088247630512-2.0136462631469118*^-10*I
0.0037120603347176985,0.0038417613423000043+0.*I,0.0038417613437115466+0.*I,0.003841761336612482+0.*I,-0.001920880587757676-2.697279769099019*^-10*I,-0.0019208805806568913+2.0931220422192597*^-10*I,-0.0019208805820683725-2.124379901716227*^-10*I
0.0037418990073502722,0.004025850389707453+0.*I,0.004025850391186549+0.*I,0.004025850383746552+0.*I,-0.0020129251029726656-2.856091951190929*^-10*I,-0.002012925095530828+2.2075535482728633*^-10*I,-0.0020129250970098607-2.2411075714694717*^-10*I
0.0037719775323301155,0.004218676057443634+0.*I,0.0042186760589934735+0.*I,0.0042186760511962245+0.*I,-0.0021093379274996797-3.024294425767203*^-10*I,-0.002109337919700462+2.328128446916452*^-10*I,-0.002109337921250235-2.36414662164747*^-10*I
0.0038022978376635133,0.0044206474370359315+0.*I,0.004420647438659853+0.*I,0.004420647430488251+0.*I,-0.002210323607017516-3.2024449174382295*^-10*I,-0.0022103235988438093+2.4551681287536284*^-10*I,-0.0022103236004676614-2.493830670376765*^-10*I
0.003832861866854657,0.004632192413044918+0.*I,0.004632192414746412+0.*I,0.0046321924061825375+0.*I,-0.002316096083713161-3.3911344225447564*^-10*I,-0.002316096075147037+2.589010163936811*^-10*I,-0.0023160960768484604-2.630510399689841*^-10*I
0.003863671579030221,0.004853758502604781+0.*I,0.004853758504387503+0.*I,0.004853758495412579+0.*I,-0.0024268791160511733-3.5909892007103794*^-10*I,-0.0024268791070738466+2.730009068972898*^-10*I,-0.0024268791088564935-2.7745543848535526*^-10*I
0.0038947289490649213,0.005085813730902784+0.*I,0.005085813732770552+0.*I,0.005085813723364903+0.*I,-0.002542906716512503-3.8026728868645766*^-10*I,-0.0025429067071042876+2.878537103444584*^-10*I,-0.00254290670897198-2.926349961441841*^-10*I
0.003926035967708143,0.005328847544032824+0.*I,0.005328847545989636+0.*I,0.005328847536132643+0.*I,-0.0026644236080202765-4.026888729113256*^-10*I,-0.002664423598160543+3.0349851035865793*^-10*I,-0.0026644236001172775-3.086304128769672*^-10*I
0.003957594641711505,0.0055833717607068675+0.*I,0.005583371762756903+0.*I,0.005583371752426959+0.*I,-0.002791685699794412-4.26438196242723*^-10*I,-0.0027916856894615446+3.1997633499952466*^-10*I,-0.0027916856915115003-3.254844497254656*^-10*I
0.003989406993957513,0.005849921564361492+0.*I,0.005849921566509122+0.*I,0.005849921555683585+0.*I,-0.002924960583403692-4.515942322835876*^-10*I,-0.002924960572575037+3.3733024682506537*^-10*I,-0.0029249605747225862-3.4324202724053477*^-10*I
0.004021475063589216,0.006129056537247852+0.*I,0.006129056539497647+0.*I,0.006129056528152789+0.*I,-0.0030645280498094213-4.782406714709946*^-10*I,-0.003064528038461238+3.556054371347696*^-10*I,-0.003064528040710952-3.619503285500988*^-10*I
0.004053800906140921,0.0064213617381482764+0.*I,0.006421361740505018+0.*I,0.00642136172861597+0.*I,-0.0032106806282222763-5.064662035752407*^-10*I,-0.003210680616329687+3.748493234154666*^-10*I,-0.0032106806186863453-3.816589065286459*^-10*I
0.0040863865936699465,0.006727448825417652+0.*I,0.0067274488278863355+0.*I,0.006727448815427038+0.*I,-0.003363724147621404-5.363648172567237*^-10*I,-0.0033637241351583344+3.951116513473973*^-10*I,-0.003363724137626935-4.0241979581572205*^-10*I
0.004119234214889424,0.0070479572271038285+0.*I,0.0070479572296896775+0.*I,0.007047957216632818+0.*I,-0.003523978321812877-5.680361176730408*^-10*I,-0.0035239783087520015+4.1644460008648125*^-10*I,-0.0035239783113377686-4.242876294154231*^-10*I
0.004152345875302224,0.0073835553599601806+0.*I,0.0073835553626686555+0.*I,0.007383555348985609+0.*I,-0.0036917773589340546-6.015856630630535*^-10*I,-0.003691777345246735+4.389028924459718*^-10*I,-0.0036917773479551302-4.4731976019320657*^-10*I
0.004185723697335874,0.007734941899219733+0.*I,0.0077349419020565436+0.*I,0.007734941887717306+0.*I,-0.003867470596338543-6.371253211101787*^-10*I,-0.0038674705819947627+4.625439086442342*^-10*I,-0.0038674705848314953-4.715763874012643*^-10*I
0.004219369820478623,0.008102847101063052+0.*I,0.008102847104034163+0.*I,0.00810284708900729+0.*I,-0.004051423161827823-6.747736477436514*^-10*I,-0.004051423146796123+4.874278047428364*^-10*I,-0.004051423149767159-4.971206886120228*^-10*I
0.004253286401416582,0.008488034179770837+0.*I,0.008488034182882484+0.*I,0.008488034167135013+0.*I,-0.00424401666222502-7.146562872141607*^-10*I,-0.004244016646472424+5.136176353492592*^-10*I,-0.004244016649584-5.240189566944149*^-10*I
0.00428747561417196,0.008891300741615085+0.*I,0.00889130074487378+0.*I,0.008891300728371163+0.*I,-0.004445649900317694-7.569063974438507*^-10*I,-0.004445649883809637+5.411794810065737*^-10*I,-0.004445649887068269-5.523407427000644*^-10*I
0.004321939650242419,0.009313480277605304+0.*I,0.009313480281017854+0.*I,0.009313480263723875+0.*I,-0.004656739621227894-8.016650998856999*^-10*I,-0.004656739603928146+5.701825799360968*^-10*I,-0.0046567396073406405-5.821590038536881*^-10*I
0.0043566807187415514,0.00975544371727023+0.*I,0.009755443720843748+0.*I,0.009755443702720442+0.*I,-0.004877721289299671-8.490819569358547*^-10*I,-0.004877721271170253+6.006994644997896*^-10*I,-0.004877721274743724-6.135502579785553*^-10*I
0.004391701046540474,0.01021810104571981+0.*I,0.010218101049461721+0.*I,0.010218101030469289+0.*I,-0.005109049896626385-8.993154776603564*^-10*I,-0.005109049877627484+6.32806102728828*^-10*I,-0.00510904988136936-6.465947435599819*^-10*I
0.004427002878410574,0.010702402986297798+0.*I,0.010702402990215862+0.*I,0.010702402970312584+0.*I,-0.005351200804372978-9.525336537030925*^-10*I,-0.005351200784462854+6.665820444749492*^-10*I,-0.005351200788380898-6.813765861751879*^-10*I
0.004462588477167393,0.011209342751201163+0.*I,0.011209342755303482+0.*I,0.011209342734445609+0.*I,-0.005604670618081244-1.0089145275923187*^-9*I,-0.005604670597216138+7.021105720344756*^-10*I,-0.005604670601318454-7.179839708831319*^-10*I
0.004498460123815679,0.01173995786250885+0.*I,0.011739957866803884+0.*I,0.011739957844945558+0.*I,-0.00586997809817936-1.0686467947833216*^-9*I,-0.0058699780763133945+7.394788565516583*^-10*I,-0.005869978080608448-7.565093215221404*^-10*I
0.004534620117695586,0.01229533204612935+0.*I,0.012295332050625935+0.*I,0.012295332027719064+0.*I,-0.006147665106950346-1.13193044165309*^-9*I,-0.0061476650840354185+7.787781185474396*^-10*I,-0.006147665088532047-7.970494858978284*^-10*I
0.00457107077663007,0.012876597201243824+0.*I,0.01287659720595118+0.*I,0.012876597181945344+0.*I,-0.006438297593247783-1.1989774217057759*^-9*I,-0.006438297569233458+8.201037939979267*^-10*I,-0.006438297573940886-8.397059284443312*^-10*I
0.0046078144370734495,0.013484935447888207+0.*I,0.013484935452815964+0.*I,0.013484935427658284+0.*I,-0.006742466616280464-1.2700123722261511*^-9*I,-0.006742466591113851+8.635557053787667*^-10*I,-0.006742466596041712-8.845849290295943*^-10*I
0.004644853454261179,0.014121581255385615+0.*I,0.014121581260543817+0.*I,0.014121581234178846+0.*I,-0.007060789409821565-1.345273373554305*^-9*I,-0.007060789383447203+9.092382367914667*^-10*I,-0.007060789388605549-9.317977893168914*^-10*I
0.004682190202360813,0.014787823654406434+0.*I,0.014787823659805566+0.*I,0.01478782363217515+0.*I,-0.00739391048823099-1.4250127539664906*^-9*I,-0.0073939104605907175+9.57260515534668*^-10*I,-0.007393910465990038-9.814610452528458*^-10*I
0.004719827074624186,0.015485008535500555+0.*I,0.015485008541151556+0.*I,0.015485008512194701+0.*I,-0.00774250279571304-1.5094979419670762*^-9*I,-0.0077425027667458535+1.0077365973699085*^-9*I,-0.007742502772397096-1.0336966877456425*^-9*I
0.004757766483540824,0.016214541037011903+0.*I,0.016214541042926186+0.*I,0.01621454101257892+0.*I,-0.008107268900264405-1.5990123701498926*^-9*I,-0.008107268869906327+1.0607856568085723*^-9*I,-0.008107268875820911-1.0886323899073333*^-9*I
0.004796010860992577,0.016977888025349937+0.*I,0.016977888031539407+0.*I,0.016977887999734622+0.*I,-0.008488942233799765-1.693856432321159*^-9*I,-0.008488942201983686+1.116532182402897*^-9*I,-0.008488942208173526-1.1464017414311914*^-9*I
0.004834562658409503,0.01777658067065699+0.*I,0.017776580677134054+0.*I,0.01777658064380136+0.*I,-0.00888828837997432-1.7943484974966393*^-9*I,-0.008888288346629844+1.1751061769693075*^-9*I,-0.008888288353107362-1.2071444901889878*^-9*I
0.004873424346927002,0.01861221712097243+0.*I,0.01861221712775004+0.*I,0.01861221709281558+0.*I,-0.009306106411253666-1.900825985331156*^-9*I,-0.009306106376306942+1.23664336054547*^-9*I,-0.009306106383085095-1.2710067922147865*^-9*I
0.004912598417544216,0.01948646527805533+0.*I,0.01948646528514698+0.*I,0.01948646524853326+0.*I,-0.009743230276811734-2.0136465034415835*^-9*I,-0.009743230240185283+1.301285379440758*^-9*I,-0.009743230247277579-1.3381414671232642*^-9*I
0.004952087381283693,0.02040106567808543+0.*I,0.02040106568550519+0.*I,0.02040106564713091+0.*I,-0.010200530242866612-2.1331890544597776*^-9*I,-0.010200530204479145+1.3691800183277095*^-9*I,-0.010200530211899664-1.4087082624658435*^-9*I
0.00499189376935235,0.02135783448051909+0.*I,0.021357834488281612+0.*I,0.021357834448061455+0.*I,-0.01067891438709244-2.2598553133339106*^-9*I,-0.01067891434685866+1.4404814159020284*^-9*I,-0.010678914354622076-1.4828741235746286*^-9*I
0.005032020133303715,0.022358666568429112+0.*I,0.022358666576549675+0.*I,0.022358666534394098+0.*I,-0.011179330148771708-2.3940709808641564*^-9*I,-0.011179330106602098+1.515350284120542*^-9*I,-0.011179330114723707-1.5608134726802975*^-9*I
0.005072469045201481,0.02340553876370837+0.*I,0.02340553877220289+0.*I,0.023405538728017917+0.*I,-0.01170276593637774-2.5362872169356215*^-9*I,-0.011702765892178358+1.593954130333747*^-9*I,-0.011702765900674093-1.642708492642295*^-9*I
0.0051132430977843734,0.02450051316056303+0.*I,0.024500513169448075+0.*I,0.024500513123135066+0.*I,-0.012250252794300153-2.6869821601915265*^-9*I,-0.012250252747972408+1.6764674813441892*^-9*I,-0.012250252756858865-1.7287494186152864*^-9*I
0.005154344904632343,0.025645740580763354+0.*I,0.025645740590056188+0.*I,0.02564574054151159+0.*I,-0.012822866130447086-2.846662534568693*^-9*I,-0.01282286608188748+1.7630721104904576*^-9*I,-0.012822866091181944-1.8191348362648611*^-9*I
0.00519577710033409,0.02684346415415779+0.*I,0.026843464163876382+0.*I,0.026843464112991478+0.*I,-0.01342172750647682-3.015865354744196*^-9*I,-0.013421727455576708+1.8539572650549062*^-9*I,-0.013421727465297175-1.914071985479988*^-9*I
0.005237542340655945,0.02809602302798857+0.*I,0.028096023038151622+0.*I,0.028096022984812268+0.*I,-0.014048006492427762-3.19515972787308*^-9*I,-0.014048006439073083+1.9493198953833623*^-9*I,-0.014048006449238287-2.0137770711438188*^-9*I
0.005279643302712097,0.02940585620857309+0.*I,0.029405856219200065+0.*I,0.029405856163286396+0.*I,-0.014702922587528642-3.385148765538195*^-9*I,-0.014702922531599633+2.049364882119465*^-9*I,-0.014702922542229071-2.1184755776750046*^-9*I
0.005322082685136194,0.030775506538935456+0.*I,0.030775506550046603+0.*I,0.03077550649143273+0.*I,-0.015387747208980902-3.586471605955279*^-9*I,-0.015387747150351795+2.1543052660357055*^-9*I,-0.015387747161465754-2.2284025914632747*^-9*I
0.005364863208254325,0.03220762481598638+0.*I,0.03220762482760276+0.*I,0.03220762476615647+0.*I,-0.016103805750512065-3.79980555461255*^-9*I,-0.016103805689050784+2.2643624721089953*^-9*I,-0.016103805700670368-2.343803123636379*^-9*I
0.005407987614259389,0.03370497405085308+0.*I,0.033704974062996586+0.*I,0.03370497399857899+0.*I,-0.016852479712500625-4.02586835371279*^-9*I,-0.01685247964806845+2.3797665335090114*^-9*I,-0.016852479660215604-2.4649324405853843*^-9*I
0.005451458667386867,0.03527043387595879+0.*I,0.03527043388865219+0.*I,0.03527043382111737+0.*I,-0.01763520890547197-4.265420581855933*^-9*I,-0.017635208837923178+2.500756311356042*^-9*I,-0.017635208850620726-2.59205639540955*^-9*I
0.00549527915409201,0.036907005102437565+0.*I,0.036907005115704515+0.*I,0.036907005044899174+0.*I,-0.01845349372875774-4.519268193916828*^-9*I,-0.018453493657939246+2.6275797075633822*^-9*I,-0.018453493671210897-2.7254517634882677*^-9*I
0.005539451883228442,0.03861781443144665+0.*I,0.03861781444531173+0.*I,0.03861781437107475+0.*I,-0.019308897526099437-4.7882652139877124*^-9*I,-0.019308897451850385+2.7604938746360247*^-9*I,-0.01930889746572079-2.8654065774980462*^-9*I
0.005583979686228212,0.04040611932290459+0.*I,0.04040611933739333+0.*I,0.04040611925955538+0.*I,-0.020203049019959916-5.073316579595737*^-9*I,-0.020203048942111286+2.8997654130970393*^-9*I,-0.020203048956606046-3.0122204649472363*^-9*I
0.00562886541728328,0.04227531302513554+0.*I,0.042275313040274445+0.*I,0.04227531295865755+0.*I,-0.02113764482628256-5.375381156865008*^-9*I,-0.021137644744656712+3.0456705630034948*^-9*I,-0.02113764475980241-3.1662049831400826*^-9*I
0.005674111953528474,0.044228929768840596+0.*I,0.04422892978465718+0.*I,0.044228929699074215+0.*I,-0.022114452051407947-5.695474928379797*^-9*I,-0.022114451965818162+3.1984953820996224*^-9*I,-0.022114451981642403-3.327683954397557*^-9*I
0.0057197221952259075,0.04627065012874152+0.*I,0.04627065014526433+0.*I,0.04627065005551857+0.*I,-0.02313531097282028-6.034674368220229*^-9*I,-0.023135310883070265+3.358535910091199*^-9*I,-0.023135310899601698-3.496993796524609*^-9*I
0.005765699065950885,0.04840430655615215+0.*I,0.048404306573410785+0.*I,0.04840430647929534+0.*I,-0.024202137805350455-6.394120010746302*^-9*I,-0.02420213771123384+3.5260983182730636*^-9*I,-0.02420213772850218-3.674483849644598*^-9*I
0.005812045512779301,0.050633889085625335+0.*I,0.05063388910365049+0.*I,0.050633889004947766+0.*I,-0.025316927554409206-6.775020228420928*^-9*I,-0.025316927455708977+3.701499040737028*^-9*I,-0.02531692747374505-3.860516695081082*^-9*I
0.0058587645064765445,0.052963551218697794+0.*I,0.05296355123752129+0.*I,0.05296355113400239+0.*I,-0.026481756957760637-7.178655228691055*^-9*I,-0.02648175685424857+3.885064885306897*^-9*I,-0.026481756873084326-4.055468466671178*^-9*I
0.005905859041687921,0.055397615987608964+0.*I,0.05539761600726376+0.*I,0.055397615898687864+0.*I,-0.027698787517273508-7.606381277466954*^-9*I,-0.027698787408709527+4.077133119235866*^-9*I,-0.02769878742837807-4.2597291532137095*^-9*I
0.00595333213713061,0.05794058220170539+0.*I,0.05794058222222563+0.*I,0.057940582108339335+0.*I,-0.028970268622005083-8.059635172069749*^-9*I,-0.028970268508136644+4.278051529262852*^-9*I,-0.028970268528672287-4.473702885010957*^-9*I
0.006001186835787159,0.06059713087905021+0.*I,0.0605971309004712+0.*I,0.06059713078100781+0.*I,-0.030298540763876513-8.53993896603361*^-9*I,-0.030298540644437887+4.488178455042093*^-9*I,-0.030298540665876134-4.697808208752347*^-9*I
0.006049426205100536,0.06337213186554655+0.*I,0.06337213188790485+0.*I,0.06337213176258365+0.*I,-0.03168603884709304-9.048904966706472*^-9*I,-0.03168603872180458+4.707882781519938*^-9*I,-0.031686038744182195-4.932478342402468*^-9*I
0.006098053337170752,0.06627065064364152+0.*I,0.0662706506669749+0.*I,0.06627065053550037+0.*I,-0.03313529559234122-9.588241022532235*^-9*I,-0.03313529546090861+4.937543900458451*^-9*I,-0.03313529548426361-5.178161409353629*^-9*I
0.006147071348953061,0.06929795533241088+0.*I,0.06929795535675842+0.*I,0.0692979552188193+0.*I,-0.03464894503666212-1.01597561069176*^-8*I,-0.03464894489877552+5.177551627655649*^-9*I,-0.034648944923147226-5.435320649297319*^-9*I
0.006196483382457753,0.07245952388052658+0.*I,0.07245952390592865+0.*I,0.0724595237611972+0.*I,-0.03622972612975015-1.0765366225450839*^-8*I,-0.03622972598508336+5.428306073719594*^-9*I,-0.03622972601051239-5.704434603421045*^-9*I
0.006246292604951553,0.07576105145327935+0.*I,0.07576105147977757+0.*I,0.07576105132790854+0.*I,-0.03788048642726221-1.1407100650688839*^-8*I,-0.0378804862754717+5.690217463088309*^-9*I,-0.03788048630200003-5.985997260805657*^-9*I
0.006296502209160643,0.07920845801446506+0.*I,0.0792084580421024+0.*I,0.07920845788273204+0.*I,-0.039604185881539924-1.2087108525471153*^-8*I,-0.0396041857222639+5.963705898103889*^-9*I,-0.039604185749934843-6.280518181928217*^-9*I
0.006347115413475312,0.0828078961035434+0.*I,0.08280789613236421+0.*I,0.0828078959651092+0.*I,-0.0414039007299476-1.280766582183909*^-8*I,-0.041403900562804956+6.249201059227817*^-9*I,-0.041403900591663205-6.588522570547032*^-9*I
0.006398135462156249,0.08656575880803823+0.*I,0.08656575883808813+0.*I,0.08656575866254446+0.*I,-0.04328282748080858-1.3571182705463498*^-8*I,-0.04328282730539774+6.547141835353323*^-9*I,-0.04328282733548938-6.910551305958505*^-9*I
0.006449565625542504,0.09048868793067034+0.*I,0.09048868796199637+0.*I,0.09048868777773816+0.*I,-0.04524428699668344-1.4380211312029726*^-8*I,-0.04524428681258126+6.857975881644455*^-9*I,-0.04524428684395378-7.247160923100001*^-9*I
0.006501409200261103,0.09458358235018766+0.*I,0.09458358238283819+0.*I,0.09458358218941637+0.*I,-0.047291728674470276-1.523745395074434*^-8*I,-0.04729172848123076+7.182159093720014*^-9*I,-0.04729172851393303-7.598923543249416*^-9*I
0.006553669509438371,0.09885760657429123+0.*I,0.098857606608316+0.*I,0.098857606405257+0.*I,-0.04942873472152391-1.6145771782092845*^-8*I,-0.04942873451867691+7.52015498676161*^-9*I,-0.04942873455275924-7.966426732729818*^-9*I
0.006606349902912931,0.10331819948243275+0.*I,0.10331819951788283+0.*I,0.10331819930468711+0.*I,-0.05165902452667917-1.710819396396874*^-8*I,-0.051659024313728964+7.872433986171405*^-9*I,-0.05165902434924308-8.350273299249393*^-9*I
0.006659453757450432,0.10797308325559153+0.*I,0.10797308329251938+0.*I,0.10797308306865988+0.*I,-0.05398645912472943-1.8127927311738057*^-8*I,-0.053986458901153236+8.23947260321682*^-9*I,-0.05398645893815225-8.751081013668342*^-9*I
0.006712984476959997,0.11283027248941198+0.*I,0.11283027252787134+0.*I,0.11283027229279192+0.*I,-0.056415045752547736-1.9208366503129117*^-8*I,-0.05641504551779416+8.621752490003794*^-9*I,-0.056415045556332595-9.169482244344473*^-9*I
0.006766945492712402,0.11789808348629693+0.*I,0.1178980835263429+0.*I,0.11789808327945654+0.*I,-0.058948942494645024-2.0353104823026873*^-8*I,-0.058948942248132345+9.019759378863148*^-9*I,-0.05894894228826614-9.606123502367942*^-9*I
0.006821340263560031,0.12318514372121102+0.*I,0.12318514376289993+0.*I,0.12318514350358693+0.*I,-0.061592463015538564-2.1565945522593545*^-8*I,-0.06159246275665296+9.433981878741549*^-9*I,-0.06159246279843937-1.006166488518509*^-8*I
0.006876172276158572,0.12870040147503295+0.*I,0.1287004015184224+0.*I,0.12870040124602838+0.*I,-0.06435008137584629-2.285091378672065*^-8*I,-0.06435008110393997+9.8649101094216*^-9*I,-0.06435008114743762-1.0536779414984972*^-8*I
0.0069314450451905185,0.1344531356283231+0.*I,0.1344531356734719+0.*I,0.13445313538730574+0.*I,-0.06722643692853587-2.4212269354886283*^-8*I,-0.06722643664292502+1.031303419672577*^-8*I,-0.06722643668819384-1.1032152247449917*^-8*I
0.00698716211359045,0.14045296560731865+0.*I,0.14045296565428672+0.*I,0.14045296535361843+0.*I,-0.0702263392912298-2.5654519829189073*^-8*I,-0.07022633899119246+1.0778842576793477*^-8*I,-0.07022633903829362-1.1548479761155197*^-8*I
0.007043327052772131,0.14670986147284562+0.*I,0.14670986152169396+0.*I,0.14670986120575208+0.*I,-0.0733547733899061-2.7182434705668278*^-8*I,-0.0733547730746799+1.1262820105644749*^-8*I,-0.07335477312367578-1.2086468495831922*^-8*I
0.0070999434628574625,0.15323415414163774+0.*I,0.15323415419242842+0.*I,0.1532341538603977+0.*I,-0.07661690456873436-2.8801060158393785*^-8*I,-0.07661690423751405+1.1765445990293879*^-8*I,-0.0766169042884682-1.2646833937288965*^-8*I
0.007157014972907183,0.1600365457282444+0.*I,0.16003654578104032+0.*I,0.16003654543205909+0.*I,-0.08001808376013156-3.051573460716852*^-8*I,-0.0800180834120665+1.2287191461718133*^-8*I,-0.0800180834650435-1.3230299139645694*^-8*I
0.0072145452411535565,0.16712811999437915+0.*I,0.16712812004924407+0.*I,0.16712811968240118+0.*I,-0.08356385270845759-3.23321051258515*^-8*I,-0.08356385234264899+1.2828517248668927*^-8*I,-0.08356385239771441-1.3837593163738904*^-8*I
0.007272537955234825,0.17452035289104098+0.*I,0.17452035294803933+0.*I,0.1745203525623713+0.*I,-0.08725994924000895-3.425614472207375*^-8*I,-0.08725994885550693+1.3389870761302907*^-8*I,-0.08725994891272724-1.446944930201082*^-8*I
0.00733099683243159,0.18222512317722356+0.*I,0.18222512323642037+0.*I,0.18222512283090808+0.*I,-0.09111231257121079-3.6294170522224904*^-8*I,-0.09111231216701138+1.3971683036719533*^-8*I,-0.0911123122264538-1.5126603122516255*^-8*I
0.00738992561990509,0.1902547230973505+0.*I,0.1902547231588112+0.*I,0.19025472273237642+0.*I,-0.09512708864606799-3.845286290223324*^-8*I,-0.09512708822110968+1.4574365342127545*^-8*I,-0.09512708828284208-1.5809790249601416*^-8*I
0.007449328094937379,0.19862186909781113+0.*I,0.19862186916160135+0.*I,0.19862186871310317+0.*I,-0.09931063549305316-4.073928564689387*^-8*I,-0.09931063504621357+1.519830551622481*^-8*I,-0.0993106351103043-1.6519743920198713*^-8*I
0.0075092080651734845,0.207339712561116+0.*I,0.2073397126273015+0.*I,0.20733971215553232+0.*I,-0.10366952859068192-4.316090712022529*^-8*I,-0.10366952812077396+1.584386392797532*^-8*I,-0.10366952818729168-1.725719225236468*^-8*I
0.007569569368865404,0.21642185053417523+0.*I,0.21642185060282157+0.*I,0.21642185010650303+0.*I,-0.10821056623001572-4.572562255264025*^-8*I,-0.10821056573578372+1.651136908793093*^-8*I,-0.10821056580479724-1.8022855253676854*^-8*I
0.007630415875118201,0.2258823364251634+0.*I,0.2258823364963357+0.*I,0.22588233597411417+0.*I,-0.11294077486131329-4.8441777450591514*^-8*I,-0.11294077434142868+1.7201112876933805*^-8*I,-0.11294077441300673-1.8817441472841946*^-8*I
0.00769175148413798,0.235735690641148+0.*I,0.23573569071491082+0.*I,0.2357356901653527+0.*I,-0.11786741441090613-5.1318192214862975*^-8*I,-0.11786741386396306+1.7913345349724827*^-8*I,-0.11786741393817407-1.964164438551107*^-8*I
0.007753580127481881,0.24599691113636316+0.*I,0.24599691121278006+0.*I,0.2459969106343668+0.*I,-0.12299798355322572-5.4364187997317655*^-8*I,-0.12299798297773626+1.8648269097931325*^-8*I,-0.12299798305464807-2.0496138355199473*^-8*I
0.007815905768310134,0.25668148383852935+0.*I,0.25668148391766255+0.*I,0.25668148330878526+0.*I,-0.1283402249216684-5.7589613841838326*^-8*I,-0.12834022431605746+1.9406033138123465*^-8*I,-0.1283402243957371-2.1381574260224806*^-8*I
0.00787873240164,0.2678053929179752+0.*I,0.2678053929998854+0.*I,0.2678053923588391+0.*I,-0.13390213024066-6.100487519685172*^-8*I,-0.13390212960325992+2.0186726296006413*^-8*I,-0.13390212968577322-2.2298574690074715*^-8*I
0.007942064054601973,0.27938513086166644+0.*I,0.27938513094641226+0.*I,0.27938513027138984+0.*I,-0.13969194535995538-6.462096383206953*^-8*I,-0.13969194468900029+2.099037006110083*^-8*I,-0.13969194477441157-2.324772870976843*^-8*I
0.008005904786697793,0.2914377083112262+0.*I,0.29143770839886374+0.*I,0.29143770768794947+0.*I,-0.1457181751706978-6.844948920865074*^-8*I,-0.1457181744643174+2.1816910836918905*^-8*I,-0.14571817455268907-2.4229586151166555*^-8*I
0.008070258690060741,0.30398066362115744+0.*I,0.30398066371173993+0.*I,0.30398066296290255+0.*I,-0.15198958838132193-7.25027113829784*^-8*I,-0.1519895876375351+2.2666211640405464*^-8*I,-0.15198958772892726-2.5244651428507724*^-8*I
0.008135129889717912,0.31703207209017176+0.*I,0.31703207218374896+0.*I,0.31703207139483436+0.*I,-0.1585152221297327-7.679357549098457*^-8*I,-0.15851522134644055+2.3538043084669955*^-8*I,-0.15851522144091046-2.6293376781960773*^-8*I
0.008200522543854612,0.33061055481527596+0.*I,0.3306105549118937+0.*I,0.3306105540806169+0.*I,-0.16530438640656173-8.133574788901095*^-8*I,-0.16530438558154023+2.4432073739886062*^-8*I,-0.16530438567914194-2.737615499671204*^-8*I
0.008266440844080944,0.34473528711477397+0.*I,0.3447352872144732+0.*I,0.34473528633841033+0.*I,-0.17236666826255523-8.614365397844797*^-8*I,-0.17236666739344747+2.534785971543358*^-8*I,-0.17236666749423113-2.849331148784652*^-8*I
0.008332889015700392,0.35942600646265666+0.*I,0.35942600656547313+0.*I,0.35942600564205224+0.*I,-0.17971193577130318-9.123251780428226*^-8*I,-0.17971193485561116+2.6284833501824845*^-8*I,-0.17971193495962245-2.9645095775257872*^-8*I
0.008399871317980784,0.3747030198731635+0.*I,0.37470301997912697+0.*I,0.37470301900561864+0.*I,-0.18735034171667259-9.661840351727863*^-8*I,-0.18735034075174817+2.7242291986716165*^-8*I,-0.1873503408590277-3.0831672247219214*^-8*I
0.008467392044427185,0.3905872106701769+0.*I,0.3905872107793101+0.*I,0.3905872097528174+0.*I,-0.19529232697224325-1.0231825865384621*^-7*I,-0.19529232595527904+2.8219383615039427*^-8*I,-0.19529232606586155-3.205311023911857*^-8*I
0.008535455523057182,0.4071000445721786+0.*I,0.4071000446844965+0.*I,0.40710004360194435+0.*I,-0.20354862353807895-1.0834995947521011*^-7*I,-0.20354862246609814+2.9215094591176813*^-8*I,-0.20354862258001177-3.330937330335288*^-8*I
0.00860406611667832,0.42426357501907164+0.*I,0.4242635751345807+0.*I,0.424263573992704+0.*I,-0.21213025719794756-1.1473235820787083*^-7*I,-0.21213025606779345+3.0228234231121807*^-8*I,-0.2121302561850589-3.460030772180413*^-8*I
0.008673228223167654,0.44210044766275947+0.*I,0.44210044778145613+0.*I,0.44210044657678804+0.*I,-0.22104854975789853-1.214853324588473*^-7*I,-0.22104854856622333+3.1257419139865466*^-8*I,-0.22104854868685286-3.592563010822981*^-8*I
0.008742946275753793,0.4606339039388839+0.*I,0.460633904060754+0.*I,0.4606339027896127+0.*I,-0.23031512082485645-1.2862983671133496*^-7*I,-0.23031511956810913+3.230105647550916*^-8*I,-0.23031511969210575-3.7284914171918385*^-8*I
0.008813224743300908,0.4798877836321273+0.*I,0.47988778375714436+0.*I,0.4798877824156194+0.*I,-0.23994188908138786-1.3618795606464878*^-7*I,-0.23994188775580166+3.335732596797764*^-8*I,-0.23994188788315787-3.867757647543697*^-8*I
0.008884068130595337,0.49988652634285935+0.*I,0.4998865264709836+0.*I,0.49988652505492104+0.*I,-0.24994107301048463-1.4418296215800932*^-7*I,-0.24994107161206358+3.442416086042883*^-8*I,-0.2499410717427602-4.010286119082421*^-8*I
0.008955480978634226,0.5206551717575362+0.*I,0.520655171888713+0.*I,0.5206551703937+0.*I,-0.26032519102151497-1.5263937150184253*^-7*I,-0.2603251895460195+3.5499227501225985*^-8*I,-0.26032518968002466-4.1559823877441294*^-8*I
0.009027467864916618,0.5422193586202783+0.*I,0.5422193587544367+0.*I,0.5422193571757846+0.*I,-0.2711070609260009-1.6158300608214483*^-7*I,-0.27110705936893265+3.6579903732092707*^-8*I,-0.2711070595062-4.304731399415784*^-8*I
0.009100033403736956,0.5646053222975944+0.*I,0.5646053224346457+0.*I,0.5646053207673722+0.*I,-0.28229979870914546-1.7104105642772964*^-7*I,-0.28229979706573116+3.766325585821863*^-8*I,-0.28229979720619897-4.456395643396666*^-8*I
0.009173182246480711,0.5878398908226319+0.*I,0.587839890962467+0.*I,0.5878398892012782+0.*I,-0.29391681654023766-1.8104214711483278*^-7*I,-0.2939168148054122+3.874601420482114*^-8*I,-0.2939168149490013-4.610813166743148*^-8*I
0.00924691908192268,0.6119504792999587+0.*I,0.6119504794424475+0.*I,0.6119504775817167+0.*I,-0.3059718199623694-1.916164047739228*^-7*I,-0.3059718181307576+3.982454720364397*^-8*I,-0.3059718182773698-4.767795470286746*^-8*I
0.009321248636527394,0.6369650825458267+0.*I,0.6369650826908149+0.*I,0.636965080724562+0.*I,-0.318478804198866-2.027955286036922*^-7*I,-0.31847880226476316+4.089483388886574*^-8*I,-0.31847880241427984-4.927125267989155*^-8*I
0.009396175674752205,0.66291226583336+0.*I,0.6629122659806672+0.*I,0.6629122639025363+0.*I,-0.3314520495110759-2.1461286348829287*^-7*I,-0.3314520474684279+4.195243484979938*^-8*I,-0.33145204762070735-5.088554104114938*^-8*I
0.009471704999352603,0.6898211536058796+0.*I,0.6898211537552972+0.*I,0.689821151558532+0.*I,-0.34490611553904216-2.271034756233108*^-7*I,-0.3449061133814234+4.299246136192971*^-8*I,-0.3449061135362994-5.2517998297791506*^-8*I
0.009547841451690058,0.7177214160158081+0.*I,0.7177214161670967+0.*I,0.717721413844515+0.*I,-0.358855834553689-2.403042307794068*^-7*I,-0.35885583227427986+4.400954296518694*^-8*I,-0.35885583243155894-5.4165439187215675*^-8*I
0.00962458991204245,0.7466432531404885+0.*I,0.7466432532933747+0.*I,0.746643250837342+0.*I,-0.37331630354609713-2.542538751422222*^-7*I,-0.3733163011376595+4.499779304161889*^-8*I,-0.3733163012971188-5.5824286329597536*^-8*I
0.00970195529991674,0.7766173767200115+0.*I,0.7766173768741854+0.*I,0.7766173742765852+0.*I,-0.3883028750763153-2.68993118728884*^-7*I,-0.3883028725311671+4.5950772673351726*^-8*I,-0.38830287269255176-5.749054016419971*^-8*I
0.009779942574364459,0.8076749892563982+0.*I,0.80767498941151+0.*I,0.8076749866637138+0.*I,-0.40383114680127535-2.845647213647194*^-7*I,-0.4038311441112634+4.686145241121981*^-8*I,-0.40383114427428374-5.915974728699488*^-8*I
0.009858556734299459,0.8398477603070107+0.*I,0.8398477604626672+0.*I,0.8398477575555022+0.*I,-0.4199169495981342-3.010135811604205*^-7*I,-0.41991694675460534+4.7722172219917186*^-8*I,-0.41991694691893394-6.082696690982704*^-8*I
0.009937802818818401,0.8731677997993991+0.*I,0.8731677999551605+0.*I,0.8731677968788749+0.*I,-0.4365763341965271-3.1838682554530764*^-7*I,-0.43657633119029815+4.8524599220379365*^-8*I,-0.4365763313555667-6.24867355238517*^-8*I
0.01001768590752375,0.9076676281886273+0.*I,0.9076676283440033+0.*I,0.90766762508823+0.*I,-0.45382555623012844-3.3673390456134986*^-7*I,-0.45382555305145383+4.925968337749744*^-8*I,-0.4538255532172499-6.413302983259909*^-8*I
0.010098211120849326,0.9433801432723672+0.*I,0.943380143426812+0.*I,0.9433801399805299+0.*I,-0.47168105961502815-3.5610668668029787*^-7*I,-0.4716810562535662+4.991761107195914*^-8*I,-0.47168105641942937-6.57592274936509*^-8*I
0.010179383620388623,0.9803385834734836+0.*I,0.9803385836263926+0.*I,0.980338579977886+0.*I,-0.4901594581596469-3.765595566230873*^-7*I,-0.49015945460442395+5.048775634598205*^-8*I,-0.4901594547698423-6.735806611067211*^-8*I
0.010261208609225518,1.0185764873940977+0.*I,1.0185764875448022+0.*I,1.0185764836816171+0.*I,-0.5092775153080308-3.9814951545073613*^-7*I,-0.5092775115474036+5.095863009730328*^-8*I,-0.5092775117118097-6.892160012048928*^-8*I
0.010343691332267936,1.0581276494403173+0.*I,1.0581276495880796+0.*I,1.0581276454969784+0.*I,-0.5290521219159656-4.2093628250934195*^-7*I,-0.5290521179375818+5.131782675572732*^-8*I,-0.5290521181003478-7.044115554194058*^-8*I
0.010426837076583938,1.0990260713114222+0.*I,1.09902607145543+0.*I,1.0990260671223424+0.*I,-0.5495002719566379-4.4498239916669696*^-7*I,-0.5495002677473929+5.155196881207322*^-8*I,-0.549500267907827-7.19072828075873*^-8*I
0.01051065117174062,1.1413059091431224+0.*I,1.1413059092824833+0.*I,1.1413059046924554+0.*I,-0.5706390360504758-4.703533340406625*^-7*I,-0.5706390315964702+5.164664899343081*^-8*I,-0.5706390317538107-7.330970723477742*^-8*I
0.010595138990145832,1.1850014160902265+0.*I,1.1850014162239626+0.*I,1.1850014113611023+0.*I,-0.5924855327116622-4.971175896318912*^-7*I,-0.5924855279981537+5.158637001807787*^-8*I,-0.5924855281515646-7.463727755214788*^-8*I
0.010680305947392398,1.2301468801301796+0.*I,1.2301468802572197+0.*I,1.2301468751046398+0.*I,-0.6150568972018494-5.253468099807068*^-7*I,-0.615056892213205+5.135448212191263*^-8*I,-0.6150568923617703-7.58779121409812*^-8*I
0.0107661575026054,1.2767765568663016+0.*I,1.2767765569854754+0.*I,1.2767765515252334+0.*I,-0.6383702478803029-5.551158889792482*^-7*I,-0.6383702425999468+5.093311814653732*^-8*I,-0.6383702427426645-7.701854313739215*^-8*I
0.010852699158791989,1.3249245971064791+0.*I,1.3249245972165093+0.*I,1.3249245914295433+0.*I,-0.6624426499381336-5.865030792182265*^-7*I,-0.662442644348493+5.030312646758843*^-8*I,-0.6624426444842695-7.804505842574986*^-8*I
0.010939936463194173,1.3746249689918133+0.*I,1.3746249690913084+0.*I,1.3746249629573692+0.*I,-0.68729107640366-6.195901005134549*^-7*I,-0.6872910704861084+4.944400145744641*^-8*I,-0.6872910706137514-7.894224132826089*^-8*I
0.011027875007644398,1.4259113744484115+0.*I,1.4259113745358574+0.*I,1.4259113680334388+0.*I,-0.7129323663052685-6.544622485094696*^-7*I,-0.712932360040066+4.8333812065455365*^-8*I,-0.7129323601582779-7.969370851311027*^-8*I
0.011116520428923917,1.4788171597355135+0.*I,1.4788171598092652+0.*I,1.4788171529155283+0.*I,-0.7393831798781353-6.912085016163345*^-7*I,-0.7393831732443664+4.694912790967665*^-8*I,-0.7393831733517376-8.028184539558758*^-8*I
0.011205878409124214,1.5333752198642074+0.*I,1.533375219922479+0.*I,1.533375212613174+0.*I,-0.7666599507017025-7.2992162714385*^-7*I,-0.7666599436772102+4.526494361044397*^-8*I,-0.7666599437722107-8.068773994028136*^-8*I
0.01129595467601112,1.5896178966625956+0.*I,1.5896178967034518+0.*I,1.5896178889528356+0.*I,-0.7947788346555904-7.706982848332565*^-7*I,-0.7947788272169076+4.3254601115421356*^-8*I,-0.7947788272978797-8.089111441258073*^-8*I
0.011386755003391995,1.647576870266948+0.*I,1.647576870288293+0.*I,1.6475768620690414+0.*I,-0.8237556555834666-8.136391278396817*^-7*I,-0.8237556477057445+4.088971038904269*^-8*I,-0.8237556477708939-8.087025514377725*^-8*I
0.011478285211485828,1.707283043822554+0.*I,1.7072830438221207+0.*I,1.7072830351052384+0.*I,-0.8536058475564725-8.588489001794809*^-7*I,-0.8536058392134057+3.814006834073041*^-8*I,-0.8536058392607929-8.060194094890194*^-8*I
0.011570551167296304,1.7687664211840974+0.*I,1.7687664211594374+0.*I,1.7687664119141606+0.*I,-0.8843443936308618-9.064365298168673*^-7*I,-0.8843443847946099+3.4973576479188233*^-8*I,-0.8843443848221407-8.006136980051647*^-8*I
0.01166355878498788,1.8320559774129415+0.*I,1.8320559773614111+0.*I,1.8320559675551087+0.*I,-0.915985760998282-9.565152164777467*^-7*I,-0.9159857516393884+3.135615741520326*^-8*I,-0.9159857516448048-7.922208420715903*^-8*I
0.011757314026264823,1.8971795218778889+0.*I,1.8971795217966383+0.*I,1.8971795113947052+0.*I,-0.9485438324317258-1.0092025134948512*^-6*I,-0.9485438225190326+2.725167066346634*^-8*I,-0.9485438224999017-7.805589548927749*^-8*I
0.011851822900753472,1.9641635537773645+0.*I,1.9641635536633242+0.*I,1.9641635426290718+0.*I,-0.9820318339358612-1.0646204022811663*^-6*I,-0.9820318234364208+2.262182751605201*^-8*I,-0.9820318233901251-7.653280702502106*^-8*I
0.011947091466387323,2.033033109913644+0.*I,2.03303310976351+0.*I,2.0330330980580515+0.*I,-1.016462258516802-1.1228953584398898*^-6*I,-1.0164622473957852+1.7426106187762426*^-8*I,-1.0164622473195108-7.462093705082732*^-8*I
0.0120431258297954,2.1038116045656348+0.*I,2.1038116043758546+0.*I,2.103811591957984+0.*I,-1.0518467859943197-1.184158408325557*^-6*I,-1.051846774214921+1.1621666586203499*^-8*I,-1.0518467741056463-7.228644124411111*^-8*I
0.012139932146693675,2.1765206613239174+0.*I,2.176520661090676+0.*I,2.176520647916742+0.*I,-1.0881961987881152-1.2485451747732131*^-6*I,-1.088196186311454+5.163266520015311*^-9*I,-1.0881961861659375-6.949343479735658*^-8*I
0.012237516622279643,2.2511799367720986+0.*I,2.251179936491301+0.*I,2.251179922515078+0.*I,-1.1255202936199469-1.3161959101875538*^-6*I,-1.1255202804049644-1.996821940881121*^-9*I,-1.1255202802197328-6.620391571323839*^-8*I
0.012335885511630063,2.3278069359212674+0.*I,2.327806935588522+0.*I,2.327806920761072+0.*I,-1.1638277890848-1.3872555161046046*^-6*I,-1.1638277750881554-9.90889334950913*^-9*I,-1.1638277748594892-6.237768843033776*^-8*I
0.01243504512010191,2.406416819330032+0.*I,2.406416818940635+0.*I,2.4064168032101665+0.*I,-1.2031262290571538-1.4618735467984343*^-6*I,-1.2031262142331143-1.862588852873417*^-8*I,-1.2031262139570358-5.7972288939449725*^-8*I
0.012535001803736545,2.4870222018712553+0.*I,2.4870222014201704+0.*I,2.487022184731892+0.*I,-1.2434218819127356-1.5402041958805405*^-6*I,-1.2434218662130656-2.8203470124254005*^-8*I,-1.2434218658853233-5.2942912056437115*^-8*I
0.01263576196966712,2.5696329431384966+0.*I,2.5696329426203373+0.*I,2.5696329249163044+0.*I,-1.284719635562139-1.6224062631280454*^-6*I,-1.2847196189359842-3.8700095636486665*^-8*I,-1.28471961855204-4.724234088119393*^-8*I
0.012737332076529282,2.6542559295204757+0.*I,2.6542559289294867+0.*I,2.654255910148444+0.*I,-1.3270228883103719-1.7086431007366606*^-6*I,-1.3270228707041414-5.017708480026672*^-8*I,-1.3270228702591549-4.082087972132675*^-8*I
0.012839718634875158,2.740894848010682+0.*I,2.740894847340716+0.*I,2.740894827417935+0.*I,-1.3703334355758403-1.7990825352369536*^-6*I,-1.370333416933087-6.269868237117022*^-8*I,-1.3703334164219-3.3626290772188295*^-8*I
0.012942928207590677,2.8295499518619125+0.*I,2.8295499511064133+0.*I,2.829549929973522+0.*I,-1.414651352523676-1.8938967644785983*^-6*I,-1.414651332784972-7.633211414166299*^-8*I,-1.4146513322020937-2.5603735695049535*^-8*I
0.01304696741031625,2.920217818242099+0.*I,2.920217817394076+0.*I,2.9202177949788863+0.*I,-1.459974872691637-1.993262225839568*^-6*I,-1.4599748517944504-9.11476355920359*^-8*I,-1.4599748511340394-1.6695722223978375*^-8*I
0.013151842911870815,3.0128910980984585+0.*I,3.0128910971504665+0.*I,3.012891073376798+0.*I,-1.506300262712249-2.0973594335484476*^-6*I,-1.5063002405908148-1.0721857222902947*^-7*I,-1.5063002398466647-6.842058304317383*^-9*I
0.01325756143467932,3.1075582584920984+0.*I,3.1075582574362146+0.*I,3.1075582322237087+0.*I,-1.5536216932624536-2.206372783046939*^-6*I,-1.553621669847646-1.246213497375936*^-7*I,-1.5536216690131672+4.020187445654407*^-9*I
0.013364129755203605,3.204203317724629+0.*I,3.204203316552427+0.*I,3.204203289816362+0.*I,-1.6019311064018553-2.3204903184845383*^-6*I,-1.6019310816210584-1.4343551356600483*^-7*I,-1.6019310806892617+1.595671589377693*^-8*I
0.01347155470437678,3.302805573642569+0.*I,3.302805572345098+0.*I,3.3028055439961967+0.*I,-1.651218079492871-2.4399034607013636*^-6*I,-1.651218053269848-1.6374373572707596*^-7*I,-1.6512180522333268+2.9036017973386905*^-8*I
0.013579843168041077,3.403339325574263+0.*I,3.4033393241420202+0.*I,3.403339294086256+0.*I,-1.701469685930662-2.5648066930221635*^-6*I,-1.7014696581854254-1.8563180764744313*^-7*I,-1.7014696570363395+4.3329384285122494*^-8*I
0.013689002087389228,3.5057735904278933+0.*I,3.5057735888507997+0.*I,3.5057735569892+0.*I,-1.75267035294781-2.695397200956868*^-6*I,-1.752670323596492-2.091886178591901*^-7*I,-1.7526703223265485+5.891090226818514*^-8*I
0.013799038459409389,3.6100718135581973+0.*I,3.610071811825572+0.*I,3.610071778054017+0.*I,-1.804801716798343-2.831874462215907*^-6*I,-1.804801685753067-2.3450611189076124*^-7*I,-1.8048016843535035+7.585743973700738*^-8*I
0.013909959337333635,3.7161915750935584+0.*I,3.7161915731940915+0.*I,3.716191537403114+0.*I,-1.857842475667924-2.974439784633257*^-6*I,-1.857842442836679-2.616792330895174*^-7*I,-1.857842441298246+9.424861272920167*^-8*I
0.014021771831090078,3.824084292504573+0.*I,3.824084290426301+0.*I,3.824084252500884+0.*I,-1.9117682407019074-3.1232957866001207*^-6*I,-1.9117682059884251-2.9080584333542426*^-7*I,-1.9117682043013693+1.141667366619103*^-7*I
0.014134483107758595,3.933694920289813+0.*I,3.9336949180200906+0.*I,3.9336948778394656+0.*I,-1.9665513855904886-3.278645817727346*^-6*I,-1.9665513488941238-3.219866197176682*^-7*I,-1.9665513470481701+1.3569675891051955*^-7*I
0.014248100392030236,4.04496164775457+0.*I,4.044961645280044+0.*I,4.044961602717491+0.*I,-2.0221608952004195-3.440693314714607*^-6*I,-2.0221608564160363-3.5532492691328713*^-7*I,-2.0221608544003713+1.5892617080418172*^-7*I
0.014362630966670321,4.157815595963655+0.*I,4.157815593270239+0.*I,4.157815548192886+0.*I,-2.078562213795665-3.6096410889207914*^-6*I,-2.0785621728135286-3.9092666154362366*^-7*I,-2.0785621706167863+1.8394489700491953*^-7*I
0.01447808217298526,4.272180515059934+0.*I,4.272180512132781+0.*I,4.272180464401409+0.*I,-2.1357170934449443-3.785690542103453*^-6*I,-2.135717050150623-4.2890006796660066*^-7*I,-2.1357170477608656+2.1084516109955086*^-7*I
0.014594461411293119,4.38797248325608+0.*I,4.387972480079556+0.*I,4.387972429548414+0.*I,-2.193583443272299-3.969040804685857*^-6*I,-2.1935833975465693-4.693555205594477*^-7*I,-2.1935833949512773+2.397213247500056*^-7*I
0.014711776141397978,4.5050996089278375+0.*I,4.505099605485498+0.*I,4.505099552002115+0.*I,-2.252115180267563-4.159887793386488*^-6*I,-2.2521151319863315-5.124052733725487*^-7*I,-2.2521151291723864+2.706696975646604*^-7*I
0.014830033883068095,4.623461737362816+0.*I,4.623461733637378+0.*I,4.623461677042391+0.*I,-2.3112620824368157-4.358423184786713*^-6*I,-2.3112620314710495-5.581631711037294*^-7*I,-2.3112620284247223+3.0378831720478454*^-7*I
0.014949242216517921,4.742950163849068+0.*I,4.742950159822392+0.*I,4.742950099949377+0.*I,-2.3709696451384157-4.564833298516312*^-6*I,-2.3709695913540876-6.067443213595984*^-7*I,-2.370969588061028+3.391766958357497*^-7*I
0.01506940878289398,4.863447354922364+0.*I,4.863447350575427+0.*I,4.863447287250754+0.*I,-2.431178941517929-4.779297888438151*^-6*I,-2.4311788847759774-6.582647242449864*^-7*I,-2.431178881221205+3.769355318949518*^-7*I
0.015190541284764656,4.984826679729508+0.*I,4.984826675042385+0.*I,4.984826608085076+0.*I,-2.491826488024948-5.00198883521089*^-6*I,-2.491826428181257-7.128408563341659*^-7*I,-2.4918264243491532+4.1716638299702917*^-7*I
0.015312647486613937,5.106952153607039+0.*I,5.106952148558882+0.*I,5.1069520777804955+0.*I,-2.5528441160662583-5.2330687394361645*^-6*I,-2.5528440529716554-7.705892078362795*^-7*I,-2.5528440488459574+4.5997129977003263*^-7*I
0.01543573521533909,5.229678196119421+0.*I,5.229678190688447+0.*I,5.229678115892974+0.*I,-2.6141588509226965-5.472689408771304*^-6*I,-2.614158784422974-8.316257683742623*^-7*I,-2.614158779986772+5.054524163468628*^-7*I
0.015559812360752373,5.35284940594804+0.*I,5.352849400111512+0.*I,5.3528493210953005+0.*I,-2.6756927991311996-5.720990236668947*^-6*I,-2.6756927290671597-8.960654590645535*^-7*I,-2.675692724302897+5.537114964312577*^-7*I
0.01568488687608676,5.476300355170821+0.*I,5.476300348905037+0.*I,5.4763002654567465+0.*I,-2.7373630456083586-5.978096471736595*^-6*I,-2.737362971815889-9.640215093462361*^-7*I,-2.737362966705364+6.048494308133431*^-7*I
0.015810966778505738,5.599855405621755+0.*I,5.599855398902043+0.*I,5.599855310802619+0.*I,-2.799081561867128-6.244117370424469*^-6*I,-2.7990814841773037-1.0356047741592829*^-6*I,-2.799081478701676+6.589656864812463*^-7*I
0.015938060149617194,5.723328550168579+0.*I,5.723328542969289+0.*I,5.72332844999198+0.*I,-2.8607551267534563-6.51914423561862*^-6*I,-2.8607550449926786-1.110922989969105*^-6*I,-2.860755039132477+7.161577020359891*^-7*I
0.016066175135991442,5.846523281894703+0.*I,5.846523274189208+0.*I,5.846523176099614+0.*I,-2.9222852612041943-6.803248335176*^-6*I,-2.922285175194363-1.1900799671722716*^-6*I,-2.9222851689295006+7.765202297300003*^-7*I
0.016195319949683422,5.969232494316712+0.*I,5.969232486077414+0.*I,5.969232382633581+0.*I,-2.983568178600932-7.0964787030354704*^-6*I,-2.983568088159659-1.273174716423595*^-6*I,-2.9835680814694507+8.401446204559734*^-7*I
0.016325502868759063,6.091238415910186+0.*I,6.091238407108523+0.*I,6.0912382980610795+0.*I,-3.044494752365835-7.3988598192346294*^-6*I,-3.044494657306702-1.3603005057135257*^-6*I,-3.0444946501698866+9.071180507231288*^-7*I
0.01645673223782592,6.21231258235285+0.*I,6.212312572959311+0.*I,6.212312458051663+0.*I,-3.1049505025144195-7.710389171402741*^-6*I,-3.104950402647278-1.4515438495307732*^-6*I,-3.1049503950420463+9.775226889123768*^-7*I
0.01658901646856804,6.332215850023264+0.*I,6.332215840007414+0.*I,6.332215718975986+0.*I,-3.164815602945524-8.031034697458499*^-6*I,-3.164815498076851-1.5469834242070659*^-6*I,-3.16481548998088+1.0514347997153703*^-6*I
0.01672236404028516,6.450698454414083+0.*I,6.4506984437445904+0.*I,6.450698316319137+0.*I,-3.223964911309912-8.360732113846482*^-6*I,-3.2239648012432163-1.6466889123813578*^-6*I,-3.223964792633706+1.1289237865994221*^-6*I
0.016856783500436203,6.567500117229014+0.*I,6.567500105873684+0.*I,6.567499971777664+0.*I,-3.2822680233547032-8.699382130476063*^-6*I,-3.2822679078909887-1.7507197736928618*^-6*I,-3.2822678987447116+1.2100511702456092*^-6*I
0.016992283465187163,6.682350206030378+0.*I,6.6823501939562+0.*I,6.682350052907227+0.*I,-3.3395893536904677-9.046847559018762*^-6*I,-3.3395892326287613-1.8591239413915156*^-6*I,-3.3395892229221134+1.294869501643265*^-6*I
0.01712887261996347,6.794967950387101+0.*I,6.794967937560303+0.*I,6.794967789270667+0.*I,-3.39578824496996-9.402950319910097*^-6*I,-3.3957881181079026-1.9719364465766007*^-6*I,-3.395788107816964+1.3834212135371099*^-6*I
0.017266559720006545,6.905062718538477+0.*I,6.905062704924586+0.*I,6.905062549101873+0.*I,-3.4507191075009-9.767468357731658*^-6*I,-3.4507189746354077-2.0891779700118104*^-6*I,-3.4507189637360107+1.4757374059798024*^-6*I
0.01740535359093518,7.012334358635985+0.*I,7.012334344199904+0.*I,7.0123341805476995+0.*I,-3.5042315913392854-0.000010140132470783056*I,-3.504231452267284-2.2108533247963066*^-6*I,-3.5042314407350905+1.5718365701078072*^-6*I
0.017545263129311168,7.116473608648403+0.*I,7.116473593354494+0.*I,7.116473421573183+0.*I,-3.5561707929217183-0.000010520623071440082*I,-3.556170647440954-2.3369498684716636*^-6*I,-3.556170635251541+1.6717232538779124*^-6*I
0.017686297303209555,7.217162579015005+0.*I,7.217162562827191+0.*I,7.217162382614871+0.*I,-3.6063774982954673-0.000010908566887921385*I,-3.6063773462053987-2.46743585466594*^-6*I,-3.606377333334354+1.7753866658793085*^-6*I
0.01782846515279358,7.314075312102099+0.*I,7.314075294983969+0.*I,7.314075106037471+0.*I,-3.654688464990505-0.000011303533623406598*I,-3.6546883060932824-2.6022587224660134*^-6*I,-3.6546882925163064+1.882799227820197*^-6*I
0.01797177579089395,7.4068784224574085+0.*I,7.406878404372346+0.*I,7.4068782063883765+0.*I,-3.7009367445476085-0.0000117050325943248*I,-3.700936578649134-2.7413433334289124*^-6*I,-3.7009365643421583+1.9939150758396488*^-6*I
0.018116238403593214,7.495231821762766+0.*I,7.495231802674087+0.*I,7.495231595350493+0.*I,-3.744952047669537-0.00001211250936468734*I,-3.7449518745806216-2.8845901602793042*^-6*I,-3.7449518595199325+2.1086685176631724*^-6*I
0.018261862250814345,7.5787895322517285+0.*I,7.578789512122836+0.*I,7.57878929516001+0.*I,-3.786561153895214-0.00001252534240318451*I,-3.7865609734328283-3.0318734370618544*^-6*I,-3.7865609575952024+2.226972452506094*^-6*I
0.018408656666914457,7.657200592186279+0.*I,7.657200570980835+0.*I,7.65720034408325+0.*I,-3.8255883676101305-0.000012942839791273869*I,-3.825588179598743-3.1830392826490473*^-6*I,-3.825588162961597+2.3487167592944545*^-6*I
0.018556631061283062,7.7301100567671845+0.*I,7.7301100344492975+0.*I,7.730109797327204+0.*I,-3.861856022095648-0.000013364236010277683*I,-3.8618558263686724-3.3379038022497755*^-6*I,-3.86185580891022+2.4737666644082183*^-6*I
0.018705794918945192,7.797160097586533+0.*I,7.797160074120964+0.*I,7.797159826492218+0.*I,-3.8951850331857885-0.000013788688842268595*I,-3.8951848295871194-3.4962511881194577*^-6*I,-3.8951848112865437+2.6019611011808615*^-6*I
0.01885615780116948,7.8579912034121975+0.*I,7.8579911787645855+0.*I,7.857990920356655+0.*I,-3.9253955039392285-0.000014215276422910271*I,-3.925395292324885-3.6578318273888846*^-6*I,-3.9253952731625192+2.733111067448115*^-6*I
0.019007729346080814,7.912243484719935+0.*I,7.91224345885704+0.*I,7.912243189409163+0.*I,-3.952307381545291-0.000014642994488681328*I,-3.9523071617851517-3.822360439295058*^-6*I,-3.9523071417426756+2.866998001673819*^-6*I
0.019160519269278423,7.959558083956516+0.*I,7.9595580568464825+0.*I,7.959557776111994+0.*I,-3.975741167464157-0.00001507075386114678*I,-3.9757409394437966-3.989514256606894*^-6*I,-3.975740918504442+3.0033721884488553*^-6*I
0.019314537364458352,7.999578693021478+0.*I,7.999578664634118+0.*I,7.999578372382954+0.*I,-3.995518681550644-0.000015497378218816655*I,-3.995518445173266-4.15893127396041*^-6*I,-3.995518423322032+3.1419512135681314*^-6*I
0.019469793504041415,8.03195317889528+0.*I,8.03195314920238+0.*I,8.031952845223742+0.*I,-4.011463880627369-0.000015921602212623107*I,-4.011463635815825-4.33020858722096*^-6*I,-4.0114636130397106+3.2824184852004776*^-6*I
0.019626297639806018,8.05633531771174+0.*I,8.05633528668738+0.*I,8.05633497079259+0.*I,-4.023403731653829-0.000016342069980945416*I,-4.023403478352734-4.502900846376617*^-6*I,-4.023403454640974+3.4244218458485353*^-6*I
0.01978405980352585,8.072386636872276+0.*I,8.07238660449318+0.*I,8.072386276518694+0.*I,-4.0311691392826585-0.00001675733412501377*I,-4.031168877460579-4.6765188553890045*^-6*I,-4.031168852804895+3.5675722962599525*^-6*I
0.019943090107613217,8.079778364024918+0.*I,8.079778330270823+0.*I,8.07977799008142+0.*I,-4.034595927200999-0.000017165855217480325*I,-4.0345956568527175-4.850528344749266*^-6*I,-4.034595631247578+3.7114428560823568*^-6*I
0.020103398745766925,8.078193480880186+0.*I,8.078193445734218+0.*I,8.078193093226364+0.*I,-4.033525872222578-0.000017566001907920274*I,-4.03352559337142-5.024348951599296*^-6*I,-4.033525566814307+3.85556759392113*^-6*I
0.02026499599362599,8.067328878907928+0.*I,8.067328842357012+0.*I,8.067328477462379+0.*I,-4.027807789624022-0.000017956051707570455*I,-4.027807502324238-5.197353445919264*^-6*I,-4.027807474815919+3.999440849849546*^-6*I
0.020427892209428013,8.046897612952115+0.*I,8.046897574987405+0.*I,8.046897197676536+0.*I,-4.017298667706278-0.000018334192530078205*I,-4.0172983720454605-5.368867235922694*^-6*I,-4.017298343590271+4.142516688987533*^-6*I
0.020592097834673317,8.01663124771452+0.*I,8.01663120833183+0.*I,8.016630818617953+0.*I,-4.001864849008483-0.0000186985250728738*I,-4.001864545110009-5.538168199782574*^-6*I,-4.001864515716136+4.284208617961956*^-6*I
0.020757623394794266,7.976282290893253+0.*I,7.97628225009352+0.*I,7.976281848036487+0.*I,-3.981383255007515-0.000019047066127565293*I,-3.981382943032991-5.704486884508589*^-6*I,-3.981382912712757+4.4238896017388685*^-6*I
0.020924479499829698,7.925626705519647+0.*I,7.925626663309401+0.*I,7.925626249019726+0.*I,-3.955742650501909-0.000019377752909751215*I,-3.9557423306536004-5.867007117071092*^-6*I,-3.9557422994237488+4.560892419710817*^-6*I
0.02109267684510535,7.864466492718448+0.*I,7.864466449110289+0.*I,7.864466022753278+0.*I,-3.924844943204931-0.000019688448502784772*I,-3.9248446157281545-6.024867078957707*^-6*I,-3.9248445836101333+4.69451040300881*^-6*I
0.02126222621191909,7.7926323347261155+0.*I,7.7926322897392035+0.*I,7.792631851539141+0.*I,-3.8886065133601497-0.000019976948517121952*I,-3.888606178545598-6.177160895265707*^-6*I,-3.8886061455658334+4.823998595665447*^-6*I
0.021433138468232266,7.709986286542456+0.*I,7.709986240203009+0.*I,7.709985790447366+0.*I,-3.8469595674450447-0.000020240989050646392*I,-3.846959225631011-6.322940785769886*^-6*I,-3.8469591918211776+4.948575385451366*^-6*I
0.02160542456936618,7.616424503070087+0.*I,7.616424455411871+0.*I,7.61642399445551+0.*I,-3.799853509248005-0.00002047825607124987*I,-3.7998531608224866-6.46121984334153*^-6*I,-3.7998531262197597+5.0674246482650565*^-6*I
0.021779095558704265,7.5118799870184105+0.*I,7.511879938083233+0.*I,7.51187946635256+0.*I,-3.7472563207935705-0.000020686396297699563*I,-3.747255966196209-6.590975480537639*^-6*I,-3.7472559308435045+5.1796984585510126*^-6*I
0.02195416256840019,7.396325341224378+0.*I,7.396325291062564+0.*I,7.396324809059578+0.*I,-3.689155944755061-0.000020863029698383814*I,-3.6891555844788737-6.711153615607683*^-6*I,-3.6891555484250604+5.284520409523267*^-6*I
0.022130636820091094,7.269775507381233+0.*I,7.269775456052095+0.*I,7.269774964358292+0.*I,-3.625561659137785-0.00002100576369061669*I,-3.6255612937306583-6.820673646588594*^-6*I,-3.6255612570307525+5.3809895938619234*^-6*I
0.022308529625617215,7.132290471477864+0.*I,7.132290419050141+0.*I,7.1322899183301915+0.*I,-3.5565054341445173-0.000021112209144441122*I,-3.5565050642104032-6.918434270197984*^-6*I,-3.5565050269257266+5.468185296294235*^-6*I
0.02248785238774672,6.983977914553739+0.*I,6.983977861106006+0.*I,6.983977352111171+0.*I,-3.4820432602569524-0.000021179998274000588*I,-3.4820428864567328-7.003320206499731*^-6*I,-3.4820428486550346+5.545172444164025*^-6*I
0.02266861660090672,6.824995785677124+0.*I,6.824995731298173+0.*I,6.824995214869336+0.*I,-3.402256435687337-0.000021206804499396063*I,-3.4022560587392876-7.074209879332385*^-6*I,-3.402256020494828+5.611007860545065*^-6*I
0.02285083385192007,6.655554772380214+0.*I,6.655554717169371+0.*I,6.655554194239659+0.*I,-3.317252800484878-0.000021190364356049315*I,-3.317252421164694-7.129984106346177*^-6*I,-3.3172523825582734+5.664747373766728*^-6*I
0.023034515820747933,6.475920642149877+0.*I,6.475920586217271+0.*I,6.475920057814119+0.*I,-3.227167903730026-0.000021128501513396446*I,-3.2271675228703343-7.169535845024661*^-6*I,-3.2271674839892706+5.7054538146563635*^-6*I
0.02321967428123874,6.286416426998992+0.*I,6.286416370465754+0.*I,6.286415837712352+0.*I,-3.132166089427544-0.000021019152950142406*I,-3.132165707916851-7.191781041754067*^-6*I,-3.132165668854896+5.732205950736296*^-6*I
0.0234063211018825,6.087424421657356+0.*I,6.0874243646557264+0.*I,6.087423828771717+0.*I,-3.0324414859299536-0.000020860397330668394*I,-3.0324411047109683-7.195670617176352*^-6*I,-3.03244106556815+5.744108385380382*^-6*I
0.02359446824657194,5.879387964541881+0.*I,5.879387907215235+0.*I,5.879387369516556+0.*I,-2.9282188829964317-0.000020650485589621322*I,-2.9282185030636834-7.180203626230799*^-6*I,-2.928218463946077+5.740302449992893*^-6*I
0.023784127775369104,5.6628129694307185+0.*I,5.662812911933462+0.*I,5.6628123738311995+0.*I,-2.8197544799375174-0.000020387873728688344*I,-2.819754102334218-7.1444416062824526*^-6*I,-2.819754063353627+5.719978116253815*^-6*I
0.023975311845278516,5.43826917469378+0.*I,5.438269117191142+0.*I,5.438268580189261+0.*I,-2.7073364877232273-0.000020071257799886898*I,-2.7073361135373037-7.087524132240215*^-6*I,-2.707336074810854+5.682386936196938*^-6*I
0.024168032711026438,5.206391076064268+0.*I,5.206391018731931+0.*I,5.206390484423737+0.*I,-2.5912855674624433-0.00001969961101760012*I,-2.591285197821671-7.008685578877675*^-6*I,-2.591285159471301+5.626856015800786*^-6*I
0.02436230272584625,4.967878508298954+0.*I,4.967878451322535+0.*I,4.9678779213857185+0.*I,-2.4719550873090337-0.000019272222920261773*I,-2.471954723375204-6.9072730755255295*^-6*I,-2.4719546855270513+5.552803016670191*^-6*I
0.024558134342270544,4.723496840706185+0.*I,4.723496784280532+0.*I,4.723496260470619+0.*I,-2.349731179634372-0.000018788740462673514*I,-2.349730822596436-6.7827656284782135*^-6*I,-2.3497307853801046+5.459752160291096*^-6*I
0.024755540112929065,4.474076751458378+0.*I,4.474076695786675+0.*I,4.47407617992873+0.*I,-2.2250325802470936-0.000018249210891259392*I,-2.2250322313132087-6.634794365606957*^-6*I,-2.2250321948609177+5.347351209739204*^-6*I
0.02495453269135344,4.220513545881006+0.*I,4.22051349117365+0.*I,4.220512985152047+0.*I,-2.0983102315555024-0.000017654126202356515*I,-2.098309891943936-6.463163838896317*^-6*I,-2.0983098563895366+5.215389367888187*^-6*I
0.025155124832788252,3.9637659845680906+0.*I,3.9637659310413387+0.*I,3.9637654367874147+0.*I,-1.970046631880143-0.000017004468949423234*I,-1.9700463028089683-6.267874303318798*^-6*I,-1.9700462682868298+5.063816034560683*^-6*I
0.02535732939500862,3.7048545882466106+0.*I,3.7048545361209597+0.*I,3.704854055598365+0.*I,-1.8407549136507664-0.000016301759115603475*I,-1.8407545963263159-6.049144862506152*^-6*I,-1.8407545629700661+4.892760329902124*^-6*I
0.02556115933914441,3.4448593878397396+0.*I,3.444859337338025+0.*I,3.4448588725255833+0.*I,-1.71097763398533-0.000015548101715418058*I,-1.7109773295893622-5.807437350107087*^-6*I,-1.710977297530487+4.702551277062936*^-6*I
0.025766627730510895,3.1849170901974175+0.*I,3.184917041542607+0.*I,3.184916594414487+0.*I,-1.581285262168442-0.000014746234735679664*I,-1.581284971843998-5.543480788915142*^-6*I,-1.5812849412102923+4.4937385151530605*^-6*I
0.025973747739446492,2.9262176325059293+0.*I,2.926217585918591+0.*I,2.9262171584215952+0.*I,-1.4522743498415294-0.00001389957697135802*I,-1.4522740746774658-5.25829623797707*^-6*I,-1.4522740455913334+4.267113386560054*^-6*I
0.02618253264215671,2.6700001014927466+0.*I,2.6700000571881626+0.*I,2.669999651215956+0.*I,-1.3245653713074093-0.000013012275249282913*I,-1.3245651123216073-4.953221812234188*^-6*I,-1.3245650848982107+4.023730219471109*^-6*I
0.02639299582156527,2.417547997231595+0.*I,2.417547955416514+0.*I,2.4175475727805895+0.*I,-1.19880022325152-0.000012089250473755659*I,-1.1987999813727865-4.629937622323679*^-6*I,-1.1987999557180502+3.7649275940206956*^-6*I
0.026605150768171913,2.170183825659483+0.*I,2.1701837865284737+0.*I,2.1701834289257+0.*I,-1.07563937541011-0.000011136241863572569*I,-1.0756391514588093-4.2904903510199155*^-6*I,-1.0756391276672763+3.492349360174865*^-6*I
0.02681901108091713,1.929263008856437+0.*I,1.929262972587839+0.*I,1.9292626415644099+0.*I,-0.9557586662818027-0.000010159848683476162*I,-0.9557584609492766-3.937317151079916*^-6*I,-0.955758439101827+3.2079651386707235*^-6*I
0.027034590468053846,1.6961671077285099+0.*I,1.6961670744799535+0.*I,1.696166771391608+0.*I,-0.8398457408950073-9.167568714174216*^-6*I,-0.83984555472186-3.5732685055119354*^-6*I,-0.8398455348832994+2.9140900102529695*^-6*I
0.027251902748026094,1.472296357982272+0.*I,1.4722963278857621+0.*I,1.4722960538541343+0.*I,-0.7285961309157792-8.167832634221094*^-6*I,-0.7285959642691408-3.2016296659229812*^-6*I,-0.7285959464856713+2.6134030650564978*^-6*I
0.02747096185035478,1.2590615271844938+0.*I,1.259061500341038+0.*I,1.2590612562060497+0.*I,-0.622708981011677-7.170033430495181*^-6*I,-0.6227088340615777-2.8261402418003607*^-6*I,-0.6227088183581649+2.308964457905039*^-6*I
0.027691781816530547,1.0578751082552595+0.*I,1.0578750847290364+0.*I,1.0578748709972539+0.*I,-0.5228824293751022-6.1845498908489356*^-6*I,-0.5228823020701249-2.451011480698278*^-6*I,-0.5228822884477804+2.0042305792421624*^-6*I
0.02791437680091381,0.8701418729266377+0.*I,0.8701418527387019+0.*I,0.8701416695276251+0.*I,-0.4298086546473261-5.222763180253076*^-6*I,-0.42980854668973845-2.080940747664225*^-6*I,-0.4298085351227397+1.7030669283606992*^-6*I
0.028138761071642055,0.6972488174817936+0.*I,0.6972488006033143+0.*I,0.6972486475816105+0.*I,-0.3441686061590498-4.29706545097328*^-6*I,-0.34416851697964895-1.7211226778296924*^-6*I,-0.3441685074127219+1.4097582445008885*^-6*I
0.028364949011544408,0.5405545424274008+0.*I,0.5405545287724434+0.*I,0.5405544050961796+0.*I,-0.26662643939526126-3.420859395002302*^-6*I,-0.26662636812820584-1.3772564499266964*^-6*I,-0.2666263604737015+1.1290154278126985*^-6*I
0.02859295511906356,0.401378117588484+0.*I,0.40137810700634613+0.*I,0.40137801125133304+0.*I,-0.19782368387475463-2.60854761674082*^-6*I,-0.19782362933269318-1.0555486025729774*^-6*I,-0.19782362346779234+8.65978760168679*^-7*I
0.028822794009185103,0.2809874943777656+0.*I,0.2809874866448867+0.*I,0.28098741673531313+0.*I,-0.13837317617353856-1.875510678768241*^-6*I,-0.13837313682338528-7.627107947430552*^-7*I,-0.13837313258737038+6.262169189607553*^-7*I
0.029054480414374338,0.18058753759380677+0.*I,0.18058753240527953+0.*I,0.18058748553888032+0.*I,-0.08885279657364081-1.23807266841664*^-6*I,-0.08885277051338934-5.059518993083906*^-7*I,-0.08885276770502691+4.157212617807802*^-7*I
0.029288029185520613,0.10130775994037956+0.*I,0.10130775690109899+0.*I,0.10130772947118137+0.*I,-0.049799053732989804-7.134531379867416*^-7*I,-0.04979903866999518-2.929638095273382*^-7*I,-0.0497990370450772+2.4089485510602133*^-7*I
0.02952345529288925,0.04418985341295359+0.*I,0.04418985202844995+0.*I,0.044189839543186504+0.*I,-0.021700567787106526-3.1970429642953957*^-7*I,-0.021700561018306225-1.319003405333985*^-7*I,-0.021700560287402932+1.085357179385304*^-7*I
0.02976077382708114,0.010175122629392958+0.*I,0.010175122296405076+0.*I,0.010175119295894734+0.*I,-0.004991508338793647-7.563237524715195*^-8*I,-0.00499150673337544-3.1348617503617526*^-8*I,-0.004991506559856267+2.581376009275045*^-8*I
0.030000000000000013,0.00009193593583284896+0.*I,0.00009193593268968392+0.*I,0.00009193590438816818+0.*I,-0.00004504978740999766-7.021578703596977*^-10*I,-0.000045049772470777504-2.923638637909608*^-10*I,-0.000045049770854627514+2.40910532340814*^-10*I
